L 07/04/2026 - 18:11:05: [navbot_stuck_logger.smx] Bot "[NAV] Bot 4<15><BOT><>" got stuck [1] at <-1731.829467 -737.500671 232.031249> Eye Position <-1731.829467 -737.500671 296.031249> Eye Angles <1.911621 -18.484497 0.000000> Last Known Nav Area ID <75>
L 07/04/2026 - 18:11:06: [navbot_stuck_logger.smx] Bot "[NAV] Bot 4<15><BOT><>" got stuck [2] at <-1710.674560 -815.769226 232.031249> Eye Position <-1710.674560 -815.769226 260.031249> Eye Angles <-0.565795 -13.661499 0.000000> Last Known Nav Area ID <75>
L 07/04/2026 - 18:11:25: [navbot_stuck_logger.smx] Bot "[NAV] Bot 5<12><BOT><>" got stuck [1] at <-2294.968749 734.994201 250.031249> Eye Position <-2294.968749 734.994201 314.031249> Eye Angles <0.000000 -168.986206 0.000000> Last Known Nav Area ID <147>
L 07/04/2026 - 18:11:26: [navbot_stuck_logger.smx] Bot "[NAV] Bot 5<12><BOT><>" got stuck [2] at <-2336.608886 741.081787 250.031249> Eye Position <-2336.608886 741.081787 314.031249> Eye Angles <40.388378 -125.801803 0.000000> Last Known Nav Area ID <147>
L 07/04/2026 - 18:11:27: [navbot_stuck_logger.smx] Bot "[NAV] Bot 5<12><BOT><>" got stuck [3] at <-2314.570312 749.581787 250.031249> Eye Position <-2314.570312 749.581787 314.031249> Eye Angles <0.000000 -154.423828 0.000000> Last Known Nav Area ID <147>
L 07/04/2026 - 18:11:28: [navbot_stuck_logger.smx] Bot "[NAV] Bot 5<12><BOT><>" got stuck [4] at <-2327.156738 741.081787 250.031249> Eye Position <-2327.156738 741.081787 314.031249> Eye Angles <0.000000 -124.637252 0.000000> Last Known Nav Area ID <147>
L 07/04/2026 - 18:11:29: [navbot_stuck_logger.smx] Bot "[NAV] Bot 5<12><BOT><>" got stuck [5] at <-2331.916748 741.031249 250.031249> Eye Position <-2331.916748 741.031249 314.031249> Eye Angles <0.000000 -139.158325 0.000000> Last Known Nav Area ID <147>
L 07/04/2026 - 18:11:31: [navbot_stuck_logger.smx] Bot "[NAV] Bot 8<13><BOT><>" got stuck [1] at <-1453.613037 -461.431152 234.031249> Eye Position <-1453.613037 -461.431152 298.031249> Eye Angles <6.157836 59.672241 0.000000> Last Known Nav Area ID <1029>
L 07/04/2026 - 18:11:32: [navbot_stuck_logger.smx] Bot "[NAV] Bot 8<13><BOT><>" got stuck [2] at <-1451.446289 -452.031249 234.031249> Eye Position <-1451.446289 -452.031249 298.031249> Eye Angles <12.046508 39.396972 0.000000> Last Known Nav Area ID <1029>
L 07/04/2026 - 18:11:33: [navbot_stuck_logger.smx] Bot "[NAV] Bot 8<13><BOT><>" got stuck [3] at <-1453.398193 -459.902343 234.031249> Eye Position <-1453.398193 -459.902343 298.031249> Eye Angles <36.403198 -24.713745 0.000000> Last Known Nav Area ID <1029>
L 07/04/2026 - 18:11:34: [navbot_stuck_logger.smx] Bot "[NAV] Bot 8<13><BOT><>" got stuck [4] at <-1453.403442 -459.939880 234.031249> Eye Position <-1453.403442 -459.939880 298.031249> Eye Angles <39.072875 1.532592 0.000000> Last Known Nav Area ID <1029>
L 07/04/2026 - 18:11:47: [navbot_stuck_logger.smx] Bot "[NAV] Bot 9<17><BOT><>" got stuck [1] at <-3400.482666 2164.468749 155.121093> Eye Position <-3400.482666 2164.468749 219.121093> Eye Angles <0.000000 94.779052 0.000000> Last Known Nav Area ID <1374>
L 07/04/2026 - 18:11:48: [navbot_stuck_logger.smx] Bot "[NAV] Bot 9<17><BOT><>" got stuck [2] at <-3399.345947 2164.468749 182.025177> Eye Position <-3399.345947 2164.468749 210.025177> Eye Angles <11.793823 88.758544 0.000000> Last Known Nav Area ID <1374>
L 07/04/2026 - 18:11:49: [navbot_stuck_logger.smx] Bot "[NAV] Bot 9<17><BOT><>" got stuck [3] at <-3390.377685 2164.468749 154.031249> Eye Position <-3390.377685 2164.468749 218.031249> Eye Angles <11.793823 88.758544 0.000000> Last Known Nav Area ID <1374>
L 07/04/2026 - 18:11:52: [navbot_stuck_logger.smx] Bot "[NAV] Bot 10<16><BOT><>" got stuck [1] at <-2798.718505 830.716308 297.836151> Eye Position <-2798.718505 830.716308 361.836151> Eye Angles <0.000000 8.313794 0.000000> Last Known Nav Area ID <28>
L 07/04/2026 - 18:11:56: [navbot_stuck_logger.smx] Bot "[NAV] Bot 11<19><BOT><>" got stuck [1] at <-1703.081787 -772.031249 236.031249> Eye Position <-1703.081787 -772.031249 300.031249> Eye Angles <43.950805 -105.210571 0.000000> Last Known Nav Area ID <75>
L 07/04/2026 - 18:11:56: [navbot_stuck_logger.smx] Bot "[NAV] Bot 9<17><BOT><>" got stuck [1] at <-3408.187499 2164.468749 154.031265> Eye Position <-3408.187499 2164.468749 218.031265> Eye Angles <0.000000 89.923095 0.000000> Last Known Nav Area ID <1374>
L 07/04/2026 - 18:11:57: [navbot_stuck_logger.smx] Bot "[NAV] Bot 11<19><BOT><>" got stuck [2] at <-1702.445678 -772.031249 236.002243> Eye Position <-1702.445678 -772.031249 264.002258> Eye Angles <-6.926879 -105.062255 0.000000> Last Known Nav Area ID <75>
L 07/04/2026 - 18:11:57: [navbot_stuck_logger.smx] Bot "[NAV] Bot 9<17><BOT><>" got stuck [2] at <-3409.734619 2164.468749 181.609436> Eye Position <-3409.734619 2164.468749 209.609436> Eye Angles <33.228149 140.657958 0.000000> Last Known Nav Area ID <1374>
L 07/04/2026 - 18:11:59: [navbot_stuck_logger.smx] Bot "[NAV] Bot 9<17><BOT><>" got stuck [3] at <-3414.846679 2164.468749 154.031249> Eye Position <-3414.846679 2164.468749 218.031249> Eye Angles <8.390917 128.578491 0.000000> Last Known Nav Area ID <1374>
L 07/04/2026 - 18:12:00: [navbot_stuck_logger.smx] Bot "[NAV] Bot 10<16><BOT><>" got stuck [1] at <-2794.319335 828.346740 297.748504> Eye Position <-2794.319335 828.346740 361.748504> Eye Angles <0.000000 30.303150 0.000000> Last Known Nav Area ID <267>
L 07/04/2026 - 18:12:01: [navbot_stuck_logger.smx] Bot "[NAV] Bot 10<16><BOT><>" got stuck [2] at <-2805.067382 845.499938 297.750274> Eye Position <-2805.067382 845.499938 325.750274> Eye Angles <-0.867919 -78.008422 0.000000> Last Known Nav Area ID <28>
L 07/04/2026 - 18:12:02: [navbot_stuck_logger.smx] Bot "[NAV] Bot 17<20><BOT><>" got stuck [1] at <-1703.081787 -772.031249 236.031249> Eye Position <-1703.081787 -772.031249 300.031249> Eye Angles <44.318847 -102.172851 0.000000> Last Known Nav Area ID <75>
L 07/04/2026 - 18:12:06: [navbot_stuck_logger.smx] Bot "[NAV] Bot 9<17><BOT><>" got stuck [1] at <-3398.978759 2164.468749 154.786514> Eye Position <-3398.978759 2164.468749 218.786514> Eye Angles <0.000000 91.658935 0.000000> Last Known Nav Area ID <1374>
L 07/04/2026 - 18:12:07: [navbot_stuck_logger.smx] Bot "[NAV] Bot 9<17><BOT><>" got stuck [2] at <-3405.338134 2164.468749 182.014602> Eye Position <-3405.338134 2164.468749 210.014602> Eye Angles <12.398071 91.472167 0.000000> Last Known Nav Area ID <1374>
L 07/04/2026 - 18:12:08: [navbot_stuck_logger.smx] Bot "[NAV] Bot 9<17><BOT><>" got stuck [3] at <-3411.215332 2164.468749 154.031249> Eye Position <-3411.215332 2164.468749 218.031249> Eye Angles <12.398071 91.472167 0.000000> Last Known Nav Area ID <1374>
L 07/04/2026 - 18:12:09: [navbot_stuck_logger.smx] Bot "[NAV] Bot 10<16><BOT><>" got stuck [1] at <-2807.187011 832.638549 297.754638> Eye Position <-2807.187011 832.638549 361.754638> Eye Angles <0.000000 2.178161 0.000000> Last Known Nav Area ID <28>
L 07/04/2026 - 18:12:16: [navbot_stuck_logger.smx] Bot "[NAV] Bot 9<17><BOT><>" got stuck [1] at <-3417.625732 2164.471435 155.976791> Eye Position <-3417.625732 2164.471435 219.976791> Eye Angles <-0.027465 88.341064 0.000000> Last Known Nav Area ID <1374>
L 07/04/2026 - 18:12:17: [navbot_stuck_logger.smx] Bot "[NAV] Bot 9<17><BOT><>" got stuck [2] at <-3418.682617 2164.471435 181.673538> Eye Position <-3418.682617 2164.471435 209.673538> Eye Angles <12.189331 85.523071 0.000000> Last Known Nav Area ID <1374>
L 07/04/2026 - 18:12:17: [navbot_stuck_logger.smx] Bot "[NAV] Bot 10<16><BOT><>" got stuck [1] at <-2796.341552 832.103393 297.754486> Eye Position <-2796.341552 832.103393 361.754486> Eye Angles <0.000000 39.614063 0.000000> Last Known Nav Area ID <267>
L 07/04/2026 - 18:12:18: [navbot_stuck_logger.smx] Bot "[NAV] Bot 7<14><BOT><>" got stuck [1] at <-2443.100097 997.018066 66.025817> Eye Position <-2443.100097 997.018066 94.025817> Eye Angles <0.021972 -92.169799 0.000000> Last Known Nav Area ID <1697>
L 07/04/2026 - 18:12:18: [navbot_stuck_logger.smx] Bot "[NAV] Bot 9<17><BOT><>" got stuck [3] at <-3412.534912 2136.234863 162.375244> Eye Position <-3412.534912 2136.234863 201.765869> Eye Angles <12.189331 85.523071 0.000000> Last Known Nav Area ID <31>
L 07/04/2026 - 18:12:29: [navbot_stuck_logger.smx] Bot "[NAV] Bot 11<19><BOT><>" got stuck [1] at <-450.033264 295.320892 141.418090> Eye Position <-450.033264 295.320892 205.418090> Eye Angles <41.528320 -89.566040 0.000000> Last Known Nav Area ID <1800>
L 07/04/2026 - 18:12:30: [navbot_stuck_logger.smx] Bot "[NAV] Bot 11<19><BOT><>" got stuck [2] at <-449.769989 292.600311 156.743682> Eye Position <-449.769989 292.600311 220.743682> Eye Angles <41.528320 -89.566040 0.000000> Last Known Nav Area ID <1801>
L 07/04/2026 - 18:12:31: [navbot_stuck_logger.smx] Bot "[NAV] Bot 11<19><BOT><>" got stuck [3] at <-439.043182 291.018981 146.330139> Eye Position <-439.043182 291.018981 210.330139> Eye Angles <41.528320 -89.566040 0.000000> Last Known Nav Area ID <1801>
L 07/04/2026 - 18:12:31: [navbot_stuck_logger.smx] Bot "[NAV] Bot 10<16><BOT><>" got stuck [1] at <-2814.334472 918.368469 296.031249> Eye Position <-2814.334472 918.368469 360.031249> Eye Angles <0.000000 171.081741 0.000000> Last Known Nav Area ID <1119>
L 07/04/2026 - 18:12:32: [navbot_stuck_logger.smx] Bot "[NAV] Bot 11<19><BOT><>" got stuck [4] at <-435.214813 289.661956 145.859695> Eye Position <-435.214813 289.661956 209.859695> Eye Angles <52.651977 -73.352844 0.000000> Last Known Nav Area ID <1801>
L 07/04/2026 - 18:12:32: [navbot_stuck_logger.smx] Bot "[NAV] Bot 10<16><BOT><>" got stuck [2] at <-2805.585937 917.889709 296.031249> Eye Position <-2805.585937 917.889709 324.031249> Eye Angles <-1.411743 -165.432128 0.000000> Last Known Nav Area ID <1119>
L 07/04/2026 - 18:12:33: [navbot_stuck_logger.smx] Bot "[NAV] Bot 11<19><BOT><>" got stuck [5] at <-438.687042 273.287322 144.507080> Eye Position <-438.687042 273.287322 208.507080> Eye Angles <48.202514 33.843383 0.000000> Last Known Nav Area ID <1801>
L 07/04/2026 - 18:12:34: [navbot_stuck_logger.smx] Bot "[NAV] Bot 11<19><BOT><>" got stuck [6] at <-440.838592 290.560180 132.047393> Eye Position <-440.838592 290.560180 196.047393> Eye Angles <49.757080 32.266845 0.000000> Last Known Nav Area ID <1801>
L 07/04/2026 - 18:12:35: [navbot_stuck_logger.smx] Bot "[NAV] Bot 11<19><BOT><>" got stuck [7] at <-447.596160 293.240234 121.945182> Eye Position <-447.596160 293.240234 185.945190> Eye Angles <49.757080 32.266845 0.000000> Last Known Nav Area ID <1800>
L 07/04/2026 - 18:12:36: [navbot_stuck_logger.smx] Bot "[NAV] Bot 8<13><BOT><>" got stuck [1] at <-666.943908 -800.541625 398.031249> Eye Position <-666.943908 -800.541625 462.031249> Eye Angles <56.123657 -77.494689 0.000000> Last Known Nav Area ID <912>
L 07/04/2026 - 18:12:36: [navbot_stuck_logger.smx] Bot "[NAV] Bot 11<19><BOT><>" got stuck [8] at <-455.458312 293.013885 142.725845> Eye Position <-455.458312 293.013885 206.725845> Eye Angles <49.757080 32.266845 0.000000> Last Known Nav Area ID <1800>
L 07/04/2026 - 18:12:37: [navbot_stuck_logger.smx] Bot "[NAV] Bot 8<13><BOT><>" got stuck [2] at <-658.685058 -799.858520 398.031249> Eye Position <-658.685058 -799.858520 462.031249> Eye Angles <0.000000 -61.350524 0.000000> Last Known Nav Area ID <912>
L 07/04/2026 - 18:12:37: [navbot_stuck_logger.smx] Bot "[NAV] Bot 11<19><BOT><>" got stuck [9] at <-453.860748 298.242706 152.340332> Eye Position <-453.860748 298.242706 216.340332> Eye Angles <49.757080 32.266845 0.000000> Last Known Nav Area ID <1800>
L 07/04/2026 - 18:12:38: [navbot_stuck_logger.smx] Bot "[NAV] Bot 8<13><BOT><>" got stuck [3] at <-682.406005 -800.541625 398.031249> Eye Position <-682.406005 -800.541625 462.031249> Eye Angles <0.000000 -66.557800 0.000000> Last Known Nav Area ID <907>
L 07/04/2026 - 18:12:38: [navbot_stuck_logger.smx] Bot "[NAV] Bot 11<19><BOT><>" got stuck [10] at <-442.643554 293.987548 133.484619> Eye Position <-442.643554 293.987548 197.484619> Eye Angles <49.757080 32.266845 0.000000> Last Known Nav Area ID <1801>
L 07/04/2026 - 18:12:39: [navbot_stuck_logger.smx] Bot "[NAV] Bot 8<13><BOT><>" got stuck [4] at <-686.062744 -800.541625 398.031249> Eye Position <-686.062744 -800.541625 462.031249> Eye Angles <0.000000 -98.764465 0.000000> Last Known Nav Area ID <907>
L 07/04/2026 - 18:12:39: [navbot_stuck_logger.smx] Bot "[NAV] Bot 11<19><BOT><>" got stuck [11] at <-452.273529 298.811157 121.408882> Eye Position <-452.273529 298.811157 185.408874> Eye Angles <79.041137 -179.387405 0.000000> Last Known Nav Area ID <1800>
L 07/04/2026 - 18:12:40: [navbot_stuck_logger.smx] Bot "[NAV] Bot 8<13><BOT><>" got stuck [5] at <-663.623535 -800.541625 398.031249> Eye Position <-663.623535 -800.541625 462.031249> Eye Angles <0.000000 -60.773742 0.000000> Last Known Nav Area ID <912>
L 07/04/2026 - 18:12:40: [navbot_stuck_logger.smx] Bot "[NAV] Bot 11<19><BOT><>" got stuck [12] at <-508.103027 301.858978 82.074645> Eye Position <-508.103027 301.858978 146.074645> Eye Angles <25.111888 -122.294311 0.000000> Last Known Nav Area ID <1795>
L 07/04/2026 - 18:12:40: [navbot_stuck_logger.smx] Bot "[NAV] Bot 10<16><BOT><>" got stuck [1] at <-2855.510253 918.197448 296.031249> Eye Position <-2855.510253 918.197448 360.031249> Eye Angles <8.871459 -52.487182 0.000000> Last Known Nav Area ID <1117>
L 07/04/2026 - 18:12:41: [navbot_stuck_logger.smx] Bot "[NAV] Bot 8<13><BOT><>" got stuck [6] at <-670.775756 -800.541625 398.031249> Eye Position <-670.775756 -800.541625 462.031249> Eye Angles <0.000000 -93.262939 0.000000> Last Known Nav Area ID <912>
L 07/04/2026 - 18:12:41: [navbot_stuck_logger.smx] Bot "[NAV] Bot 10<16><BOT><>" got stuck [2] at <-2836.255371 900.433288 343.628875> Eye Position <-2836.255371 900.433288 371.628875> Eye Angles <13.265991 -40.487243 0.000000> Last Known Nav Area ID <1117>
L 07/04/2026 - 18:12:42: [navbot_stuck_logger.smx] Bot "[NAV] Bot 8<13><BOT><>" got stuck [7] at <-672.924316 -800.541625 398.031249> Eye Position <-672.924316 -800.541625 462.031249> Eye Angles <64.890747 156.579788 0.000000> Last Known Nav Area ID <912>
L 07/04/2026 - 18:12:43: [navbot_stuck_logger.smx] Bot "[NAV] Bot 8<13><BOT><>" got stuck [8] at <-675.781066 -800.541748 398.031249> Eye Position <-675.781066 -800.541748 462.031249> Eye Angles <38.993114 62.328075 0.000000> Last Known Nav Area ID <907>
L 07/04/2026 - 18:12:44: [navbot_stuck_logger.smx] Bot "[NAV] Bot 8<13><BOT><>" got stuck [9] at <-673.741882 -799.527587 398.031249> Eye Position <-673.741882 -799.527587 462.031249> Eye Angles <0.000000 -62.861145 0.000000> Last Known Nav Area ID <906>
L 07/04/2026 - 18:12:45: [navbot_stuck_logger.smx] Bot "[NAV] Bot 9<17><BOT><>" got stuck [1] at <-3575.000488 1172.723754 248.031249> Eye Position <-3575.000488 1172.723754 276.031249> Eye Angles <-51.707153 -90.000000 0.000000> Last Known Nav Area ID <294>
L 07/04/2026 - 18:12:45: [navbot_stuck_logger.smx] Bot "[NAV] Bot 8<13><BOT><>" got stuck [10] at <-677.179077 -800.541625 398.031249> Eye Position <-677.179077 -800.541625 462.031249> Eye Angles <20.203857 -100.541381 0.000000> Last Known Nav Area ID <907>
L 07/04/2026 - 18:12:46: [navbot_stuck_logger.smx] Bot "[NAV] Bot 9<17><BOT><>" got stuck [2] at <-3574.643798 1172.723754 248.031249> Eye Position <-3574.643798 1172.723754 276.031249> Eye Angles <-51.690673 -92.021484 0.000000> Last Known Nav Area ID <294>
L 07/04/2026 - 18:12:46: [navbot_stuck_logger.smx] Bot "[NAV] Bot 8<13><BOT><>" got stuck [11] at <-682.074890 -800.541625 398.031249> Eye Position <-682.074890 -800.541625 462.031249> Eye Angles <20.522460 -91.109619 0.000000> Last Known Nav Area ID <907>
L 07/04/2026 - 18:12:47: [navbot_stuck_logger.smx] Bot "[NAV] Bot 9<17><BOT><>" got stuck [3] at <-3574.873779 1172.723754 248.031249> Eye Position <-3574.873779 1172.723754 276.031249> Eye Angles <-51.707153 -90.719604 0.000000> Last Known Nav Area ID <294>
L 07/04/2026 - 18:12:47: [navbot_stuck_logger.smx] Bot "[NAV] Bot 8<13><BOT><>" got stuck [12] at <-666.179565 -696.518676 398.031249> Eye Position <-666.179565 -696.518676 462.031249> Eye Angles <0.000000 89.783126 0.000000> Last Known Nav Area ID <74>
L 07/04/2026 - 18:12:48: [navbot_stuck_logger.smx] Bot "[NAV] Bot 7<14><BOT><>" got stuck [1] at <-1350.672607 -1455.302734 237.031249> Eye Position <-1350.672607 -1455.302734 301.031249> Eye Angles <0.000000 -88.992126 0.000000> Last Known Nav Area ID <1494>
L 07/04/2026 - 18:12:48: [navbot_stuck_logger.smx] Bot "[NAV] Bot 9<17><BOT><>" got stuck [4] at <-3575.079833 1172.723754 248.031249> Eye Position <-3575.079833 1172.723754 276.031249> Eye Angles <2.466430 -13.178100 0.000000> Last Known Nav Area ID <294>
L 07/04/2026 - 18:12:49: [navbot_stuck_logger.smx] Bot "[NAV] Bot 9<17><BOT><>" got stuck [5] at <-3572.291503 1172.723754 248.031249> Eye Position <-3572.291503 1172.723754 276.031249> Eye Angles <2.719116 -14.754638 0.000000> Last Known Nav Area ID <294>
L 07/04/2026 - 18:12:50: [navbot_stuck_logger.smx] Bot "[NAV] Bot 9<17><BOT><>" got stuck [6] at <-3572.367431 1172.723754 248.031249> Eye Position <-3572.367431 1172.723754 276.031249> Eye Angles <-51.685180 -78.005798 0.000000> Last Known Nav Area ID <294>
L 07/04/2026 - 18:12:51: [navbot_stuck_logger.smx] Bot "[NAV] Bot 9<17><BOT><>" got stuck [7] at <-3572.193603 1172.723754 248.031249> Eye Position <-3572.193603 1172.723754 276.031249> Eye Angles <-35.488464 -105.207931 0.000000> Last Known Nav Area ID <294>
L 07/04/2026 - 18:12:52: [navbot_stuck_logger.smx] Bot "[NAV] Bot 9<17><BOT><>" got stuck [8] at <-3571.622558 1172.723754 248.031249> Eye Position <-3571.622558 1172.723754 276.031249> Eye Angles <-51.663208 -93.235473 0.000000> Last Known Nav Area ID <294>
L 07/04/2026 - 18:12:53: [navbot_stuck_logger.smx] Bot "[NAV] Bot 9<17><BOT><>" got stuck [9] at <-3571.988525 1172.723754 248.031249> Eye Position <-3571.988525 1172.723754 276.031249> Eye Angles <-51.701660 -91.164550 0.000000> Last Known Nav Area ID <294>
L 07/04/2026 - 18:12:54: [navbot_stuck_logger.smx] Bot "[NAV] Bot 9<17><BOT><>" got stuck [10] at <-3572.131591 1172.723754 248.031249> Eye Position <-3572.131591 1172.723754 276.031249> Eye Angles <-51.707153 -90.357055 0.000000> Last Known Nav Area ID <294>
L 07/04/2026 - 18:12:55: [navbot_stuck_logger.smx] Bot "[NAV] Bot 9<17><BOT><>" got stuck [11] at <-3572.191162 1172.723754 248.031249> Eye Position <-3572.191162 1172.723754 276.031249> Eye Angles <-51.707153 -90.016479 0.000000> Last Known Nav Area ID <294>
L 07/04/2026 - 18:12:56: [navbot_stuck_logger.smx] Bot "[NAV] Bot 9<17><BOT><>" got stuck [12] at <-3572.195556 1172.723754 248.031249> Eye Position <-3572.195556 1172.723754 276.031249> Eye Angles <-51.707153 -89.994506 0.000000> Last Known Nav Area ID <294>
L 07/04/2026 - 18:12:57: [navbot_stuck_logger.smx] Bot "[NAV] Bot 9<17><BOT><>" got stuck [13] at <-3571.963378 1172.723754 248.031249> Eye Position <-3571.963378 1172.723754 276.031249> Eye Angles <-51.690673 -92.114868 0.000000> Last Known Nav Area ID <294>
L 07/04/2026 - 18:12:58: [navbot_stuck_logger.smx] Bot "[NAV] Bot 7<14><BOT><>" got stuck [1] at <-1838.103881 -1481.943359 232.031249> Eye Position <-1838.103881 -1481.943359 296.031249> Eye Angles <0.000000 -168.829544 0.000000> Last Known Nav Area ID <1015>
L 07/04/2026 - 18:12:58: [navbot_stuck_logger.smx] Bot "[NAV] Bot 9<17><BOT><>" got stuck [14] at <-3572.202392 1172.723754 248.031249> Eye Position <-3572.202392 1172.723754 276.031249> Eye Angles <-51.707153 -90.758056 0.000000> Last Known Nav Area ID <294>
L 07/04/2026 - 18:12:59: [navbot_stuck_logger.smx] Bot "[NAV] Bot 9<17><BOT><>" got stuck [15] at <-3572.308837 1172.723754 248.031249> Eye Position <-3572.308837 1172.723754 276.031249> Eye Angles <-51.707153 -90.164794 0.000000> Last Known Nav Area ID <294>
L 07/04/2026 - 18:13:00: [navbot_stuck_logger.smx] Bot "[NAV] Bot 9<17><BOT><>" got stuck [16] at <-3572.335449 1172.723754 248.031249> Eye Position <-3572.335449 1172.723754 276.031249> Eye Angles <-51.707153 -90.005493 0.000000> Last Known Nav Area ID <294>
L 07/04/2026 - 18:13:01: [navbot_stuck_logger.smx] Bot "[NAV] Bot 9<17><BOT><>" got stuck [1] at <-3572.335449 1172.723754 248.031249> Eye Position <-3572.335449 1172.723754 276.031249> Eye Angles <-51.707153 -90.005493 0.000000> Last Known Nav Area ID <294>
L 07/04/2026 - 18:13:02: [navbot_stuck_logger.smx] Bot "[NAV] Bot 9<17><BOT><>" got stuck [2] at <-3572.337890 1172.723754 248.031249> Eye Position <-3572.337890 1172.723754 276.031249> Eye Angles <-51.707153 -89.994506 0.000000> Last Known Nav Area ID <294>
L 07/04/2026 - 18:13:03: [navbot_stuck_logger.smx] Bot "[NAV] Bot 9<17><BOT><>" got stuck [3] at <-3572.335449 1172.723754 248.031249> Eye Position <-3572.335449 1172.723754 276.031249> Eye Angles <-51.707153 -90.005493 0.000000> Last Known Nav Area ID <294>
L 07/04/2026 - 18:13:04: [navbot_stuck_logger.smx] Bot "[NAV] Bot 9<17><BOT><>" got stuck [4] at <-3572.011230 1172.723754 248.031249> Eye Position <-3572.011230 1172.723754 276.031249> Eye Angles <-51.679687 -92.686157 0.000000> Last Known Nav Area ID <294>
L 07/04/2026 - 18:13:04: [navbot_stuck_logger.smx] Bot "[NAV] Bot 7<14><BOT><>" got stuck [1] at <-1833.219604 -1466.069702 232.031249> Eye Position <-1833.219604 -1466.069702 296.031249> Eye Angles <31.503295 56.076854 0.000000> Last Known Nav Area ID <1015>
L 07/04/2026 - 18:13:05: [navbot_stuck_logger.smx] Bot "[NAV] Bot 9<17><BOT><>" got stuck [5] at <-3572.314941 1172.723754 248.031249> Eye Position <-3572.314941 1172.723754 276.031249> Eye Angles <-51.701660 -90.966796 0.000000> Last Known Nav Area ID <294>
L 07/04/2026 - 18:13:05: [navbot_stuck_logger.smx] Bot "[NAV] Bot 7<14><BOT><>" got stuck [2] at <-1862.276245 -1456.722045 256.031249> Eye Position <-1862.276245 -1456.722045 284.031249> Eye Angles <12.178344 -14.672241 0.000000> Last Known Nav Area ID <1010>
L 07/04/2026 - 18:13:06: [navbot_stuck_logger.smx] Bot "[NAV] Bot 9<17><BOT><>" got stuck [6] at <-3572.435058 1172.723754 248.031249> Eye Position <-3572.435058 1172.723754 276.031249> Eye Angles <-51.707153 -90.285644 0.000000> Last Known Nav Area ID <294>
L 07/04/2026 - 18:13:07: [navbot_stuck_logger.smx] Bot "[NAV] Bot 9<17><BOT><>" got stuck [7] at <-3572.483886 1172.723754 248.031249> Eye Position <-3572.483886 1172.723754 276.031249> Eye Angles <-51.707153 -90.010986 0.000000> Last Known Nav Area ID <294>
L 07/04/2026 - 18:13:08: [navbot_stuck_logger.smx] Bot "[NAV] Bot 9<17><BOT><>" got stuck [8] at <-3572.487304 1172.723754 248.031249> Eye Position <-3572.487304 1172.723754 276.031249> Eye Angles <-51.707153 -89.994506 0.000000> Last Known Nav Area ID <294>
L 07/04/2026 - 18:13:09: [navbot_stuck_logger.smx] Bot "[NAV] Bot 9<17><BOT><>" got stuck [9] at <-3572.484374 1172.723754 248.031249> Eye Position <-3572.484374 1172.723754 276.031249> Eye Angles <-51.707153 -90.005493 0.000000> Last Known Nav Area ID <294>
L 07/04/2026 - 18:13:10: [navbot_stuck_logger.smx] Bot "[NAV] Bot 9<17><BOT><>" got stuck [10] at <-3572.487304 1172.723754 248.031249> Eye Position <-3572.487304 1172.723754 276.031249> Eye Angles <-51.707153 -89.994506 0.000000> Last Known Nav Area ID <294>
L 07/04/2026 - 18:13:59: [navbot_stuck_logger.smx] Bot "[NAV] Bot 17<20><BOT><>" got stuck [1] at <-1453.704833 -462.084014 234.031249> Eye Position <-1453.704833 -462.084014 298.031249> Eye Angles <-8.327636 85.844314 0.000000> Last Known Nav Area ID <1029>
L 07/04/2026 - 18:14:01: [navbot_stuck_logger.smx] Bot "[NAV] Bot 17<20><BOT><>" got stuck [2] at <-1454.165161 -465.357452 234.031249> Eye Position <-1454.165161 -465.357452 298.031249> Eye Angles <-8.366088 5.570068 0.000000> Last Known Nav Area ID <1029>
L 07/04/2026 - 18:14:02: [navbot_stuck_logger.smx] Bot "[NAV] Bot 17<20><BOT><>" got stuck [3] at <-1453.310546 -459.278747 234.031249> Eye Position <-1453.310546 -459.278747 298.031249> Eye Angles <0.000000 40.619312 0.000000> Last Known Nav Area ID <1029>
L 07/04/2026 - 18:14:03: [navbot_stuck_logger.smx] Bot "[NAV] Bot 17<20><BOT><>" got stuck [4] at <-1454.197753 -465.591705 234.031249> Eye Position <-1454.197753 -465.591705 298.031249> Eye Angles <24.620361 45.826610 0.000000> Last Known Nav Area ID <1029>
L 07/04/2026 - 18:14:04: [navbot_stuck_logger.smx] Bot "[NAV] Bot 17<20><BOT><>" got stuck [5] at <-1452.292114 -452.031249 234.031249> Eye Position <-1452.292114 -452.031249 298.031249> Eye Angles <24.922485 -9.179077 0.000000> Last Known Nav Area ID <1029>
L 07/04/2026 - 18:14:05: [navbot_stuck_logger.smx] Bot "[NAV] Bot 17<20><BOT><>" got stuck [6] at <-1450.866088 -452.031249 234.031249> Eye Position <-1450.866088 -452.031249 298.031249> Eye Angles <1.587524 -49.669189 0.000000> Last Known Nav Area ID <1029>
L 07/04/2026 - 18:14:06: [navbot_stuck_logger.smx] Bot "[NAV] Bot 17<20><BOT><>" got stuck [7] at <-1449.540893 -461.903686 234.031249> Eye Position <-1449.540893 -461.903686 298.031249> Eye Angles <1.862182 -47.026977 0.000000> Last Known Nav Area ID <1029>
L 07/04/2026 - 18:14:07: [navbot_stuck_logger.smx] Bot "[NAV] Bot 17<20><BOT><>" got stuck [8] at <-1449.963012 -464.781402 234.031249> Eye Position <-1449.963012 -464.781402 298.031249> Eye Angles <1.774291 -45.681152 0.000000> Last Known Nav Area ID <1029>
L 07/04/2026 - 18:14:08: [navbot_stuck_logger.smx] Bot "[NAV] Bot 17<20><BOT><>" got stuck [9] at <-1450.334960 -452.031249 234.031249> Eye Position <-1450.334960 -452.031249 298.031249> Eye Angles <1.175537 -45.137329 0.000000> Last Known Nav Area ID <1029>
L 07/04/2026 - 18:14:09: [navbot_stuck_logger.smx] Bot "[NAV] Bot 17<20><BOT><>" got stuck [10] at <-1454.203491 -465.632110 234.031249> Eye Position <-1454.203491 -465.632110 298.031249> Eye Angles <2.971801 98.412887 0.000000> Last Known Nav Area ID <1029>
L 07/04/2026 - 18:14:10: [navbot_stuck_logger.smx] Bot "[NAV] Bot 17<20><BOT><>" got stuck [11] at <-1453.029296 -457.277770 234.031249> Eye Position <-1453.029296 -457.277770 298.031249> Eye Angles <6.663208 89.478149 0.000000> Last Known Nav Area ID <1029>
L 07/04/2026 - 18:14:11: [navbot_stuck_logger.smx] Bot "[NAV] Bot 17<20><BOT><>" got stuck [12] at <-1452.137817 -452.031249 234.031249> Eye Position <-1452.137817 -452.031249 298.031249> Eye Angles <4.729614 66.478271 0.000000> Last Known Nav Area ID <1029>
L 07/04/2026 - 18:14:12: [navbot_stuck_logger.smx] Bot "[NAV] Bot 17<20><BOT><>" got stuck [13] at <-1453.493774 -460.581542 234.031249> Eye Position <-1453.493774 -460.581542 298.031249> Eye Angles <10.041503 60.073242 0.000000> Last Known Nav Area ID <1029>
L 07/04/2026 - 18:14:13: [navbot_stuck_logger.smx] Bot "[NAV] Bot 17<20><BOT><>" got stuck [14] at <-1453.231689 -458.716705 234.031249> Eye Position <-1453.231689 -458.716705 298.031249> Eye Angles <19.973144 2.864575 0.000000> Last Known Nav Area ID <1029>
L 07/04/2026 - 18:14:14: [navbot_stuck_logger.smx] Bot "[NAV] Bot 17<20><BOT><>" got stuck [15] at <-1453.634033 -461.580383 234.031249> Eye Position <-1453.634033 -461.580383 298.031249> Eye Angles <39.083862 6.907544 0.000000> Last Known Nav Area ID <1029>
L 07/04/2026 - 18:14:26: [navbot_stuck_logger.smx] Bot "[NAV] Bot 7<14><BOT><>" got stuck [1] at <-2449.003906 997.006408 66.031249> Eye Position <-2449.003906 997.006408 94.031249> Eye Angles <0.000000 -128.092239 0.000000> Last Known Nav Area ID <1697>
L 07/04/2026 - 18:14:53: [navbot_stuck_logger.smx] Bot "[NAV] Bot 10<16><BOT><>" got stuck [1] at <-904.333068 20.035316 157.607940> Eye Position <-904.333068 20.035316 221.607940> Eye Angles <45.889892 101.700439 0.000000> Last Known Nav Area ID <134>
L 07/04/2026 - 18:14:54: [navbot_stuck_logger.smx] Bot "[NAV] Bot 10<16><BOT><>" got stuck [2] at <-903.242492 19.627239 158.418029> Eye Position <-903.242492 19.627239 222.418029> Eye Angles <45.889892 101.700439 0.000000> Last Known Nav Area ID <134>
L 07/04/2026 - 18:14:55: [navbot_stuck_logger.smx] Bot "[NAV] Bot 10<16><BOT><>" got stuck [3] at <-911.848388 14.496084 132.873275> Eye Position <-911.848388 14.496084 196.873275> Eye Angles <-3.993530 -163.471069 0.000000> Last Known Nav Area ID <134>
L 07/04/2026 - 18:14:56: [navbot_stuck_logger.smx] Bot "[NAV] Bot 10<16><BOT><>" got stuck [4] at <-917.905090 28.025655 140.502990> Eye Position <-917.905090 28.025655 204.502990> Eye Angles <-3.839721 -163.899536 0.000000> Last Known Nav Area ID <134>
L 07/04/2026 - 18:14:57: [navbot_stuck_logger.smx] Bot "[NAV] Bot 10<16><BOT><>" got stuck [5] at <-911.975280 9.230908 148.823699> Eye Position <-911.975280 9.230908 212.823699> Eye Angles <-1.763305 -160.820724 0.000000> Last Known Nav Area ID <134>
L 07/04/2026 - 18:14:58: [navbot_stuck_logger.smx] Bot "[NAV] Bot 10<16><BOT><>" got stuck [6] at <-904.935363 13.493071 155.365905> Eye Position <-904.935363 13.493071 219.365905> Eye Angles <-1.257934 -161.751708 0.000000> Last Known Nav Area ID <134>
L 07/04/2026 - 18:14:59: [navbot_stuck_logger.smx] Bot "[NAV] Bot 10<16><BOT><>" got stuck [7] at <-910.021850 6.137117 152.919998> Eye Position <-910.021850 6.137117 216.919998> Eye Angles <-1.257934 -161.751708 0.000000> Last Known Nav Area ID <134>
L 07/04/2026 - 18:15:00: [navbot_stuck_logger.smx] Bot "[NAV] Bot 10<16><BOT><>" got stuck [8] at <-918.362609 38.984901 154.685272> Eye Position <-918.362609 38.984901 218.685272> Eye Angles <-1.257934 -161.751708 0.000000> Last Known Nav Area ID <134>
L 07/04/2026 - 18:15:01: [navbot_stuck_logger.smx] Bot "[NAV] Bot 10<16><BOT><>" got stuck [9] at <-909.355957 10.693716 153.861404> Eye Position <-909.355957 10.693716 217.861404> Eye Angles <-1.257934 -161.751708 0.000000> Last Known Nav Area ID <134>
L 07/04/2026 - 18:15:02: [navbot_stuck_logger.smx] Bot "[NAV] Bot 10<16><BOT><>" got stuck [10] at <-915.911682 26.476375 153.985290> Eye Position <-915.911682 26.476375 217.985290> Eye Angles <-1.257934 -161.751708 0.000000> Last Known Nav Area ID <134>
L 07/04/2026 - 18:15:03: [navbot_stuck_logger.smx] Bot "[NAV] Bot 10<16><BOT><>" got stuck [11] at <-911.491699 11.019325 153.626571> Eye Position <-911.491699 11.019325 217.626571> Eye Angles <-1.257934 -161.751708 0.000000> Last Known Nav Area ID <134>
L 07/04/2026 - 18:15:17: [navbot_stuck_logger.smx] Bot "[NAV] Bot 14<18><BOT><>" got stuck [1] at <-2334.405517 758.010009 250.031249> Eye Position <-2334.405517 758.010009 314.031249> Eye Angles <6.575317 -77.019653 0.000000> Last Known Nav Area ID <147>
L 07/04/2026 - 18:15:18: [navbot_stuck_logger.smx] Bot "[NAV] Bot 14<18><BOT><>" got stuck [2] at <-2263.906982 713.344909 250.031249> Eye Position <-2263.906982 713.344909 314.031249> Eye Angles <0.000000 -95.597534 0.000000> Last Known Nav Area ID <1755>
L 07/04/2026 - 18:16:13: [navbot_stuck_logger.smx] Bot "[NAV] Bot 8<13><BOT><>" got stuck [1] at <-1423.008544 170.874465 368.031249> Eye Position <-1423.008544 170.874465 432.031249> Eye Angles <40.753784 -170.354003 0.000000> Last Known Nav Area ID <1621>
L 07/04/2026 - 18:16:14: [navbot_stuck_logger.smx] Bot "[NAV] Bot 8<13><BOT><>" got stuck [2] at <-1423.008544 170.874465 368.031249> Eye Position <-1423.008544 170.874465 432.031249> Eye Angles <19.138183 154.530838 0.000000> Last Known Nav Area ID <1621>
L 07/04/2026 - 18:16:14: [navbot_stuck_logger.smx] Bot "[NAV] Bot 10<16><BOT><>" got stuck [1] at <-1423.008544 172.017776 368.031249> Eye Position <-1423.008544 172.017776 432.031249> Eye Angles <19.335937 53.750610 0.000000> Last Known Nav Area ID <1621>
L 07/04/2026 - 18:16:15: [navbot_stuck_logger.smx] Bot "[NAV] Bot 8<13><BOT><>" got stuck [3] at <-1423.008544 170.874465 368.031249> Eye Position <-1423.008544 170.874465 432.031249> Eye Angles <19.138183 54.223022 0.000000> Last Known Nav Area ID <1621>
L 07/04/2026 - 18:16:15: [navbot_stuck_logger.smx] Bot "[NAV] Bot 10<16><BOT><>" got stuck [2] at <-1423.008544 172.017776 368.031249> Eye Position <-1423.008544 172.017776 432.031249> Eye Angles <19.335937 53.750610 0.000000> Last Known Nav Area ID <1621>
L 07/04/2026 - 18:16:16: [navbot_stuck_logger.smx] Bot "[NAV] Bot 8<13><BOT><>" got stuck [4] at <-1423.008544 170.874465 368.031249> Eye Position <-1423.008544 170.874465 432.031249> Eye Angles <19.138183 54.223022 0.000000> Last Known Nav Area ID <1621>
L 07/04/2026 - 18:16:16: [navbot_stuck_logger.smx] Bot "[NAV] Bot 10<16><BOT><>" got stuck [3] at <-1423.008544 172.017776 368.031249> Eye Position <-1423.008544 172.017776 432.031249> Eye Angles <53.344116 133.104858 0.000000> Last Known Nav Area ID <1621>
L 07/04/2026 - 18:16:17: [navbot_stuck_logger.smx] Bot "[NAV] Bot 8<13><BOT><>" got stuck [5] at <-1423.008544 170.874465 368.031249> Eye Position <-1423.008544 170.874465 432.031249> Eye Angles <19.138183 54.223022 0.000000> Last Known Nav Area ID <1621>
L 07/04/2026 - 18:16:17: [navbot_stuck_logger.smx] Bot "[NAV] Bot 10<16><BOT><>" got stuck [4] at <-1423.008544 172.017776 368.031249> Eye Position <-1423.008544 172.017776 432.031249> Eye Angles <53.344116 133.104858 0.000000> Last Known Nav Area ID <1621>
L 07/04/2026 - 18:16:18: [navbot_stuck_logger.smx] Bot "[NAV] Bot 8<13><BOT><>" got stuck [6] at <-1423.008544 170.874465 368.031249> Eye Position <-1423.008544 170.874465 432.031249> Eye Angles <19.138183 54.223022 0.000000> Last Known Nav Area ID <1621>
L 07/04/2026 - 18:16:18: [navbot_stuck_logger.smx] Bot "[NAV] Bot 14<18><BOT><>" got stuck [1] at <-3350.986328 649.457763 300.031249> Eye Position <-3350.986328 649.457763 328.031249> Eye Angles <7.042236 32.162475 0.000000> Last Known Nav Area ID <1595>
L 07/04/2026 - 18:16:18: [navbot_stuck_logger.smx] Bot "[NAV] Bot 10<16><BOT><>" got stuck [5] at <-1423.008544 172.017776 368.031249> Eye Position <-1423.008544 172.017776 432.031249> Eye Angles <53.344116 133.104858 0.000000> Last Known Nav Area ID <1621>
L 07/04/2026 - 18:16:19: [navbot_stuck_logger.smx] Bot "[NAV] Bot 8<13><BOT><>" got stuck [7] at <-1423.008544 170.874465 368.031249> Eye Position <-1423.008544 170.874465 432.031249> Eye Angles <19.138183 54.223022 0.000000> Last Known Nav Area ID <1621>
L 07/04/2026 - 18:16:19: [navbot_stuck_logger.smx] Bot "[NAV] Bot 14<18><BOT><>" got stuck [2] at <-3350.986328 648.007080 300.031249> Eye Position <-3350.986328 648.007080 328.031249> Eye Angles <8.503417 43.071899 0.000000> Last Known Nav Area ID <1595>
L 07/04/2026 - 18:16:19: [navbot_stuck_logger.smx] Bot "[NAV] Bot 10<16><BOT><>" got stuck [6] at <-1423.008544 172.017776 368.031249> Eye Position <-1423.008544 172.017776 432.031249> Eye Angles <53.344116 133.104858 0.000000> Last Known Nav Area ID <1621>
L 07/04/2026 - 18:16:20: [navbot_stuck_logger.smx] Bot "[NAV] Bot 8<13><BOT><>" got stuck [8] at <-1423.008544 170.874465 368.031249> Eye Position <-1423.008544 170.874465 432.031249> Eye Angles <19.138183 54.223022 0.000000> Last Known Nav Area ID <1621>
L 07/04/2026 - 18:16:20: [navbot_stuck_logger.smx] Bot "[NAV] Bot 14<18><BOT><>" got stuck [3] at <-3350.986328 648.838500 300.031249> Eye Position <-3350.986328 648.838500 328.031249> Eye Angles <9.360351 50.339355 0.000000> Last Known Nav Area ID <1595>
L 07/04/2026 - 18:16:21: [navbot_stuck_logger.smx] Bot "[NAV] Bot 10<16><BOT><>" got stuck [7] at <-1423.008544 172.017776 368.031249> Eye Position <-1423.008544 172.017776 432.031249> Eye Angles <53.344116 133.104858 0.000000> Last Known Nav Area ID <1621>
L 07/04/2026 - 18:16:21: [navbot_stuck_logger.smx] Bot "[NAV] Bot 8<13><BOT><>" got stuck [9] at <-1423.008544 170.874465 368.031249> Eye Position <-1423.008544 170.874465 432.031249> Eye Angles <52.261962 131.072387 0.000000> Last Known Nav Area ID <1621>
L 07/04/2026 - 18:16:21: [navbot_stuck_logger.smx] Bot "[NAV] Bot 14<18><BOT><>" got stuck [4] at <-3350.986328 651.080383 300.031249> Eye Position <-3350.986328 651.080383 328.031249> Eye Angles <11.211547 79.854125 0.000000> Last Known Nav Area ID <1596>
L 07/04/2026 - 18:16:22: [navbot_stuck_logger.smx] Bot "[NAV] Bot 10<16><BOT><>" got stuck [8] at <-1423.008544 172.017776 368.031249> Eye Position <-1423.008544 172.017776 432.031249> Eye Angles <53.344116 133.104858 0.000000> Last Known Nav Area ID <1621>
L 07/04/2026 - 18:16:22: [navbot_stuck_logger.smx] Bot "[NAV] Bot 8<13><BOT><>" got stuck [10] at <-1423.008544 170.874465 368.031249> Eye Position <-1423.008544 170.874465 432.031249> Eye Angles <52.261962 131.072387 0.000000> Last Known Nav Area ID <1621>
L 07/04/2026 - 18:16:23: [navbot_stuck_logger.smx] Bot "[NAV] Bot 14<18><BOT><>" got stuck [5] at <-3350.986328 648.939025 300.031249> Eye Position <-3350.986328 648.939025 328.031249> Eye Angles <7.305908 34.414672 0.000000> Last Known Nav Area ID <1595>
L 07/04/2026 - 18:16:23: [navbot_stuck_logger.smx] Bot "[NAV] Bot 10<16><BOT><>" got stuck [9] at <-1423.008544 172.017776 368.031249> Eye Position <-1423.008544 172.017776 432.031249> Eye Angles <53.344116 133.104858 0.000000> Last Known Nav Area ID <1621>
L 07/04/2026 - 18:16:23: [navbot_stuck_logger.smx] Bot "[NAV] Bot 8<13><BOT><>" got stuck [11] at <-1423.008544 170.874465 368.031249> Eye Position <-1423.008544 170.874465 432.031249> Eye Angles <52.261962 131.072387 0.000000> Last Known Nav Area ID <1621>
L 07/04/2026 - 18:16:24: [navbot_stuck_logger.smx] Bot "[NAV] Bot 14<18><BOT><>" got stuck [6] at <-3350.986328 648.609680 300.031249> Eye Position <-3350.986328 648.609680 328.031249> Eye Angles <8.860473 46.224975 0.000000> Last Known Nav Area ID <1595>
L 07/04/2026 - 18:16:24: [navbot_stuck_logger.smx] Bot "[NAV] Bot 10<16><BOT><>" got stuck [10] at <-1423.008544 172.017776 368.031249> Eye Position <-1423.008544 172.017776 432.031249> Eye Angles <19.335937 53.750610 0.000000> Last Known Nav Area ID <1621>
L 07/04/2026 - 18:16:24: [navbot_stuck_logger.smx] Bot "[NAV] Bot 8<13><BOT><>" got stuck [12] at <-1423.008544 170.874465 368.031249> Eye Position <-1423.008544 170.874465 432.031249> Eye Angles <52.261962 131.072387 0.000000> Last Known Nav Area ID <1621>
L 07/04/2026 - 18:16:25: [navbot_stuck_logger.smx] Bot "[NAV] Bot 14<18><BOT><>" got stuck [7] at <-3350.986328 650.848571 300.031249> Eye Position <-3350.986328 650.848571 328.031249> Eye Angles <4.960327 63.770141 0.000000> Last Known Nav Area ID <1596>
L 07/04/2026 - 18:16:25: [navbot_stuck_logger.smx] Bot "[NAV] Bot 10<16><BOT><>" got stuck [11] at <-1423.008544 172.017776 368.031249> Eye Position <-1423.008544 172.017776 432.031249> Eye Angles <19.335937 53.750610 0.000000> Last Known Nav Area ID <1621>
L 07/04/2026 - 18:16:25: [navbot_stuck_logger.smx] Bot "[NAV] Bot 8<13><BOT><>" got stuck [13] at <-1423.008544 170.874465 368.031249> Eye Position <-1423.008544 170.874465 432.031249> Eye Angles <52.261962 131.072387 0.000000> Last Known Nav Area ID <1621>
L 07/04/2026 - 18:16:26: [navbot_stuck_logger.smx] Bot "[NAV] Bot 14<18><BOT><>" got stuck [8] at <-3350.986328 652.682739 300.031249> Eye Position <-3350.986328 652.682739 328.031249> Eye Angles <11.178588 79.749755 0.000000> Last Known Nav Area ID <1596>
L 07/04/2026 - 18:16:26: [navbot_stuck_logger.smx] Bot "[NAV] Bot 10<16><BOT><>" got stuck [12] at <-1423.008544 172.017776 368.031249> Eye Position <-1423.008544 172.017776 432.031249> Eye Angles <19.335937 53.750610 0.000000> Last Known Nav Area ID <1621>
L 07/04/2026 - 18:16:26: [navbot_stuck_logger.smx] Bot "[NAV] Bot 8<13><BOT><>" got stuck [14] at <-1423.008544 170.874465 368.031249> Eye Position <-1423.008544 170.874465 432.031249> Eye Angles <19.138183 54.223022 0.000000> Last Known Nav Area ID <1621>
L 07/04/2026 - 18:16:27: [navbot_stuck_logger.smx] Bot "[NAV] Bot 14<18><BOT><>" got stuck [9] at <-3350.986328 651.026489 300.031249> Eye Position <-3350.986328 651.026489 328.031249> Eye Angles <-5.468322 15.444140 0.000000> Last Known Nav Area ID <1596>
L 07/04/2026 - 18:16:27: [navbot_stuck_logger.smx] Bot "[NAV] Bot 10<16><BOT><>" got stuck [13] at <-1423.008544 172.017776 368.031249> Eye Position <-1423.008544 172.017776 432.031249> Eye Angles <19.335937 53.750610 0.000000> Last Known Nav Area ID <1621>
L 07/04/2026 - 18:16:27: [navbot_stuck_logger.smx] Bot "[NAV] Bot 8<13><BOT><>" got stuck [15] at <-1423.008544 170.874465 368.031249> Eye Position <-1423.008544 170.874465 432.031249> Eye Angles <19.138183 54.223022 0.000000> Last Known Nav Area ID <1621>
L 07/04/2026 - 18:16:28: [navbot_stuck_logger.smx] Bot "[NAV] Bot 7<14><BOT><>" got stuck [1] at <-3314.597412 1050.379516 248.031249> Eye Position <-3314.597412 1050.379516 312.031249> Eye Angles <53.854980 179.999999 0.000000> Last Known Nav Area ID <494>
L 07/04/2026 - 18:16:28: [navbot_stuck_logger.smx] Bot "[NAV] Bot 14<18><BOT><>" got stuck [10] at <-3350.986328 651.373840 300.031249> Eye Position <-3350.986328 651.373840 328.031249> Eye Angles <10.376586 88.796997 0.000000> Last Known Nav Area ID <1596>
L 07/04/2026 - 18:16:28: [navbot_stuck_logger.smx] Bot "[NAV] Bot 10<16><BOT><>" got stuck [14] at <-1423.008544 172.017776 368.031249> Eye Position <-1423.008544 172.017776 432.031249> Eye Angles <19.335937 53.750610 0.000000> Last Known Nav Area ID <1621>
L 07/04/2026 - 18:16:28: [navbot_stuck_logger.smx] Bot "[NAV] Bot 8<13><BOT><>" got stuck [16] at <-1423.008544 170.874465 368.031249> Eye Position <-1423.008544 170.874465 432.031249> Eye Angles <19.138183 54.223022 0.000000> Last Known Nav Area ID <1621>
L 07/04/2026 - 18:16:29: [navbot_stuck_logger.smx] Bot "[NAV] Bot 7<14><BOT><>" got stuck [2] at <-3314.597412 1050.379516 248.031249> Eye Position <-3314.597412 1050.379516 312.031249> Eye Angles <53.854980 179.999999 0.000000> Last Known Nav Area ID <494>
L 07/04/2026 - 18:16:29: [navbot_stuck_logger.smx] Bot "[NAV] Bot 14<18><BOT><>" got stuck [11] at <-3350.986328 651.308105 300.031249> Eye Position <-3350.986328 651.308105 328.031249> Eye Angles <0.000000 104.982711 0.000000> Last Known Nav Area ID <1596>
L 07/04/2026 - 18:16:29: [navbot_stuck_logger.smx] Bot "[NAV] Bot 10<16><BOT><>" got stuck [15] at <-1423.008544 172.017776 368.031249> Eye Position <-1423.008544 172.017776 432.031249> Eye Angles <53.344116 133.104858 0.000000> Last Known Nav Area ID <1621>
L 07/04/2026 - 18:16:30: [navbot_stuck_logger.smx] Bot "[NAV] Bot 7<14><BOT><>" got stuck [3] at <-3314.597412 1050.379516 248.031249> Eye Position <-3314.597412 1050.379516 312.031249> Eye Angles <53.854980 179.999999 0.000000> Last Known Nav Area ID <494>
L 07/04/2026 - 18:16:30: [navbot_stuck_logger.smx] Bot "[NAV] Bot 14<18><BOT><>" got stuck [12] at <-3350.986328 649.653991 300.031249> Eye Position <-3350.986328 649.653991 328.031249> Eye Angles <-18.984374 1.005249 0.000000> Last Known Nav Area ID <1595>
L 07/04/2026 - 18:16:30: [navbot_stuck_logger.smx] Bot "[NAV] Bot 10<16><BOT><>" got stuck [16] at <-1423.008544 172.017776 368.031249> Eye Position <-1423.008544 172.017776 432.031249> Eye Angles <53.344116 133.104858 0.000000> Last Known Nav Area ID <1621>
L 07/04/2026 - 18:16:31: [navbot_stuck_logger.smx] Bot "[NAV] Bot 7<14><BOT><>" got stuck [4] at <-3314.597412 1050.379516 248.031249> Eye Position <-3314.597412 1050.379516 312.031249> Eye Angles <53.854980 179.999999 0.000000> Last Known Nav Area ID <494>
L 07/04/2026 - 18:16:31: [navbot_stuck_logger.smx] Bot "[NAV] Bot 14<18><BOT><>" got stuck [13] at <-3350.986328 648.667724 300.031249> Eye Position <-3350.986328 648.667724 328.031249> Eye Angles <0.000000 -109.723312 0.000000> Last Known Nav Area ID <1595>
L 07/04/2026 - 18:16:31: [navbot_stuck_logger.smx] Bot "[NAV] Bot 15<21><BOT><>" got stuck [1] at <-3314.597412 1050.430419 248.031249> Eye Position <-3314.597412 1050.430419 312.031249> Eye Angles <53.854980 -179.934082 0.000000> Last Known Nav Area ID <494>
L 07/04/2026 - 18:16:32: [navbot_stuck_logger.smx] Bot "[NAV] Bot 7<14><BOT><>" got stuck [5] at <-3314.597412 1050.379516 248.031249> Eye Position <-3314.597412 1050.379516 312.031249> Eye Angles <53.854980 179.999999 0.000000> Last Known Nav Area ID <494>
L 07/04/2026 - 18:16:32: [navbot_stuck_logger.smx] Bot "[NAV] Bot 14<18><BOT><>" got stuck [14] at <-3350.986328 649.180419 300.031249> Eye Position <-3350.986328 649.180419 328.031249> Eye Angles <0.000000 -152.303466 0.000000> Last Known Nav Area ID <1595>
L 07/04/2026 - 18:16:33: [navbot_stuck_logger.smx] Bot "[NAV] Bot 15<21><BOT><>" got stuck [2] at <-3314.597412 1050.385498 248.031249> Eye Position <-3314.597412 1050.385498 312.031249> Eye Angles <53.854980 -179.994506 0.000000> Last Known Nav Area ID <494>
L 07/04/2026 - 18:16:33: [navbot_stuck_logger.smx] Bot "[NAV] Bot 5<12><BOT><>" got stuck [1] at <-3346.544921 1087.999999 248.031249> Eye Position <-3346.544921 1087.999999 312.031249> Eye Angles <0.000000 -90.153808 0.000000> Last Known Nav Area ID <1560>
L 07/04/2026 - 18:16:33: [navbot_stuck_logger.smx] Bot "[NAV] Bot 7<14><BOT><>" got stuck [6] at <-3314.597412 1050.379516 248.031249> Eye Position <-3314.597412 1050.379516 312.031249> Eye Angles <53.854980 179.999999 0.000000> Last Known Nav Area ID <494>
L 07/04/2026 - 18:16:33: [navbot_stuck_logger.smx] Bot "[NAV] Bot 14<18><BOT><>" got stuck [15] at <-3350.986328 648.350463 300.031249> Eye Position <-3350.986328 648.350463 328.031249> Eye Angles <-18.956909 21.272167 0.000000> Last Known Nav Area ID <1595>
L 07/04/2026 - 18:16:34: [navbot_stuck_logger.smx] Bot "[NAV] Bot 15<21><BOT><>" got stuck [3] at <-3314.597412 1050.385253 248.031249> Eye Position <-3314.597412 1050.385253 312.031249> Eye Angles <53.854980 -179.994506 0.000000> Last Known Nav Area ID <494>
L 07/04/2026 - 18:16:34: [navbot_stuck_logger.smx] Bot "[NAV] Bot 5<12><BOT><>" got stuck [2] at <-3346.620605 1087.999999 248.031249> Eye Position <-3346.620605 1087.999999 312.031249> Eye Angles <0.000000 -90.016479 0.000000> Last Known Nav Area ID <1560>
L 07/04/2026 - 18:16:34: [navbot_stuck_logger.smx] Bot "[NAV] Bot 7<14><BOT><>" got stuck [7] at <-3314.597412 1050.379516 248.031249> Eye Position <-3314.597412 1050.379516 312.031249> Eye Angles <53.854980 179.999999 0.000000> Last Known Nav Area ID <494>
L 07/04/2026 - 18:16:34: [navbot_stuck_logger.smx] Bot "[NAV] Bot 14<18><BOT><>" got stuck [16] at <-3350.986328 647.625061 300.031249> Eye Position <-3350.986328 647.625061 328.031249> Eye Angles <0.000000 -124.862472 0.000000> Last Known Nav Area ID <1595>
L 07/04/2026 - 18:16:34: [navbot_stuck_logger.smx] Bot "[NAV] Bot 14<18><BOT><>" got stuck [1] at <-3350.986328 647.626525 300.031249> Eye Position <-3350.986328 647.626525 328.031249> Eye Angles <0.000000 -143.742477 0.000000> Last Known Nav Area ID <1595>
L 07/04/2026 - 18:16:35: [navbot_stuck_logger.smx] Bot "[NAV] Bot 15<21><BOT><>" got stuck [4] at <-3314.597412 1050.385375 248.031249> Eye Position <-3314.597412 1050.385375 312.031249> Eye Angles <53.854980 -179.994506 0.000000> Last Known Nav Area ID <494>
L 07/04/2026 - 18:16:35: [navbot_stuck_logger.smx] Bot "[NAV] Bot 5<12><BOT><>" got stuck [3] at <-3346.633544 1087.999999 248.031249> Eye Position <-3346.633544 1087.999999 312.031249> Eye Angles <0.000000 -89.994506 0.000000> Last Known Nav Area ID <1560>
L 07/04/2026 - 18:16:35: [navbot_stuck_logger.smx] Bot "[NAV] Bot 7<14><BOT><>" got stuck [8] at <-3314.597412 1050.379516 248.031249> Eye Position <-3314.597412 1050.379516 312.031249> Eye Angles <53.854980 179.999999 0.000000> Last Known Nav Area ID <494>
L 07/04/2026 - 18:16:35: [navbot_stuck_logger.smx] Bot "[NAV] Bot 14<18><BOT><>" got stuck [2] at <-3350.986328 648.295166 300.031249> Eye Position <-3350.986328 648.295166 328.031249> Eye Angles <-16.185729 -153.536575 0.000000> Last Known Nav Area ID <1595>
L 07/04/2026 - 18:16:36: [navbot_stuck_logger.smx] Bot "[NAV] Bot 8<13><BOT><>" got stuck [1] at <-1423.008544 170.874465 368.031249> Eye Position <-1423.008544 170.874465 432.031249> Eye Angles <19.138183 54.223022 0.000000> Last Known Nav Area ID <1621>
L 07/04/2026 - 18:16:36: [navbot_stuck_logger.smx] Bot "[NAV] Bot 15<21><BOT><>" got stuck [5] at <-3314.597412 1050.384643 248.031249> Eye Position <-3314.597412 1050.384643 312.031249> Eye Angles <53.854980 -179.994506 0.000000> Last Known Nav Area ID <494>
L 07/04/2026 - 18:16:36: [navbot_stuck_logger.smx] Bot "[NAV] Bot 5<12><BOT><>" got stuck [4] at <-3346.644042 1087.999999 248.031249> Eye Position <-3346.644042 1087.999999 312.031249> Eye Angles <0.000000 -89.978027 0.000000> Last Known Nav Area ID <1560>
L 07/04/2026 - 18:16:36: [navbot_stuck_logger.smx] Bot "[NAV] Bot 7<14><BOT><>" got stuck [9] at <-3314.597412 1050.379516 248.031249> Eye Position <-3314.597412 1050.379516 312.031249> Eye Angles <53.854980 179.999999 0.000000> Last Known Nav Area ID <494>
L 07/04/2026 - 18:16:36: [navbot_stuck_logger.smx] Bot "[NAV] Bot 14<18><BOT><>" got stuck [3] at <-3350.986328 650.186584 300.031249> Eye Position <-3350.986328 650.186584 328.031249> Eye Angles <-18.989868 -0.417480 0.000000> Last Known Nav Area ID <1596>
L 07/04/2026 - 18:16:37: [navbot_stuck_logger.smx] Bot "[NAV] Bot 8<13><BOT><>" got stuck [2] at <-1423.008544 170.874465 368.031249> Eye Position <-1423.008544 170.874465 432.031249> Eye Angles <19.138183 54.223022 0.000000> Last Known Nav Area ID <1621>
L 07/04/2026 - 18:16:37: [navbot_stuck_logger.smx] Bot "[NAV] Bot 15<21><BOT><>" got stuck [6] at <-3314.597412 1050.385498 248.031249> Eye Position <-3314.597412 1050.385498 312.031249> Eye Angles <53.854980 -179.994506 0.000000> Last Known Nav Area ID <494>
L 07/04/2026 - 18:16:37: [navbot_stuck_logger.smx] Bot "[NAV] Bot 5<12><BOT><>" got stuck [5] at <-3346.637451 1087.999999 248.031249> Eye Position <-3346.637451 1087.999999 312.031249> Eye Angles <0.000000 -89.983520 0.000000> Last Known Nav Area ID <1560>
L 07/04/2026 - 18:16:37: [navbot_stuck_logger.smx] Bot "[NAV] Bot 10<16><BOT><>" got stuck [1] at <-1423.008544 172.017776 368.031249> Eye Position <-1423.008544 172.017776 432.031249> Eye Angles <19.335937 53.750610 0.000000> Last Known Nav Area ID <1621>
L 07/04/2026 - 18:16:37: [navbot_stuck_logger.smx] Bot "[NAV] Bot 7<14><BOT><>" got stuck [10] at <-3314.597412 1050.379516 248.031249> Eye Position <-3314.597412 1050.379516 312.031249> Eye Angles <53.854980 179.999999 0.000000> Last Known Nav Area ID <494>
L 07/04/2026 - 18:16:37: [navbot_stuck_logger.smx] Bot "[NAV] Bot 14<18><BOT><>" got stuck [4] at <-3350.986328 648.890441 300.031249> Eye Position <-3350.986328 648.890441 328.031249> Eye Angles <0.000000 -152.484741 0.000000> Last Known Nav Area ID <1595>
L 07/04/2026 - 18:16:38: [navbot_stuck_logger.smx] Bot "[NAV] Bot 8<13><BOT><>" got stuck [3] at <-1423.008544 170.874465 368.031249> Eye Position <-1423.008544 170.874465 432.031249> Eye Angles <19.138183 54.223022 0.000000> Last Known Nav Area ID <1621>
L 07/04/2026 - 18:16:38: [navbot_stuck_logger.smx] Bot "[NAV] Bot 15<21><BOT><>" got stuck [7] at <-3314.597412 1050.385253 248.031249> Eye Position <-3314.597412 1050.385253 312.031249> Eye Angles <53.854980 -179.994506 0.000000> Last Known Nav Area ID <494>
L 07/04/2026 - 18:16:38: [navbot_stuck_logger.smx] Bot "[NAV] Bot 5<12><BOT><>" got stuck [6] at <-3346.631591 1087.999999 248.031249> Eye Position <-3346.631591 1087.999999 312.031249> Eye Angles <0.000000 -90.000000 0.000000> Last Known Nav Area ID <1560>
L 07/04/2026 - 18:16:38: [navbot_stuck_logger.smx] Bot "[NAV] Bot 10<16><BOT><>" got stuck [2] at <-1423.008544 172.017776 368.031249> Eye Position <-1423.008544 172.017776 432.031249> Eye Angles <19.335937 53.750610 0.000000> Last Known Nav Area ID <1621>
L 07/04/2026 - 18:16:38: [navbot_stuck_logger.smx] Bot "[NAV] Bot 7<14><BOT><>" got stuck [11] at <-3314.597412 1050.379272 248.031249> Eye Position <-3314.597412 1050.379272 312.031249> Eye Angles <53.854980 179.999999 0.000000> Last Known Nav Area ID <494>
L 07/04/2026 - 18:16:38: [navbot_stuck_logger.smx] Bot "[NAV] Bot 14<18><BOT><>" got stuck [5] at <-3350.986328 648.955566 300.031249> Eye Position <-3350.986328 648.955566 328.031249> Eye Angles <-18.973388 -129.245803 0.000000> Last Known Nav Area ID <1595>
L 07/04/2026 - 18:16:39: [navbot_stuck_logger.smx] Bot "[NAV] Bot 15<21><BOT><>" got stuck [8] at <-3314.597412 1050.384887 248.031249> Eye Position <-3314.597412 1050.384887 312.031249> Eye Angles <53.854980 -179.994506 0.000000> Last Known Nav Area ID <494>
L 07/04/2026 - 18:16:39: [navbot_stuck_logger.smx] Bot "[NAV] Bot 5<12><BOT><>" got stuck [7] at <-3346.631591 1087.999999 248.031249> Eye Position <-3346.631591 1087.999999 312.031249> Eye Angles <0.000000 -90.000000 0.000000> Last Known Nav Area ID <1560>
L 07/04/2026 - 18:16:39: [navbot_stuck_logger.smx] Bot "[NAV] Bot 10<16><BOT><>" got stuck [3] at <-1423.008544 172.017776 368.031249> Eye Position <-1423.008544 172.017776 432.031249> Eye Angles <19.335937 53.750610 0.000000> Last Known Nav Area ID <1621>
L 07/04/2026 - 18:16:39: [navbot_stuck_logger.smx] Bot "[NAV] Bot 7<14><BOT><>" got stuck [12] at <-3314.597412 1050.381225 248.031249> Eye Position <-3314.597412 1050.381225 312.031249> Eye Angles <53.854980 -179.994506 0.000000> Last Known Nav Area ID <494>
L 07/04/2026 - 18:16:39: [navbot_stuck_logger.smx] Bot "[NAV] Bot 14<18><BOT><>" got stuck [6] at <-3350.986328 650.700866 300.031249> Eye Position <-3350.986328 650.700866 328.031249> Eye Angles <-18.984374 -1.565551 0.000000> Last Known Nav Area ID <1596>
L 07/04/2026 - 18:16:40: [navbot_stuck_logger.smx] Bot "[NAV] Bot 15<21><BOT><>" got stuck [9] at <-3314.597412 1050.384033 248.031249> Eye Position <-3314.597412 1050.384033 312.031249> Eye Angles <53.854980 -179.994506 0.000000> Last Known Nav Area ID <494>
L 07/04/2026 - 18:16:40: [navbot_stuck_logger.smx] Bot "[NAV] Bot 5<12><BOT><>" got stuck [8] at <-3346.631591 1087.999999 248.031249> Eye Position <-3346.631591 1087.999999 312.031249> Eye Angles <0.000000 -90.000000 0.000000> Last Known Nav Area ID <1560>
L 07/04/2026 - 18:16:40: [navbot_stuck_logger.smx] Bot "[NAV] Bot 7<14><BOT><>" got stuck [13] at <-3314.597412 1050.379394 248.031249> Eye Position <-3314.597412 1050.379394 312.031249> Eye Angles <53.854980 179.999999 0.000000> Last Known Nav Area ID <494>
L 07/04/2026 - 18:16:40: [navbot_stuck_logger.smx] Bot "[NAV] Bot 14<18><BOT><>" got stuck [7] at <-3350.986328 648.958862 300.031249> Eye Position <-3350.986328 648.958862 328.031249> Eye Angles <0.000000 -152.523193 0.000000> Last Known Nav Area ID <1595>
L 07/04/2026 - 18:16:41: [navbot_stuck_logger.smx] Bot "[NAV] Bot 15<21><BOT><>" got stuck [10] at <-3314.597412 1050.383666 248.031249> Eye Position <-3314.597412 1050.383666 312.031249> Eye Angles <53.854980 -179.994506 0.000000> Last Known Nav Area ID <494>
L 07/04/2026 - 18:16:41: [navbot_stuck_logger.smx] Bot "[NAV] Bot 5<12><BOT><>" got stuck [9] at <-3346.631591 1087.999999 248.031249> Eye Position <-3346.631591 1087.999999 312.031249> Eye Angles <0.000000 -90.000000 0.000000> Last Known Nav Area ID <1560>
L 07/04/2026 - 18:16:41: [navbot_stuck_logger.smx] Bot "[NAV] Bot 7<14><BOT><>" got stuck [14] at <-3314.597412 1050.376708 248.031249> Eye Position <-3314.597412 1050.376708 312.031249> Eye Angles <53.854980 179.999999 0.000000> Last Known Nav Area ID <494>
L 07/04/2026 - 18:16:42: [navbot_stuck_logger.smx] Bot "[NAV] Bot 14<18><BOT><>" got stuck [8] at <-3350.986328 650.400024 300.031249> Eye Position <-3350.986328 650.400024 328.031249> Eye Angles <7.185058 31.657104 0.000000> Last Known Nav Area ID <1596>
L 07/04/2026 - 18:16:42: [navbot_stuck_logger.smx] Bot "[NAV] Bot 15<21><BOT><>" got stuck [11] at <-3314.597412 1050.382690 248.031249> Eye Position <-3314.597412 1050.382690 312.031249> Eye Angles <53.854980 -179.994506 0.000000> Last Known Nav Area ID <494>
L 07/04/2026 - 18:16:42: [navbot_stuck_logger.smx] Bot "[NAV] Bot 5<12><BOT><>" got stuck [10] at <-3346.631591 1087.999999 248.031249> Eye Position <-3346.631591 1087.999999 312.031249> Eye Angles <0.000000 -90.000000 0.000000> Last Known Nav Area ID <1560>
L 07/04/2026 - 18:16:42: [navbot_stuck_logger.smx] Bot "[NAV] Bot 7<14><BOT><>" got stuck [15] at <-3314.597412 1050.377807 248.031249> Eye Position <-3314.597412 1050.377807 312.031249> Eye Angles <53.854980 179.999999 0.000000> Last Known Nav Area ID <494>
L 07/04/2026 - 18:16:43: [navbot_stuck_logger.smx] Bot "[NAV] Bot 14<18><BOT><>" got stuck [9] at <-3350.986328 648.502807 300.031249> Eye Position <-3350.986328 648.502807 328.031249> Eye Angles <6.597290 28.328247 0.000000> Last Known Nav Area ID <1595>
L 07/04/2026 - 18:16:43: [navbot_stuck_logger.smx] Bot "[NAV] Bot 15<21><BOT><>" got stuck [12] at <-3314.597412 1050.382324 248.031249> Eye Position <-3314.597412 1050.382324 312.031249> Eye Angles <53.854980 -179.994506 0.000000> Last Known Nav Area ID <494>
L 07/04/2026 - 18:16:43: [navbot_stuck_logger.smx] Bot "[NAV] Bot 5<12><BOT><>" got stuck [11] at <-3346.631591 1087.999999 248.031249> Eye Position <-3346.631591 1087.999999 312.031249> Eye Angles <0.000000 -90.000000 0.000000> Last Known Nav Area ID <1560>
L 07/04/2026 - 18:16:43: [navbot_stuck_logger.smx] Bot "[NAV] Bot 7<14><BOT><>" got stuck [16] at <-3314.597412 1050.380493 248.031249> Eye Position <-3314.597412 1050.380493 312.031249> Eye Angles <53.854980 179.999999 0.000000> Last Known Nav Area ID <494>
L 07/04/2026 - 18:16:43: [navbot_stuck_logger.smx] Bot "[NAV] Bot 7<14><BOT><>" got stuck [1] at <-3314.597412 1050.379638 248.031249> Eye Position <-3314.597412 1050.379638 312.031249> Eye Angles <53.854980 179.999999 0.000000> Last Known Nav Area ID <494>
L 07/04/2026 - 18:16:44: [navbot_stuck_logger.smx] Bot "[NAV] Bot 14<18><BOT><>" got stuck [10] at <-3350.986328 647.168518 300.031249> Eye Position <-3350.986328 647.168518 328.031249> Eye Angles <8.069458 36.848144 0.000000> Last Known Nav Area ID <1595>
L 07/04/2026 - 18:16:44: [navbot_stuck_logger.smx] Bot "[NAV] Bot 15<21><BOT><>" got stuck [13] at <-3314.597412 1050.382202 248.031249> Eye Position <-3314.597412 1050.382202 312.031249> Eye Angles <53.854980 -179.994506 0.000000> Last Known Nav Area ID <494>
L 07/04/2026 - 18:16:44: [navbot_stuck_logger.smx] Bot "[NAV] Bot 5<12><BOT><>" got stuck [12] at <-3346.631591 1087.999999 248.031249> Eye Position <-3346.631591 1087.999999 312.031249> Eye Angles <0.000000 -90.000000 0.000000> Last Known Nav Area ID <1560>
L 07/04/2026 - 18:16:44: [navbot_stuck_logger.smx] Bot "[NAV] Bot 7<14><BOT><>" got stuck [2] at <-3314.597412 1050.380737 248.031249> Eye Position <-3314.597412 1050.380737 312.031249> Eye Angles <53.854980 179.999999 0.000000> Last Known Nav Area ID <494>
L 07/04/2026 - 18:16:45: [navbot_stuck_logger.smx] Bot "[NAV] Bot 15<21><BOT><>" got stuck [14] at <-3314.597412 1050.380615 248.031249> Eye Position <-3314.597412 1050.380615 312.031249> Eye Angles <53.854980 179.999999 0.000000> Last Known Nav Area ID <494>
L 07/04/2026 - 18:16:45: [navbot_stuck_logger.smx] Bot "[NAV] Bot 5<12><BOT><>" got stuck [13] at <-3346.631591 1087.999999 248.031249> Eye Position <-3346.631591 1087.999999 312.031249> Eye Angles <0.000000 -90.000000 0.000000> Last Known Nav Area ID <1560>
L 07/04/2026 - 18:16:45: [navbot_stuck_logger.smx] Bot "[NAV] Bot 7<14><BOT><>" got stuck [3] at <-3314.597412 1050.377563 248.031249> Eye Position <-3314.597412 1050.377563 312.031249> Eye Angles <53.854980 179.999999 0.000000> Last Known Nav Area ID <494>
L 07/04/2026 - 18:16:46: [navbot_stuck_logger.smx] Bot "[NAV] Bot 15<21><BOT><>" got stuck [15] at <-3314.597412 1050.376098 248.031249> Eye Position <-3314.597412 1050.376098 312.031249> Eye Angles <53.854980 179.994506 0.000000> Last Known Nav Area ID <494>
L 07/04/2026 - 18:16:46: [navbot_stuck_logger.smx] Bot "[NAV] Bot 5<12><BOT><>" got stuck [14] at <-3346.631591 1087.999999 248.031249> Eye Position <-3346.631591 1087.999999 312.031249> Eye Angles <0.000000 -90.000000 0.000000> Last Known Nav Area ID <1560>
L 07/04/2026 - 18:16:47: [navbot_stuck_logger.smx] Bot "[NAV] Bot 7<14><BOT><>" got stuck [4] at <-3314.597412 1050.377197 248.031249> Eye Position <-3314.597412 1050.377197 312.031249> Eye Angles <53.854980 179.999999 0.000000> Last Known Nav Area ID <494>
L 07/04/2026 - 18:16:47: [navbot_stuck_logger.smx] Bot "[NAV] Bot 15<21><BOT><>" got stuck [16] at <-3314.597412 1050.373291 248.031249> Eye Position <-3314.597412 1050.373291 312.031249> Eye Angles <53.854980 179.994506 0.000000> Last Known Nav Area ID <494>
L 07/04/2026 - 18:16:47: [navbot_stuck_logger.smx] Bot "[NAV] Bot 5<12><BOT><>" got stuck [15] at <-3346.631591 1087.999999 248.031249> Eye Position <-3346.631591 1087.999999 312.031249> Eye Angles <0.000000 -90.000000 0.000000> Last Known Nav Area ID <1560>
L 07/04/2026 - 18:16:47: [navbot_stuck_logger.smx] Bot "[NAV] Bot 15<21><BOT><>" got stuck [1] at <-3314.597412 1050.380615 248.031249> Eye Position <-3314.597412 1050.380615 312.031249> Eye Angles <53.854980 179.999999 0.000000> Last Known Nav Area ID <494>
L 07/04/2026 - 18:16:48: [navbot_stuck_logger.smx] Bot "[NAV] Bot 7<14><BOT><>" got stuck [5] at <-3314.597412 1050.376220 248.031249> Eye Position <-3314.597412 1050.376220 312.031249> Eye Angles <53.854980 179.994506 0.000000> Last Known Nav Area ID <494>
L 07/04/2026 - 18:16:48: [navbot_stuck_logger.smx] Bot "[NAV] Bot 5<12><BOT><>" got stuck [16] at <-3346.631591 1087.999999 248.031249> Eye Position <-3346.631591 1087.999999 312.031249> Eye Angles <0.000000 -90.000000 0.000000> Last Known Nav Area ID <1560>
L 07/04/2026 - 18:16:48: [navbot_stuck_logger.smx] Bot "[NAV] Bot 15<21><BOT><>" got stuck [2] at <-3314.597412 1050.379638 248.031249> Eye Position <-3314.597412 1050.379638 312.031249> Eye Angles <53.854980 179.999999 0.000000> Last Known Nav Area ID <494>
L 07/04/2026 - 18:16:49: [navbot_stuck_logger.smx] Bot "[NAV] Bot 7<14><BOT><>" got stuck [6] at <-3314.597412 1050.377441 248.031249> Eye Position <-3314.597412 1050.377441 312.031249> Eye Angles <53.854980 179.999999 0.000000> Last Known Nav Area ID <494>
L 07/04/2026 - 18:16:49: [navbot_stuck_logger.smx] Bot "[NAV] Bot 15<21><BOT><>" got stuck [3] at <-3314.597412 1050.378295 248.031249> Eye Position <-3314.597412 1050.378295 312.031249> Eye Angles <53.854980 179.999999 0.000000> Last Known Nav Area ID <494>
L 07/04/2026 - 18:16:50: [navbot_stuck_logger.smx] Bot "[NAV] Bot 7<14><BOT><>" got stuck [7] at <-3314.597412 1050.376220 248.031249> Eye Position <-3314.597412 1050.376220 312.031249> Eye Angles <53.854980 179.994506 0.000000> Last Known Nav Area ID <494>
L 07/04/2026 - 18:16:50: [navbot_stuck_logger.smx] Bot "[NAV] Bot 15<21><BOT><>" got stuck [4] at <-3314.597412 1050.375976 248.031249> Eye Position <-3314.597412 1050.375976 312.031249> Eye Angles <53.854980 179.994506 0.000000> Last Known Nav Area ID <494>
L 07/04/2026 - 18:16:51: [navbot_stuck_logger.smx] Bot "[NAV] Bot 7<14><BOT><>" got stuck [8] at <-3314.597412 1050.376586 248.031249> Eye Position <-3314.597412 1050.376586 312.031249> Eye Angles <53.854980 179.994506 0.000000> Last Known Nav Area ID <494>
L 07/04/2026 - 18:16:52: [navbot_stuck_logger.smx] Bot "[NAV] Bot 15<21><BOT><>" got stuck [5] at <-3314.597412 1050.373046 248.031249> Eye Position <-3314.597412 1050.373046 312.031249> Eye Angles <53.854980 179.994506 0.000000> Last Known Nav Area ID <494>
L 07/04/2026 - 18:16:52: [navbot_stuck_logger.smx] Bot "[NAV] Bot 17<20><BOT><>" got stuck [1] at <-3314.597412 1050.765136 248.031249> Eye Position <-3314.597412 1050.765136 312.031249> Eye Angles <53.854980 -179.533081 0.000000> Last Known Nav Area ID <494>
L 07/04/2026 - 18:16:52: [navbot_stuck_logger.smx] Bot "[NAV] Bot 7<14><BOT><>" got stuck [9] at <-3314.597412 1050.378051 248.031249> Eye Position <-3314.597412 1050.378051 312.031249> Eye Angles <53.854980 179.999999 0.000000> Last Known Nav Area ID <494>
L 07/04/2026 - 18:16:53: [navbot_stuck_logger.smx] Bot "[NAV] Bot 15<21><BOT><>" got stuck [6] at <-3314.597412 1050.371093 248.031249> Eye Position <-3314.597412 1050.371093 312.031249> Eye Angles <53.854980 179.989013 0.000000> Last Known Nav Area ID <494>
L 07/04/2026 - 18:16:53: [navbot_stuck_logger.smx] Bot "[NAV] Bot 7<14><BOT><>" got stuck [10] at <-3314.597412 1050.379516 248.031249> Eye Position <-3314.597412 1050.379516 312.031249> Eye Angles <53.854980 179.999999 0.000000> Last Known Nav Area ID <494>
L 07/04/2026 - 18:16:54: [navbot_stuck_logger.smx] Bot "[NAV] Bot 15<21><BOT><>" got stuck [7] at <-3314.597412 1050.368774 248.031249> Eye Position <-3314.597412 1050.368774 312.031249> Eye Angles <53.854980 179.989013 0.000000> Last Known Nav Area ID <494>
L 07/04/2026 - 18:16:55: [navbot_stuck_logger.smx] Bot "[NAV] Bot 9<17><BOT><>" got stuck [1] at <-3322.714843 1087.979858 248.031249> Eye Position <-3322.714843 1087.979858 312.031249> Eye Angles <50.169067 -136.719360 0.000000> Last Known Nav Area ID <214>
L 07/04/2026 - 18:16:55: [navbot_stuck_logger.smx] Bot "[NAV] Bot 15<21><BOT><>" got stuck [8] at <-3314.597412 1050.365722 248.031249> Eye Position <-3314.597412 1050.365722 312.031249> Eye Angles <53.854980 179.983520 0.000000> Last Known Nav Area ID <494>
L 07/04/2026 - 18:16:55: [navbot_stuck_logger.smx] Bot "[NAV] Bot 14<18><BOT><>" got stuck [1] at <-732.841064 339.889495 103.202239> Eye Position <-732.841064 339.889495 167.202239> Eye Angles <1.887023 -91.705749 0.000000> Last Known Nav Area ID <1847>
L 07/04/2026 - 18:16:56: [navbot_stuck_logger.smx] Bot "[NAV] Bot 9<17><BOT><>" got stuck [2] at <-3323.360595 1087.979858 248.031249> Eye Position <-3323.360595 1087.979858 312.031249> Eye Angles <50.410766 -136.246948 0.000000> Last Known Nav Area ID <214>
L 07/04/2026 - 18:16:56: [navbot_stuck_logger.smx] Bot "[NAV] Bot 15<21><BOT><>" got stuck [9] at <-3314.597412 1050.363525 248.031249> Eye Position <-3314.597412 1050.363525 312.031249> Eye Angles <53.854980 179.983520 0.000000> Last Known Nav Area ID <494>
L 07/04/2026 - 18:16:57: [navbot_stuck_logger.smx] Bot "[NAV] Bot 9<17><BOT><>" got stuck [3] at <-3323.828857 1087.979858 248.031249> Eye Position <-3323.828857 1087.979858 312.031249> Eye Angles <50.586547 -135.906372 0.000000> Last Known Nav Area ID <214>
L 07/04/2026 - 18:16:57: [navbot_stuck_logger.smx] Bot "[NAV] Bot 15<21><BOT><>" got stuck [10] at <-3314.597412 1050.363403 248.031249> Eye Position <-3314.597412 1050.363403 312.031249> Eye Angles <53.854980 179.983520 0.000000> Last Known Nav Area ID <494>
L 07/04/2026 - 18:16:58: [navbot_stuck_logger.smx] Bot "[NAV] Bot 9<17><BOT><>" got stuck [4] at <-3324.167480 1087.979858 248.031249> Eye Position <-3324.167480 1087.979858 312.031249> Eye Angles <50.712890 -135.653686 0.000000> Last Known Nav Area ID <214>
L 07/04/2026 - 18:16:58: [navbot_stuck_logger.smx] Bot "[NAV] Bot 17<20><BOT><>" got stuck [1] at <-3314.597412 1050.376708 248.031249> Eye Position <-3314.597412 1050.376708 312.031249> Eye Angles <53.854980 179.999999 0.000000> Last Known Nav Area ID <494>
L 07/04/2026 - 18:16:59: [navbot_stuck_logger.smx] Bot "[NAV] Bot 9<17><BOT><>" got stuck [5] at <-3324.411376 1087.979858 248.031249> Eye Position <-3324.411376 1087.979858 312.031249> Eye Angles <50.806274 -135.466918 0.000000> Last Known Nav Area ID <214>
L 07/04/2026 - 18:16:59: [navbot_stuck_logger.smx] Bot "[NAV] Bot 17<20><BOT><>" got stuck [2] at <-3314.597412 1050.376708 248.031249> Eye Position <-3314.597412 1050.376708 312.031249> Eye Angles <53.854980 179.999999 0.000000> Last Known Nav Area ID <494>
L 07/04/2026 - 18:17:00: [navbot_stuck_logger.smx] Bot "[NAV] Bot 9<17><BOT><>" got stuck [6] at <-3324.586669 1087.979858 248.031249> Eye Position <-3324.586669 1087.979858 312.031249> Eye Angles <50.872192 -135.335083 0.000000> Last Known Nav Area ID <214>
L 07/04/2026 - 18:17:00: [navbot_stuck_logger.smx] Bot "[NAV] Bot 17<20><BOT><>" got stuck [3] at <-3314.597412 1050.376708 248.031249> Eye Position <-3314.597412 1050.376708 312.031249> Eye Angles <53.854980 179.999999 0.000000> Last Known Nav Area ID <494>
L 07/04/2026 - 18:17:01: [navbot_stuck_logger.smx] Bot "[NAV] Bot 9<17><BOT><>" got stuck [7] at <-3324.711914 1087.979858 248.031249> Eye Position <-3324.711914 1087.979858 312.031249> Eye Angles <50.921630 -135.241699 0.000000> Last Known Nav Area ID <214>
L 07/04/2026 - 18:17:01: [navbot_stuck_logger.smx] Bot "[NAV] Bot 17<20><BOT><>" got stuck [4] at <-3314.597412 1050.376708 248.031249> Eye Position <-3314.597412 1050.376708 312.031249> Eye Angles <53.854980 179.999999 0.000000> Last Known Nav Area ID <494>
L 07/04/2026 - 18:17:02: [navbot_stuck_logger.smx] Bot "[NAV] Bot 9<17><BOT><>" got stuck [8] at <-3324.836669 1087.979858 248.031249> Eye Position <-3324.836669 1087.979858 312.031249> Eye Angles <50.965576 -135.148315 0.000000> Last Known Nav Area ID <214>
L 07/04/2026 - 18:17:02: [navbot_stuck_logger.smx] Bot "[NAV] Bot 17<20><BOT><>" got stuck [5] at <-3314.597412 1050.376708 248.031249> Eye Position <-3314.597412 1050.376708 312.031249> Eye Angles <53.854980 179.999999 0.000000> Last Known Nav Area ID <494>
L 07/04/2026 - 18:17:03: [navbot_stuck_logger.smx] Bot "[NAV] Bot 9<17><BOT><>" got stuck [9] at <-3324.923095 1087.979858 248.031249> Eye Position <-3324.923095 1087.979858 312.031249> Eye Angles <50.998535 -135.082397 0.000000> Last Known Nav Area ID <214>
L 07/04/2026 - 18:17:03: [navbot_stuck_logger.smx] Bot "[NAV] Bot 17<20><BOT><>" got stuck [6] at <-3314.597412 1050.376708 248.031249> Eye Position <-3314.597412 1050.376708 312.031249> Eye Angles <53.854980 179.999999 0.000000> Last Known Nav Area ID <494>
L 07/04/2026 - 18:17:04: [navbot_stuck_logger.smx] Bot "[NAV] Bot 9<17><BOT><>" got stuck [10] at <-3324.993652 1087.979858 248.031249> Eye Position <-3324.993652 1087.979858 312.031249> Eye Angles <51.026000 -135.027465 0.000000> Last Known Nav Area ID <214>
L 07/04/2026 - 18:17:04: [navbot_stuck_logger.smx] Bot "[NAV] Bot 17<20><BOT><>" got stuck [7] at <-3314.597412 1050.376708 248.031249> Eye Position <-3314.597412 1050.376708 312.031249> Eye Angles <53.854980 179.999999 0.000000> Last Known Nav Area ID <494>
L 07/04/2026 - 18:17:05: [navbot_stuck_logger.smx] Bot "[NAV] Bot 9<17><BOT><>" got stuck [11] at <-3325.041503 1087.979858 248.031249> Eye Position <-3325.041503 1087.979858 312.031249> Eye Angles <51.042480 -134.989013 0.000000> Last Known Nav Area ID <1560>
L 07/04/2026 - 18:17:05: [navbot_stuck_logger.smx] Bot "[NAV] Bot 17<20><BOT><>" got stuck [8] at <-3314.597412 1050.376708 248.031249> Eye Position <-3314.597412 1050.376708 312.031249> Eye Angles <53.854980 179.999999 0.000000> Last Known Nav Area ID <494>
L 07/04/2026 - 18:17:06: [navbot_stuck_logger.smx] Bot "[NAV] Bot 9<17><BOT><>" got stuck [12] at <-3325.037109 1087.979858 248.031249> Eye Position <-3325.037109 1087.979858 312.031249> Eye Angles <51.042480 -134.994506 0.000000> Last Known Nav Area ID <1560>
L 07/04/2026 - 18:17:07: [navbot_stuck_logger.smx] Bot "[NAV] Bot 17<20><BOT><>" got stuck [9] at <-3314.597412 1050.376708 248.031249> Eye Position <-3314.597412 1050.376708 312.031249> Eye Angles <53.854980 179.999999 0.000000> Last Known Nav Area ID <494>
L 07/04/2026 - 18:17:07: [navbot_stuck_logger.smx] Bot "[NAV] Bot 9<17><BOT><>" got stuck [13] at <-3325.019287 1087.979858 248.031249> Eye Position <-3325.019287 1087.979858 312.031249> Eye Angles <51.031494 -135.005493 0.000000> Last Known Nav Area ID <1560>
L 07/04/2026 - 18:17:08: [navbot_stuck_logger.smx] Bot "[NAV] Bot 17<20><BOT><>" got stuck [10] at <-3314.597412 1050.376708 248.031249> Eye Position <-3314.597412 1050.376708 312.031249> Eye Angles <53.854980 179.999999 0.000000> Last Known Nav Area ID <494>
L 07/04/2026 - 18:17:08: [navbot_stuck_logger.smx] Bot "[NAV] Bot 9<17><BOT><>" got stuck [14] at <-3325.015869 1087.979858 248.031249> Eye Position <-3325.015869 1087.979858 312.031249> Eye Angles <51.031494 -135.010986 0.000000> Last Known Nav Area ID <1560>
L 07/04/2026 - 18:17:09: [navbot_stuck_logger.smx] Bot "[NAV] Bot 17<20><BOT><>" got stuck [11] at <-3314.597412 1050.376708 248.031249> Eye Position <-3314.597412 1050.376708 312.031249> Eye Angles <53.854980 179.999999 0.000000> Last Known Nav Area ID <494>
L 07/04/2026 - 18:17:09: [navbot_stuck_logger.smx] Bot "[NAV] Bot 9<17><BOT><>" got stuck [15] at <-3325.038574 1087.979858 248.031249> Eye Position <-3325.038574 1087.979858 312.031249> Eye Angles <51.042480 -134.994506 0.000000> Last Known Nav Area ID <1560>
L 07/04/2026 - 18:17:10: [navbot_stuck_logger.smx] Bot "[NAV] Bot 17<20><BOT><>" got stuck [12] at <-3314.597412 1050.376708 248.031249> Eye Position <-3314.597412 1050.376708 312.031249> Eye Angles <53.854980 179.999999 0.000000> Last Known Nav Area ID <494>
L 07/04/2026 - 18:17:10: [navbot_stuck_logger.smx] Bot "[NAV] Bot 9<17><BOT><>" got stuck [16] at <-3325.043701 1087.979858 248.031249> Eye Position <-3325.043701 1087.979858 312.031249> Eye Angles <51.042480 -134.989013 0.000000> Last Known Nav Area ID <1560>
L 07/04/2026 - 18:17:10: [navbot_stuck_logger.smx] Bot "[NAV] Bot 9<17><BOT><>" got stuck [1] at <-3325.046386 1087.979858 248.031249> Eye Position <-3325.046386 1087.979858 312.031249> Eye Angles <51.042480 -134.989013 0.000000> Last Known Nav Area ID <1560>
L 07/04/2026 - 18:17:11: [navbot_stuck_logger.smx] Bot "[NAV] Bot 17<20><BOT><>" got stuck [13] at <-3314.597412 1050.376708 248.031249> Eye Position <-3314.597412 1050.376708 312.031249> Eye Angles <53.854980 179.999999 0.000000> Last Known Nav Area ID <494>
L 07/04/2026 - 18:17:11: [navbot_stuck_logger.smx] Bot "[NAV] Bot 9<17><BOT><>" got stuck [2] at <-3325.026123 1087.979858 248.031249> Eye Position <-3325.026123 1087.979858 312.031249> Eye Angles <51.036987 -135.005493 0.000000> Last Known Nav Area ID <1560>
L 07/04/2026 - 18:17:12: [navbot_stuck_logger.smx] Bot "[NAV] Bot 17<20><BOT><>" got stuck [14] at <-3314.597412 1050.376708 248.031249> Eye Position <-3314.597412 1050.376708 312.031249> Eye Angles <53.854980 179.999999 0.000000> Last Known Nav Area ID <494>
L 07/04/2026 - 18:17:13: [navbot_stuck_logger.smx] Bot "[NAV] Bot 9<17><BOT><>" got stuck [3] at <-3325.009765 1087.979858 248.031249> Eye Position <-3325.009765 1087.979858 312.031249> Eye Angles <51.031494 -135.016479 0.000000> Last Known Nav Area ID <1560>
L 07/04/2026 - 18:17:13: [navbot_stuck_logger.smx] Bot "[NAV] Bot 17<20><BOT><>" got stuck [15] at <-3314.597412 1050.376708 248.031249> Eye Position <-3314.597412 1050.376708 312.031249> Eye Angles <53.854980 179.999999 0.000000> Last Known Nav Area ID <494>
L 07/04/2026 - 18:17:14: [navbot_stuck_logger.smx] Bot "[NAV] Bot 9<17><BOT><>" got stuck [4] at <-3325.022216 1087.979858 248.031249> Eye Position <-3325.022216 1087.979858 312.031249> Eye Angles <51.036987 -135.005493 0.000000> Last Known Nav Area ID <1560>
L 07/04/2026 - 18:17:14: [navbot_stuck_logger.smx] Bot "[NAV] Bot 17<20><BOT><>" got stuck [16] at <-3314.597412 1050.376708 248.031249> Eye Position <-3314.597412 1050.376708 312.031249> Eye Angles <53.854980 179.999999 0.000000> Last Known Nav Area ID <494>
L 07/04/2026 - 18:17:14: [navbot_stuck_logger.smx] Bot "[NAV] Bot 17<20><BOT><>" got stuck [1] at <-3314.597412 1050.376708 248.031249> Eye Position <-3314.597412 1050.376708 312.031249> Eye Angles <53.854980 179.999999 0.000000> Last Known Nav Area ID <494>
L 07/04/2026 - 18:17:15: [navbot_stuck_logger.smx] Bot "[NAV] Bot 9<17><BOT><>" got stuck [5] at <-3325.047119 1087.979858 248.031249> Eye Position <-3325.047119 1087.979858 312.031249> Eye Angles <51.042480 -134.983520 0.000000> Last Known Nav Area ID <1560>
L 07/04/2026 - 18:17:15: [navbot_stuck_logger.smx] Bot "[NAV] Bot 17<20><BOT><>" got stuck [2] at <-3314.597412 1050.376708 248.031249> Eye Position <-3314.597412 1050.376708 312.031249> Eye Angles <53.854980 179.999999 0.000000> Last Known Nav Area ID <494>
L 07/04/2026 - 18:17:16: [navbot_stuck_logger.smx] Bot "[NAV] Bot 9<17><BOT><>" got stuck [6] at <-3325.042968 1087.979858 248.031249> Eye Position <-3325.042968 1087.979858 312.031249> Eye Angles <51.042480 -134.989013 0.000000> Last Known Nav Area ID <1560>
L 07/04/2026 - 18:17:16: [navbot_stuck_logger.smx] Bot "[NAV] Bot 17<20><BOT><>" got stuck [3] at <-3314.597412 1050.376708 248.031249> Eye Position <-3314.597412 1050.376708 312.031249> Eye Angles <53.854980 179.999999 0.000000> Last Known Nav Area ID <494>
L 07/04/2026 - 18:17:17: [navbot_stuck_logger.smx] Bot "[NAV] Bot 9<17><BOT><>" got stuck [7] at <-3325.015136 1087.979858 248.031249> Eye Position <-3325.015136 1087.979858 312.031249> Eye Angles <51.031494 -135.010986 0.000000> Last Known Nav Area ID <1560>
L 07/04/2026 - 18:17:17: [navbot_stuck_logger.smx] Bot "[NAV] Bot 17<20><BOT><>" got stuck [4] at <-3314.597412 1050.376708 248.031249> Eye Position <-3314.597412 1050.376708 312.031249> Eye Angles <53.854980 179.999999 0.000000> Last Known Nav Area ID <494>
L 07/04/2026 - 18:17:18: [navbot_stuck_logger.smx] Bot "[NAV] Bot 9<17><BOT><>" got stuck [8] at <-3325.026123 1087.979858 248.031249> Eye Position <-3325.026123 1087.979858 312.031249> Eye Angles <51.036987 -134.999999 0.000000> Last Known Nav Area ID <1560>
L 07/04/2026 - 18:17:18: [navbot_stuck_logger.smx] Bot "[NAV] Bot 17<20><BOT><>" got stuck [5] at <-3314.597412 1050.376708 248.031249> Eye Position <-3314.597412 1050.376708 312.031249> Eye Angles <53.854980 179.999999 0.000000> Last Known Nav Area ID <494>
L 07/04/2026 - 18:17:19: [navbot_stuck_logger.smx] Bot "[NAV] Bot 9<17><BOT><>" got stuck [9] at <-3325.026123 1087.979858 248.031249> Eye Position <-3325.026123 1087.979858 312.031249> Eye Angles <51.036987 -134.999999 0.000000> Last Known Nav Area ID <1560>
L 07/04/2026 - 18:17:19: [navbot_stuck_logger.smx] Bot "[NAV] Bot 17<20><BOT><>" got stuck [6] at <-3314.597412 1050.376708 248.031249> Eye Position <-3314.597412 1050.376708 312.031249> Eye Angles <53.854980 179.999999 0.000000> Last Known Nav Area ID <494>
L 07/04/2026 - 18:17:20: [navbot_stuck_logger.smx] Bot "[NAV] Bot 9<17><BOT><>" got stuck [10] at <-3325.026123 1087.979858 248.031249> Eye Position <-3325.026123 1087.979858 312.031249> Eye Angles <51.036987 -134.999999 0.000000> Last Known Nav Area ID <1560>
L 07/04/2026 - 18:17:20: [navbot_stuck_logger.smx] Bot "[NAV] Bot 17<20><BOT><>" got stuck [7] at <-3314.597412 1050.376708 248.031249> Eye Position <-3314.597412 1050.376708 312.031249> Eye Angles <53.854980 179.999999 0.000000> Last Known Nav Area ID <494>
L 07/04/2026 - 18:17:21: [navbot_stuck_logger.smx] Bot "[NAV] Bot 17<20><BOT><>" got stuck [8] at <-3314.597412 1050.376708 248.031249> Eye Position <-3314.597412 1050.376708 312.031249> Eye Angles <53.854980 179.999999 0.000000> Last Known Nav Area ID <494>
L 07/04/2026 - 18:17:21: [navbot_stuck_logger.smx] Bot "[NAV] Bot 7<14><BOT><>" got stuck [1] at <-3314.597412 1050.393066 248.031249> Eye Position <-3314.597412 1050.393066 312.031249> Eye Angles <53.854980 -179.983520 0.000000> Last Known Nav Area ID <494>
L 07/04/2026 - 18:17:22: [navbot_stuck_logger.smx] Bot "[NAV] Bot 17<20><BOT><>" got stuck [9] at <-3314.597412 1050.376708 248.031249> Eye Position <-3314.597412 1050.376708 312.031249> Eye Angles <53.854980 179.999999 0.000000> Last Known Nav Area ID <494>
L 07/04/2026 - 18:17:22: [navbot_stuck_logger.smx] Bot "[NAV] Bot 7<14><BOT><>" got stuck [2] at <-3314.597412 1050.377929 248.031249> Eye Position <-3314.597412 1050.377929 312.031249> Eye Angles <53.854980 179.999999 0.000000> Last Known Nav Area ID <494>
L 07/04/2026 - 18:17:23: [navbot_stuck_logger.smx] Bot "[NAV] Bot 17<20><BOT><>" got stuck [10] at <-3314.597412 1050.376708 248.031249> Eye Position <-3314.597412 1050.376708 312.031249> Eye Angles <53.854980 179.999999 0.000000> Last Known Nav Area ID <494>
L 07/04/2026 - 18:17:24: [navbot_stuck_logger.smx] Bot "[NAV] Bot 7<14><BOT><>" got stuck [3] at <-3314.597412 1050.376342 248.031249> Eye Position <-3314.597412 1050.376342 312.031249> Eye Angles <53.854980 179.994506 0.000000> Last Known Nav Area ID <494>
L 07/04/2026 - 18:17:25: [navbot_stuck_logger.smx] Bot "[NAV] Bot 7<14><BOT><>" got stuck [4] at <-3314.597412 1050.374389 248.031249> Eye Position <-3314.597412 1050.374389 312.031249> Eye Angles <53.854980 179.994506 0.000000> Last Known Nav Area ID <494>
L 07/04/2026 - 18:17:26: [navbot_stuck_logger.smx] Bot "[NAV] Bot 7<14><BOT><>" got stuck [5] at <-3314.597412 1050.371826 248.031249> Eye Position <-3314.597412 1050.371826 312.031249> Eye Angles <53.854980 179.989013 0.000000> Last Known Nav Area ID <494>
L 07/04/2026 - 18:17:27: [navbot_stuck_logger.smx] Bot "[NAV] Bot 7<14><BOT><>" got stuck [6] at <-3314.597412 1050.369262 248.031249> Eye Position <-3314.597412 1050.369262 312.031249> Eye Angles <53.854980 179.989013 0.000000> Last Known Nav Area ID <494>
L 07/04/2026 - 18:17:27: [navbot_stuck_logger.smx] Bot "[NAV] Bot 8<13><BOT><>" got stuck [1] at <-3314.597412 1050.906249 248.031249> Eye Position <-3314.597412 1050.906249 312.031249> Eye Angles <53.854980 -179.368286 0.000000> Last Known Nav Area ID <494>
L 07/04/2026 - 18:17:27: [navbot_stuck_logger.smx] Bot "[NAV] Bot 5<12><BOT><>" got stuck [1] at <-848.141662 105.926216 101.324806> Eye Position <-848.141662 105.926216 165.324798> Eye Angles <-0.027465 86.179611 0.000000> Last Known Nav Area ID <1824>
L 07/04/2026 - 18:17:28: [navbot_stuck_logger.smx] Bot "[NAV] Bot 7<14><BOT><>" got stuck [7] at <-3314.597412 1050.368041 248.031249> Eye Position <-3314.597412 1050.368041 312.031249> Eye Angles <53.854980 179.989013 0.000000> Last Known Nav Area ID <494>
L 07/04/2026 - 18:17:28: [navbot_stuck_logger.smx] Bot "[NAV] Bot 8<13><BOT><>" got stuck [2] at <-3314.597412 1050.303955 248.031249> Eye Position <-3314.597412 1050.303955 312.031249> Eye Angles <53.854980 179.912109 0.000000> Last Known Nav Area ID <494>
L 07/04/2026 - 18:17:28: [navbot_stuck_logger.smx] Bot "[NAV] Bot 5<12><BOT><>" got stuck [2] at <-833.623107 127.704368 101.444335> Eye Position <-833.623107 127.704368 165.444335> Eye Angles <-0.027465 86.179611 0.000000> Last Known Nav Area ID <1825>
L 07/04/2026 - 18:17:29: [navbot_stuck_logger.smx] Bot "[NAV] Bot 15<21><BOT><>" got stuck [1] at <-3314.597412 1050.826049 248.031249> Eye Position <-3314.597412 1050.826049 312.031249> Eye Angles <53.854980 -179.461669 0.000000> Last Known Nav Area ID <494>
L 07/04/2026 - 18:17:29: [navbot_stuck_logger.smx] Bot "[NAV] Bot 7<14><BOT><>" got stuck [8] at <-3314.597412 1050.367797 248.031249> Eye Position <-3314.597412 1050.367797 312.031249> Eye Angles <53.854980 179.989013 0.000000> Last Known Nav Area ID <494>
L 07/04/2026 - 18:17:29: [navbot_stuck_logger.smx] Bot "[NAV] Bot 8<13><BOT><>" got stuck [3] at <-3314.597412 1050.373657 248.031249> Eye Position <-3314.597412 1050.373657 312.031249> Eye Angles <53.854980 179.994506 0.000000> Last Known Nav Area ID <494>
L 07/04/2026 - 18:17:29: [navbot_stuck_logger.smx] Bot "[NAV] Bot 5<12><BOT><>" got stuck [3] at <-818.141479 122.976310 101.538772> Eye Position <-818.141479 122.976310 165.538772> Eye Angles <-0.027465 86.179611 0.000000> Last Known Nav Area ID <1827>
L 07/04/2026 - 18:17:30: [navbot_stuck_logger.smx] Bot "[NAV] Bot 15<21><BOT><>" got stuck [2] at <-3314.597412 1050.319091 248.031249> Eye Position <-3314.597412 1050.319091 312.031249> Eye Angles <53.854980 179.928588 0.000000> Last Known Nav Area ID <494>
L 07/04/2026 - 18:17:30: [navbot_stuck_logger.smx] Bot "[NAV] Bot 7<14><BOT><>" got stuck [9] at <-3314.597412 1050.369262 248.031249> Eye Position <-3314.597412 1050.369262 312.031249> Eye Angles <53.854980 179.989013 0.000000> Last Known Nav Area ID <494>
L 07/04/2026 - 18:17:30: [navbot_stuck_logger.smx] Bot "[NAV] Bot 8<13><BOT><>" got stuck [4] at <-3314.597412 1050.380981 248.031249> Eye Position <-3314.597412 1050.380981 312.031249> Eye Angles <53.854980 179.999999 0.000000> Last Known Nav Area ID <494>
L 07/04/2026 - 18:17:31: [navbot_stuck_logger.smx] Bot "[NAV] Bot 5<12><BOT><>" got stuck [4] at <-833.569091 119.056404 97.305053> Eye Position <-833.569091 119.056404 161.305053> Eye Angles <-0.027465 86.179611 0.000000> Last Known Nav Area ID <1827>
L 07/04/2026 - 18:17:31: [navbot_stuck_logger.smx] Bot "[NAV] Bot 15<21><BOT><>" got stuck [3] at <-3314.597412 1050.390014 248.031249> Eye Position <-3314.597412 1050.390014 312.031249> Eye Angles <53.854980 -179.989013 0.000000> Last Known Nav Area ID <494>
L 07/04/2026 - 18:17:31: [navbot_stuck_logger.smx] Bot "[NAV] Bot 7<14><BOT><>" got stuck [10] at <-3314.597412 1050.369995 248.031249> Eye Position <-3314.597412 1050.369995 312.031249> Eye Angles <53.854980 179.989013 0.000000> Last Known Nav Area ID <494>
L 07/04/2026 - 18:17:31: [navbot_stuck_logger.smx] Bot "[NAV] Bot 8<13><BOT><>" got stuck [5] at <-3314.597412 1050.380981 248.031249> Eye Position <-3314.597412 1050.380981 312.031249> Eye Angles <53.854980 179.999999 0.000000> Last Known Nav Area ID <494>
L 07/04/2026 - 18:17:32: [navbot_stuck_logger.smx] Bot "[NAV] Bot 5<12><BOT><>" got stuck [5] at <-828.621215 110.100532 97.229637> Eye Position <-828.621215 110.100532 161.229644> Eye Angles <-0.027465 86.179611 0.000000> Last Known Nav Area ID <1827>
L 07/04/2026 - 18:17:32: [navbot_stuck_logger.smx] Bot "[NAV] Bot 15<21><BOT><>" got stuck [4] at <-3314.597412 1050.388305 248.031249> Eye Position <-3314.597412 1050.388305 312.031249> Eye Angles <53.854980 -179.989013 0.000000> Last Known Nav Area ID <494>
L 07/04/2026 - 18:17:32: [navbot_stuck_logger.smx] Bot "[NAV] Bot 7<14><BOT><>" got stuck [11] at <-3314.597412 1050.370361 248.031249> Eye Position <-3314.597412 1050.370361 312.031249> Eye Angles <53.854980 179.989013 0.000000> Last Known Nav Area ID <494>
L 07/04/2026 - 18:17:32: [navbot_stuck_logger.smx] Bot "[NAV] Bot 8<13><BOT><>" got stuck [6] at <-3314.597412 1050.380981 248.031249> Eye Position <-3314.597412 1050.380981 312.031249> Eye Angles <53.854980 179.999999 0.000000> Last Known Nav Area ID <494>
L 07/04/2026 - 18:17:33: [navbot_stuck_logger.smx] Bot "[NAV] Bot 5<12><BOT><>" got stuck [6] at <-817.623474 114.066986 97.270965> Eye Position <-817.623474 114.066986 161.270965> Eye Angles <-0.027465 86.179611 0.000000> Last Known Nav Area ID <1827>
L 07/04/2026 - 18:17:33: [navbot_stuck_logger.smx] Bot "[NAV] Bot 15<21><BOT><>" got stuck [5] at <-3314.597412 1050.379882 248.031249> Eye Position <-3314.597412 1050.379882 312.031249> Eye Angles <53.854980 179.999999 0.000000> Last Known Nav Area ID <494>
L 07/04/2026 - 18:17:33: [navbot_stuck_logger.smx] Bot "[NAV] Bot 7<14><BOT><>" got stuck [12] at <-3314.597412 1050.371948 248.031249> Eye Position <-3314.597412 1050.371948 312.031249> Eye Angles <53.854980 179.994506 0.000000> Last Known Nav Area ID <494>
L 07/04/2026 - 18:17:33: [navbot_stuck_logger.smx] Bot "[NAV] Bot 8<13><BOT><>" got stuck [7] at <-3314.597412 1050.380981 248.031249> Eye Position <-3314.597412 1050.380981 312.031249> Eye Angles <53.854980 179.999999 0.000000> Last Known Nav Area ID <494>
L 07/04/2026 - 18:17:34: [navbot_stuck_logger.smx] Bot "[NAV] Bot 5<12><BOT><>" got stuck [7] at <-849.653381 125.223251 97.328033> Eye Position <-849.653381 125.223251 161.328033> Eye Angles <-0.027465 86.179611 0.000000> Last Known Nav Area ID <1825>
L 07/04/2026 - 18:17:34: [navbot_stuck_logger.smx] Bot "[NAV] Bot 15<21><BOT><>" got stuck [6] at <-3314.597412 1050.379882 248.031249> Eye Position <-3314.597412 1050.379882 312.031249> Eye Angles <53.854980 179.999999 0.000000> Last Known Nav Area ID <494>
L 07/04/2026 - 18:17:34: [navbot_stuck_logger.smx] Bot "[NAV] Bot 7<14><BOT><>" got stuck [13] at <-3314.597412 1050.374877 248.031249> Eye Position <-3314.597412 1050.374877 312.031249> Eye Angles <53.854980 179.994506 0.000000> Last Known Nav Area ID <494>
L 07/04/2026 - 18:17:34: [navbot_stuck_logger.smx] Bot "[NAV] Bot 8<13><BOT><>" got stuck [8] at <-3314.597412 1050.380981 248.031249> Eye Position <-3314.597412 1050.380981 312.031249> Eye Angles <53.854980 179.999999 0.000000> Last Known Nav Area ID <494>
L 07/04/2026 - 18:17:35: [navbot_stuck_logger.smx] Bot "[NAV] Bot 5<12><BOT><>" got stuck [8] at <-816.711669 122.375305 97.399581> Eye Position <-816.711669 122.375305 161.399581> Eye Angles <-0.027465 86.179611 0.000000> Last Known Nav Area ID <1827>
L 07/04/2026 - 18:17:35: [navbot_stuck_logger.smx] Bot "[NAV] Bot 15<21><BOT><>" got stuck [7] at <-3314.597412 1050.379882 248.031249> Eye Position <-3314.597412 1050.379882 312.031249> Eye Angles <53.854980 179.999999 0.000000> Last Known Nav Area ID <494>
L 07/04/2026 - 18:17:35: [navbot_stuck_logger.smx] Bot "[NAV] Bot 7<14><BOT><>" got stuck [14] at <-3314.597412 1050.376831 248.031249> Eye Position <-3314.597412 1050.376831 312.031249> Eye Angles <53.854980 179.999999 0.000000> Last Known Nav Area ID <494>
L 07/04/2026 - 18:17:35: [navbot_stuck_logger.smx] Bot "[NAV] Bot 8<13><BOT><>" got stuck [9] at <-3314.597412 1050.380981 248.031249> Eye Position <-3314.597412 1050.380981 312.031249> Eye Angles <53.854980 179.999999 0.000000> Last Known Nav Area ID <494>
L 07/04/2026 - 18:17:36: [navbot_stuck_logger.smx] Bot "[NAV] Bot 5<12><BOT><>" got stuck [9] at <-829.768798 104.458183 97.460983> Eye Position <-829.768798 104.458183 161.460983> Eye Angles <-0.027465 86.179611 0.000000> Last Known Nav Area ID <1824>
L 07/04/2026 - 18:17:36: [navbot_stuck_logger.smx] Bot "[NAV] Bot 15<21><BOT><>" got stuck [8] at <-3314.597412 1050.379882 248.031249> Eye Position <-3314.597412 1050.379882 312.031249> Eye Angles <53.854980 179.999999 0.000000> Last Known Nav Area ID <494>
L 07/04/2026 - 18:17:36: [navbot_stuck_logger.smx] Bot "[NAV] Bot 7<14><BOT><>" got stuck [15] at <-3314.597412 1050.380004 248.031249> Eye Position <-3314.597412 1050.380004 312.031249> Eye Angles <53.854980 -179.994506 0.000000> Last Known Nav Area ID <494>
L 07/04/2026 - 18:17:36: [navbot_stuck_logger.smx] Bot "[NAV] Bot 8<13><BOT><>" got stuck [10] at <-3314.597412 1050.380981 248.031249> Eye Position <-3314.597412 1050.380981 312.031249> Eye Angles <53.854980 179.999999 0.000000> Last Known Nav Area ID <494>
L 07/04/2026 - 18:17:37: [navbot_stuck_logger.smx] Bot "[NAV] Bot 5<12><BOT><>" got stuck [10] at <-846.783508 110.570442 97.557899> Eye Position <-846.783508 110.570442 161.557891> Eye Angles <-0.027465 86.179611 0.000000> Last Known Nav Area ID <1824>
L 07/04/2026 - 18:17:37: [navbot_stuck_logger.smx] Bot "[NAV] Bot 15<21><BOT><>" got stuck [9] at <-3314.597412 1050.379882 248.031249> Eye Position <-3314.597412 1050.379882 312.031249> Eye Angles <53.854980 179.999999 0.000000> Last Known Nav Area ID <494>
L 07/04/2026 - 18:17:37: [navbot_stuck_logger.smx] Bot "[NAV] Bot 7<14><BOT><>" got stuck [16] at <-3314.597412 1050.383789 248.031249> Eye Position <-3314.597412 1050.383789 312.031249> Eye Angles <53.854980 -179.994506 0.000000> Last Known Nav Area ID <494>
L 07/04/2026 - 18:17:37: [navbot_stuck_logger.smx] Bot "[NAV] Bot 8<13><BOT><>" got stuck [11] at <-3314.597412 1050.380981 248.031249> Eye Position <-3314.597412 1050.380981 312.031249> Eye Angles <53.854980 179.999999 0.000000> Last Known Nav Area ID <494>
L 07/04/2026 - 18:17:37: [navbot_stuck_logger.smx] Bot "[NAV] Bot 7<14><BOT><>" got stuck [1] at <-3314.597412 1050.374755 248.031249> Eye Position <-3314.597412 1050.374755 312.031249> Eye Angles <53.854980 179.994506 0.000000> Last Known Nav Area ID <494>
L 07/04/2026 - 18:17:38: [navbot_stuck_logger.smx] Bot "[NAV] Bot 5<12><BOT><>" got stuck [11] at <-834.139892 127.307121 97.676406> Eye Position <-834.139892 127.307121 161.676406> Eye Angles <-0.027465 86.179611 0.000000> Last Known Nav Area ID <1825>
L 07/04/2026 - 18:17:38: [navbot_stuck_logger.smx] Bot "[NAV] Bot 15<21><BOT><>" got stuck [10] at <-3314.597412 1050.379882 248.031249> Eye Position <-3314.597412 1050.379882 312.031249> Eye Angles <53.854980 179.999999 0.000000> Last Known Nav Area ID <494>
L 07/04/2026 - 18:17:38: [navbot_stuck_logger.smx] Bot "[NAV] Bot 8<13><BOT><>" got stuck [12] at <-3314.597412 1050.380981 248.031249> Eye Position <-3314.597412 1050.380981 312.031249> Eye Angles <53.854980 179.999999 0.000000> Last Known Nav Area ID <494>
L 07/04/2026 - 18:17:38: [navbot_stuck_logger.smx] Bot "[NAV] Bot 7<14><BOT><>" got stuck [2] at <-3314.597412 1050.379638 248.031249> Eye Position <-3314.597412 1050.379638 312.031249> Eye Angles <53.854980 179.999999 0.000000> Last Known Nav Area ID <494>
L 07/04/2026 - 18:17:39: [navbot_stuck_logger.smx] Bot "[NAV] Bot 5<12><BOT><>" got stuck [12] at <-834.739807 45.524200 97.689117> Eye Position <-834.739807 45.524200 161.689117> Eye Angles <-0.027465 86.179611 0.000000> Last Known Nav Area ID <1539>
L 07/04/2026 - 18:17:39: [navbot_stuck_logger.smx] Bot "[NAV] Bot 15<21><BOT><>" got stuck [11] at <-3314.597412 1050.379882 248.031249> Eye Position <-3314.597412 1050.379882 312.031249> Eye Angles <53.854980 179.999999 0.000000> Last Known Nav Area ID <494>
L 07/04/2026 - 18:17:39: [navbot_stuck_logger.smx] Bot "[NAV] Bot 8<13><BOT><>" got stuck [13] at <-3314.597412 1050.380981 248.031249> Eye Position <-3314.597412 1050.380981 312.031249> Eye Angles <53.854980 179.999999 0.000000> Last Known Nav Area ID <494>
L 07/04/2026 - 18:17:39: [navbot_stuck_logger.smx] Bot "[NAV] Bot 7<14><BOT><>" got stuck [3] at <-3314.597412 1050.384765 248.031249> Eye Position <-3314.597412 1050.384765 312.031249> Eye Angles <53.854980 -179.989013 0.000000> Last Known Nav Area ID <494>
L 07/04/2026 - 18:17:40: [navbot_stuck_logger.smx] Bot "[NAV] Bot 5<12><BOT><>" got stuck [13] at <-826.839843 7.296387 101.109420> Eye Position <-826.839843 7.296387 165.109420> Eye Angles <16.369628 100.662231 0.000000> Last Known Nav Area ID <1539>
L 07/04/2026 - 18:17:40: [navbot_stuck_logger.smx] Bot "[NAV] Bot 15<21><BOT><>" got stuck [12] at <-3314.597412 1050.379882 248.031249> Eye Position <-3314.597412 1050.379882 312.031249> Eye Angles <53.854980 179.999999 0.000000> Last Known Nav Area ID <494>
L 07/04/2026 - 18:17:40: [navbot_stuck_logger.smx] Bot "[NAV] Bot 14<18><BOT><>" got stuck [1] at <-3314.597412 1050.719848 248.031249> Eye Position <-3314.597412 1050.719848 312.031249> Eye Angles <53.854980 -179.588012 0.000000> Last Known Nav Area ID <494>
L 07/04/2026 - 18:17:40: [navbot_stuck_logger.smx] Bot "[NAV] Bot 8<13><BOT><>" got stuck [14] at <-3314.597412 1050.380981 248.031249> Eye Position <-3314.597412 1050.380981 312.031249> Eye Angles <53.854980 179.999999 0.000000> Last Known Nav Area ID <494>
L 07/04/2026 - 18:17:40: [navbot_stuck_logger.smx] Bot "[NAV] Bot 7<14><BOT><>" got stuck [4] at <-3314.597412 1050.387573 248.031249> Eye Position <-3314.597412 1050.387573 312.031249> Eye Angles <53.854980 -179.989013 0.000000> Last Known Nav Area ID <494>
L 07/04/2026 - 18:17:41: [navbot_stuck_logger.smx] Bot "[NAV] Bot 5<12><BOT><>" got stuck [14] at <-824.849731 18.111490 97.669921> Eye Position <-824.849731 18.111490 161.669921> Eye Angles <-17.374877 -124.345901 0.000000> Last Known Nav Area ID <1539>
L 07/04/2026 - 18:17:41: [navbot_stuck_logger.smx] Bot "[NAV] Bot 15<21><BOT><>" got stuck [13] at <-3314.597412 1050.379882 248.031249> Eye Position <-3314.597412 1050.379882 312.031249> Eye Angles <53.854980 179.999999 0.000000> Last Known Nav Area ID <494>
L 07/04/2026 - 18:17:41: [navbot_stuck_logger.smx] Bot "[NAV] Bot 14<18><BOT><>" got stuck [2] at <-3314.597412 1050.338623 248.031249> Eye Position <-3314.597412 1050.338623 312.031249> Eye Angles <53.854980 179.950561 0.000000> Last Known Nav Area ID <494>
L 07/04/2026 - 18:17:41: [navbot_stuck_logger.smx] Bot "[NAV] Bot 8<13><BOT><>" got stuck [15] at <-3314.597412 1050.380981 248.031249> Eye Position <-3314.597412 1050.380981 312.031249> Eye Angles <53.854980 179.999999 0.000000> Last Known Nav Area ID <494>
L 07/04/2026 - 18:17:41: [navbot_stuck_logger.smx] Bot "[NAV] Bot 7<14><BOT><>" got stuck [5] at <-3314.597412 1050.390014 248.031249> Eye Position <-3314.597412 1050.390014 312.031249> Eye Angles <53.854980 -179.983520 0.000000> Last Known Nav Area ID <494>
L 07/04/2026 - 18:17:42: [navbot_stuck_logger.smx] Bot "[NAV] Bot 5<12><BOT><>" got stuck [15] at <-822.393371 32.887458 93.020301> Eye Position <-822.393371 32.887458 157.020294> Eye Angles <-17.374877 -99.442749 0.000000> Last Known Nav Area ID <1539>
L 07/04/2026 - 18:17:42: [navbot_stuck_logger.smx] Bot "[NAV] Bot 15<21><BOT><>" got stuck [14] at <-3314.597412 1050.379882 248.031249> Eye Position <-3314.597412 1050.379882 312.031249> Eye Angles <53.854980 179.999999 0.000000> Last Known Nav Area ID <494>
L 07/04/2026 - 18:17:42: [navbot_stuck_logger.smx] Bot "[NAV] Bot 14<18><BOT><>" got stuck [3] at <-3314.597412 1050.381835 248.031249> Eye Position <-3314.597412 1050.381835 312.031249> Eye Angles <53.854980 -179.994506 0.000000> Last Known Nav Area ID <494>
L 07/04/2026 - 18:17:42: [navbot_stuck_logger.smx] Bot "[NAV] Bot 8<13><BOT><>" got stuck [16] at <-3314.597412 1050.380981 248.031249> Eye Position <-3314.597412 1050.380981 312.031249> Eye Angles <53.854980 179.999999 0.000000> Last Known Nav Area ID <494>
L 07/04/2026 - 18:17:43: [navbot_stuck_logger.smx] Bot "[NAV] Bot 7<14><BOT><>" got stuck [6] at <-3314.597412 1050.379028 248.031249> Eye Position <-3314.597412 1050.379028 312.031249> Eye Angles <53.854980 179.999999 0.000000> Last Known Nav Area ID <494>
L 07/04/2026 - 18:17:43: [navbot_stuck_logger.smx] Bot "[NAV] Bot 8<13><BOT><>" got stuck [1] at <-3314.597412 1050.380981 248.031249> Eye Position <-3314.597412 1050.380981 312.031249> Eye Angles <53.854980 179.999999 0.000000> Last Known Nav Area ID <494>
L 07/04/2026 - 18:17:43: [navbot_stuck_logger.smx] Bot "[NAV] Bot 5<12><BOT><>" got stuck [16] at <-824.418823 45.730457 91.016464> Eye Position <-824.418823 45.730457 155.016464> Eye Angles <11.640014 -11.689453 0.000000> Last Known Nav Area ID <1539>
L 07/04/2026 - 18:17:43: [navbot_stuck_logger.smx] Bot "[NAV] Bot 15<21><BOT><>" got stuck [15] at <-3314.597412 1050.379882 248.031249> Eye Position <-3314.597412 1050.379882 312.031249> Eye Angles <53.854980 179.999999 0.000000> Last Known Nav Area ID <494>
L 07/04/2026 - 18:17:44: [navbot_stuck_logger.smx] Bot "[NAV] Bot 14<18><BOT><>" got stuck [4] at <-3314.597412 1050.381591 248.031249> Eye Position <-3314.597412 1050.381591 312.031249> Eye Angles <53.854980 -179.994506 0.000000> Last Known Nav Area ID <494>
L 07/04/2026 - 18:17:44: [navbot_stuck_logger.smx] Bot "[NAV] Bot 7<14><BOT><>" got stuck [7] at <-3314.597412 1050.379028 248.031249> Eye Position <-3314.597412 1050.379028 312.031249> Eye Angles <53.854980 179.999999 0.000000> Last Known Nav Area ID <494>
L 07/04/2026 - 18:17:44: [navbot_stuck_logger.smx] Bot "[NAV] Bot 8<13><BOT><>" got stuck [2] at <-3314.597412 1050.380981 248.031249> Eye Position <-3314.597412 1050.380981 312.031249> Eye Angles <53.854980 179.999999 0.000000> Last Known Nav Area ID <494>
L 07/04/2026 - 18:17:45: [navbot_stuck_logger.smx] Bot "[NAV] Bot 15<21><BOT><>" got stuck [16] at <-3314.597412 1050.379882 248.031249> Eye Position <-3314.597412 1050.379882 312.031249> Eye Angles <53.854980 179.999999 0.000000> Last Known Nav Area ID <494>
L 07/04/2026 - 18:17:45: [navbot_stuck_logger.smx] Bot "[NAV] Bot 14<18><BOT><>" got stuck [5] at <-3314.597412 1050.381347 248.031249> Eye Position <-3314.597412 1050.381347 312.031249> Eye Angles <53.854980 -179.994506 0.000000> Last Known Nav Area ID <494>
L 07/04/2026 - 18:17:45: [navbot_stuck_logger.smx] Bot "[NAV] Bot 15<21><BOT><>" got stuck [1] at <-3314.597412 1050.379882 248.031249> Eye Position <-3314.597412 1050.379882 312.031249> Eye Angles <53.854980 179.999999 0.000000> Last Known Nav Area ID <494>
L 07/04/2026 - 18:17:45: [navbot_stuck_logger.smx] Bot "[NAV] Bot 7<14><BOT><>" got stuck [8] at <-3314.597412 1050.379028 248.031249> Eye Position <-3314.597412 1050.379028 312.031249> Eye Angles <53.854980 179.999999 0.000000> Last Known Nav Area ID <494>
L 07/04/2026 - 18:17:45: [navbot_stuck_logger.smx] Bot "[NAV] Bot 8<13><BOT><>" got stuck [3] at <-3314.597412 1050.380981 248.031249> Eye Position <-3314.597412 1050.380981 312.031249> Eye Angles <53.854980 179.999999 0.000000> Last Known Nav Area ID <494>
L 07/04/2026 - 18:17:46: [navbot_stuck_logger.smx] Bot "[NAV] Bot 14<18><BOT><>" got stuck [6] at <-3314.597412 1050.380981 248.031249> Eye Position <-3314.597412 1050.380981 312.031249> Eye Angles <53.854980 -179.994506 0.000000> Last Known Nav Area ID <494>
L 07/04/2026 - 18:17:46: [navbot_stuck_logger.smx] Bot "[NAV] Bot 15<21><BOT><>" got stuck [2] at <-3314.597412 1050.378173 248.031249> Eye Position <-3314.597412 1050.378173 312.031249> Eye Angles <53.854980 179.999999 0.000000> Last Known Nav Area ID <494>
L 07/04/2026 - 18:17:46: [navbot_stuck_logger.smx] Bot "[NAV] Bot 7<14><BOT><>" got stuck [9] at <-3314.597412 1050.379028 248.031249> Eye Position <-3314.597412 1050.379028 312.031249> Eye Angles <53.854980 179.999999 0.000000> Last Known Nav Area ID <494>
L 07/04/2026 - 18:17:46: [navbot_stuck_logger.smx] Bot "[NAV] Bot 8<13><BOT><>" got stuck [4] at <-3314.597412 1050.380981 248.031249> Eye Position <-3314.597412 1050.380981 312.031249> Eye Angles <53.854980 179.999999 0.000000> Last Known Nav Area ID <494>
L 07/04/2026 - 18:17:47: [navbot_stuck_logger.smx] Bot "[NAV] Bot 14<18><BOT><>" got stuck [7] at <-3314.597412 1050.379516 248.031249> Eye Position <-3314.597412 1050.379516 312.031249> Eye Angles <53.854980 179.999999 0.000000> Last Known Nav Area ID <494>
L 07/04/2026 - 18:17:47: [navbot_stuck_logger.smx] Bot "[NAV] Bot 15<21><BOT><>" got stuck [3] at <-3314.597412 1050.376220 248.031249> Eye Position <-3314.597412 1050.376220 312.031249> Eye Angles <53.854980 179.994506 0.000000> Last Known Nav Area ID <494>
L 07/04/2026 - 18:17:47: [navbot_stuck_logger.smx] Bot "[NAV] Bot 7<14><BOT><>" got stuck [10] at <-3314.597412 1050.379028 248.031249> Eye Position <-3314.597412 1050.379028 312.031249> Eye Angles <53.854980 179.999999 0.000000> Last Known Nav Area ID <494>
L 07/04/2026 - 18:17:47: [navbot_stuck_logger.smx] Bot "[NAV] Bot 8<13><BOT><>" got stuck [5] at <-3314.597412 1050.380981 248.031249> Eye Position <-3314.597412 1050.380981 312.031249> Eye Angles <53.854980 179.999999 0.000000> Last Known Nav Area ID <494>
L 07/04/2026 - 18:17:48: [navbot_stuck_logger.smx] Bot "[NAV] Bot 14<18><BOT><>" got stuck [8] at <-3314.597412 1050.378784 248.031249> Eye Position <-3314.597412 1050.378784 312.031249> Eye Angles <53.854980 179.999999 0.000000> Last Known Nav Area ID <494>
L 07/04/2026 - 18:17:48: [navbot_stuck_logger.smx] Bot "[NAV] Bot 15<21><BOT><>" got stuck [4] at <-3314.597412 1050.378540 248.031249> Eye Position <-3314.597412 1050.378540 312.031249> Eye Angles <53.854980 179.999999 0.000000> Last Known Nav Area ID <494>
L 07/04/2026 - 18:17:48: [navbot_stuck_logger.smx] Bot "[NAV] Bot 8<13><BOT><>" got stuck [6] at <-3314.597412 1050.380981 248.031249> Eye Position <-3314.597412 1050.380981 312.031249> Eye Angles <53.854980 179.999999 0.000000> Last Known Nav Area ID <494>
L 07/04/2026 - 18:17:49: [navbot_stuck_logger.smx] Bot "[NAV] Bot 14<18><BOT><>" got stuck [9] at <-3314.597412 1050.380004 248.031249> Eye Position <-3314.597412 1050.380004 312.031249> Eye Angles <53.854980 179.999999 0.000000> Last Known Nav Area ID <494>
L 07/04/2026 - 18:17:49: [navbot_stuck_logger.smx] Bot "[NAV] Bot 15<21><BOT><>" got stuck [5] at <-3314.597412 1050.381225 248.031249> Eye Position <-3314.597412 1050.381225 312.031249> Eye Angles <53.854980 -179.994506 0.000000> Last Known Nav Area ID <494>
L 07/04/2026 - 18:17:49: [navbot_stuck_logger.smx] Bot "[NAV] Bot 8<13><BOT><>" got stuck [7] at <-3314.597412 1050.380981 248.031249> Eye Position <-3314.597412 1050.380981 312.031249> Eye Angles <53.854980 179.999999 0.000000> Last Known Nav Area ID <494>
L 07/04/2026 - 18:17:50: [navbot_stuck_logger.smx] Bot "[NAV] Bot 14<18><BOT><>" got stuck [10] at <-3314.597412 1050.381225 248.031249> Eye Position <-3314.597412 1050.381225 312.031249> Eye Angles <53.854980 -179.994506 0.000000> Last Known Nav Area ID <494>
L 07/04/2026 - 18:17:50: [navbot_stuck_logger.smx] Bot "[NAV] Bot 15<21><BOT><>" got stuck [6] at <-3314.597412 1050.379150 248.031249> Eye Position <-3314.597412 1050.379150 312.031249> Eye Angles <53.854980 179.999999 0.000000> Last Known Nav Area ID <494>
L 07/04/2026 - 18:17:50: [navbot_stuck_logger.smx] Bot "[NAV] Bot 8<13><BOT><>" got stuck [8] at <-3314.597412 1050.380981 248.031249> Eye Position <-3314.597412 1050.380981 312.031249> Eye Angles <53.854980 179.999999 0.000000> Last Known Nav Area ID <494>
L 07/04/2026 - 18:17:51: [navbot_stuck_logger.smx] Bot "[NAV] Bot 14<18><BOT><>" got stuck [11] at <-3314.597412 1050.382812 248.031249> Eye Position <-3314.597412 1050.382812 312.031249> Eye Angles <53.854980 -179.994506 0.000000> Last Known Nav Area ID <494>
L 07/04/2026 - 18:17:51: [navbot_stuck_logger.smx] Bot "[NAV] Bot 15<21><BOT><>" got stuck [7] at <-3314.597412 1050.376464 248.031249> Eye Position <-3314.597412 1050.376464 312.031249> Eye Angles <53.854980 179.994506 0.000000> Last Known Nav Area ID <494>
L 07/04/2026 - 18:17:51: [navbot_stuck_logger.smx] Bot "[NAV] Bot 8<13><BOT><>" got stuck [9] at <-3314.597412 1050.380981 248.031249> Eye Position <-3314.597412 1050.380981 312.031249> Eye Angles <53.854980 179.999999 0.000000> Last Known Nav Area ID <494>
L 07/04/2026 - 18:17:52: [navbot_stuck_logger.smx] Bot "[NAV] Bot 14<18><BOT><>" got stuck [12] at <-3314.597412 1050.383056 248.031249> Eye Position <-3314.597412 1050.383056 312.031249> Eye Angles <53.854980 -179.994506 0.000000> Last Known Nav Area ID <494>
L 07/04/2026 - 18:17:52: [navbot_stuck_logger.smx] Bot "[NAV] Bot 15<21><BOT><>" got stuck [8] at <-3314.597412 1050.378295 248.031249> Eye Position <-3314.597412 1050.378295 312.031249> Eye Angles <53.854980 179.999999 0.000000> Last Known Nav Area ID <494>
L 07/04/2026 - 18:17:52: [navbot_stuck_logger.smx] Bot "[NAV] Bot 8<13><BOT><>" got stuck [10] at <-3314.597412 1050.380981 248.031249> Eye Position <-3314.597412 1050.380981 312.031249> Eye Angles <53.854980 179.999999 0.000000> Last Known Nav Area ID <494>
L 07/04/2026 - 18:17:53: [navbot_stuck_logger.smx] Bot "[NAV] Bot 14<18><BOT><>" got stuck [13] at <-3314.597412 1050.384155 248.031249> Eye Position <-3314.597412 1050.384155 312.031249> Eye Angles <53.854980 -179.994506 0.000000> Last Known Nav Area ID <494>
L 07/04/2026 - 18:17:53: [navbot_stuck_logger.smx] Bot "[NAV] Bot 15<21><BOT><>" got stuck [9] at <-3314.597412 1050.381469 248.031249> Eye Position <-3314.597412 1050.381469 312.031249> Eye Angles <53.854980 -179.994506 0.000000> Last Known Nav Area ID <494>
L 07/04/2026 - 18:17:54: [navbot_stuck_logger.smx] Bot "[NAV] Bot 14<18><BOT><>" got stuck [14] at <-3314.597412 1050.384399 248.031249> Eye Position <-3314.597412 1050.384399 312.031249> Eye Angles <53.854980 -179.994506 0.000000> Last Known Nav Area ID <494>
L 07/04/2026 - 18:17:54: [navbot_stuck_logger.smx] Bot "[NAV] Bot 15<21><BOT><>" got stuck [10] at <-3314.597412 1050.380493 248.031249> Eye Position <-3314.597412 1050.380493 312.031249> Eye Angles <53.854980 179.999999 0.000000> Last Known Nav Area ID <494>
L 07/04/2026 - 18:17:55: [navbot_stuck_logger.smx] Bot "[NAV] Bot 14<18><BOT><>" got stuck [15] at <-3314.597412 1050.383666 248.031249> Eye Position <-3314.597412 1050.383666 312.031249> Eye Angles <53.854980 -179.994506 0.000000> Last Known Nav Area ID <494>
L 07/04/2026 - 18:17:56: [navbot_stuck_logger.smx] Bot "[NAV] Bot 14<18><BOT><>" got stuck [16] at <-3314.597412 1050.380981 248.031249> Eye Position <-3314.597412 1050.380981 312.031249> Eye Angles <53.854980 179.999999 0.000000> Last Known Nav Area ID <494>
L 07/04/2026 - 18:17:56: [navbot_stuck_logger.smx] Bot "[NAV] Bot 14<18><BOT><>" got stuck [1] at <-3314.597412 1050.384521 248.031249> Eye Position <-3314.597412 1050.384521 312.031249> Eye Angles <53.854980 -179.994506 0.000000> Last Known Nav Area ID <494>
L 07/04/2026 - 18:17:57: [navbot_stuck_logger.smx] Bot "[NAV] Bot 17<20><BOT><>" got stuck [1] at <-3346.381591 1087.999999 248.031249> Eye Position <-3346.381591 1087.999999 312.031249> Eye Angles <0.000000 -90.450439 0.000000> Last Known Nav Area ID <1560>
L 07/04/2026 - 18:17:57: [navbot_stuck_logger.smx] Bot "[NAV] Bot 14<18><BOT><>" got stuck [2] at <-3314.597412 1050.383300 248.031249> Eye Position <-3314.597412 1050.383300 312.031249> Eye Angles <53.854980 -179.994506 0.000000> Last Known Nav Area ID <494>
L 07/04/2026 - 18:17:58: [navbot_stuck_logger.smx] Bot "[NAV] Bot 17<20><BOT><>" got stuck [2] at <-3346.524902 1087.999999 248.031249> Eye Position <-3346.524902 1087.999999 312.031249> Eye Angles <0.000000 -90.192260 0.000000> Last Known Nav Area ID <1560>
L 07/04/2026 - 18:17:58: [navbot_stuck_logger.smx] Bot "[NAV] Bot 14<18><BOT><>" got stuck [3] at <-3314.597412 1050.382324 248.031249> Eye Position <-3314.597412 1050.382324 312.031249> Eye Angles <53.854980 -179.994506 0.000000> Last Known Nav Area ID <494>
L 07/04/2026 - 18:17:59: [navbot_stuck_logger.smx] Bot "[NAV] Bot 17<20><BOT><>" got stuck [3] at <-3346.611572 1087.999999 248.031249> Eye Position <-3346.611572 1087.999999 312.031249> Eye Angles <0.000000 -90.032958 0.000000> Last Known Nav Area ID <1560>
L 07/04/2026 - 18:17:59: [navbot_stuck_logger.smx] Bot "[NAV] Bot 14<18><BOT><>" got stuck [4] at <-3314.597412 1050.381958 248.031249> Eye Position <-3314.597412 1050.381958 312.031249> Eye Angles <53.854980 -179.994506 0.000000> Last Known Nav Area ID <494>
L 07/04/2026 - 18:18:00: [navbot_stuck_logger.smx] Bot "[NAV] Bot 17<20><BOT><>" got stuck [4] at <-3346.620117 1087.999999 248.031249> Eye Position <-3346.620117 1087.999999 312.031249> Eye Angles <0.000000 -90.021972 0.000000> Last Known Nav Area ID <1560>
L 07/04/2026 - 18:18:00: [navbot_stuck_logger.smx] Bot "[NAV] Bot 14<18><BOT><>" got stuck [5] at <-3314.597412 1050.381103 248.031249> Eye Position <-3314.597412 1050.381103 312.031249> Eye Angles <53.854980 179.999999 0.000000> Last Known Nav Area ID <494>
L 07/04/2026 - 18:18:01: [navbot_stuck_logger.smx] Bot "[NAV] Bot 17<20><BOT><>" got stuck [5] at <-3346.633300 1087.999999 248.031249> Eye Position <-3346.633300 1087.999999 312.031249> Eye Angles <0.000000 -89.994506 0.000000> Last Known Nav Area ID <1560>
L 07/04/2026 - 18:18:01: [navbot_stuck_logger.smx] Bot "[NAV] Bot 14<18><BOT><>" got stuck [6] at <-3314.597412 1050.378417 248.031249> Eye Position <-3314.597412 1050.378417 312.031249> Eye Angles <53.854980 179.999999 0.000000> Last Known Nav Area ID <494>
L 07/04/2026 - 18:18:02: [navbot_stuck_logger.smx] Bot "[NAV] Bot 17<20><BOT><>" got stuck [6] at <-3346.630615 1087.999999 248.031249> Eye Position <-3346.630615 1087.999999 312.031249> Eye Angles <0.000000 -90.000000 0.000000> Last Known Nav Area ID <1560>
L 07/04/2026 - 18:18:03: [navbot_stuck_logger.smx] Bot "[NAV] Bot 14<18><BOT><>" got stuck [7] at <-3314.597412 1050.374999 248.031249> Eye Position <-3314.597412 1050.374999 312.031249> Eye Angles <53.854980 179.994506 0.000000> Last Known Nav Area ID <494>
L 07/04/2026 - 18:18:03: [navbot_stuck_logger.smx] Bot "[NAV] Bot 17<20><BOT><>" got stuck [7] at <-3346.630615 1087.999999 248.031249> Eye Position <-3346.630615 1087.999999 312.031249> Eye Angles <0.000000 -90.000000 0.000000> Last Known Nav Area ID <1560>
L 07/04/2026 - 18:18:04: [navbot_stuck_logger.smx] Bot "[NAV] Bot 14<18><BOT><>" got stuck [8] at <-3314.597412 1050.372070 248.031249> Eye Position <-3314.597412 1050.372070 312.031249> Eye Angles <53.854980 179.989013 0.000000> Last Known Nav Area ID <494>
L 07/04/2026 - 18:18:04: [navbot_stuck_logger.smx] Bot "[NAV] Bot 17<20><BOT><>" got stuck [8] at <-3346.630615 1087.999999 248.031249> Eye Position <-3346.630615 1087.999999 312.031249> Eye Angles <0.000000 -90.000000 0.000000> Last Known Nav Area ID <1560>
L 07/04/2026 - 18:18:04: [navbot_stuck_logger.smx] Bot "[NAV] Bot 9<17><BOT><>" got stuck [1] at <-3314.597412 1050.751098 248.031249> Eye Position <-3314.597412 1050.751098 312.031249> Eye Angles <53.854980 -179.555053 0.000000> Last Known Nav Area ID <494>
L 07/04/2026 - 18:18:05: [navbot_stuck_logger.smx] Bot "[NAV] Bot 14<18><BOT><>" got stuck [9] at <-3314.597412 1050.368408 248.031249> Eye Position <-3314.597412 1050.368408 312.031249> Eye Angles <53.854980 179.989013 0.000000> Last Known Nav Area ID <494>
L 07/04/2026 - 18:18:05: [navbot_stuck_logger.smx] Bot "[NAV] Bot 5<12><BOT><>" got stuck [1] at <-646.461364 322.564208 155.510848> Eye Position <-646.461364 322.564208 219.510848> Eye Angles <1.887023 -91.705749 0.000000> Last Known Nav Area ID <1851>
L 07/04/2026 - 18:18:05: [navbot_stuck_logger.smx] Bot "[NAV] Bot 17<20><BOT><>" got stuck [9] at <-3346.630615 1087.999999 248.031249> Eye Position <-3346.630615 1087.999999 312.031249> Eye Angles <0.000000 -90.000000 0.000000> Last Known Nav Area ID <1560>
L 07/04/2026 - 18:18:06: [navbot_stuck_logger.smx] Bot "[NAV] Bot 9<17><BOT><>" got stuck [2] at <-3314.597412 1050.332763 248.031249> Eye Position <-3314.597412 1050.332763 312.031249> Eye Angles <53.854980 179.945068 0.000000> Last Known Nav Area ID <494>
L 07/04/2026 - 18:18:06: [navbot_stuck_logger.smx] Bot "[NAV] Bot 14<18><BOT><>" got stuck [10] at <-3314.597412 1050.367309 248.031249> Eye Position <-3314.597412 1050.367309 312.031249> Eye Angles <53.854980 179.989013 0.000000> Last Known Nav Area ID <494>
L 07/04/2026 - 18:18:06: [navbot_stuck_logger.smx] Bot "[NAV] Bot 17<20><BOT><>" got stuck [10] at <-3346.630615 1087.999999 248.031249> Eye Position <-3346.630615 1087.999999 312.031249> Eye Angles <0.000000 -90.000000 0.000000> Last Known Nav Area ID <1560>
L 07/04/2026 - 18:18:07: [navbot_stuck_logger.smx] Bot "[NAV] Bot 9<17><BOT><>" got stuck [3] at <-3314.597412 1050.394165 248.031249> Eye Position <-3314.597412 1050.394165 312.031249> Eye Angles <53.854980 -179.983520 0.000000> Last Known Nav Area ID <494>
L 07/04/2026 - 18:18:07: [navbot_stuck_logger.smx] Bot "[NAV] Bot 17<20><BOT><>" got stuck [11] at <-3288.617431 1089.407470 248.031249> Eye Position <-3288.617431 1089.407470 312.031249> Eye Angles <0.000000 -17.031433 0.000000> Last Known Nav Area ID <214>
L 07/04/2026 - 18:18:08: [navbot_stuck_logger.smx] Bot "[NAV] Bot 9<17><BOT><>" got stuck [4] at <-3314.597412 1050.395629 248.031249> Eye Position <-3314.597412 1050.395629 312.031249> Eye Angles <53.854980 -179.978027 0.000000> Last Known Nav Area ID <494>
L 07/04/2026 - 18:18:09: [navbot_stuck_logger.smx] Bot "[NAV] Bot 9<17><BOT><>" got stuck [5] at <-3314.597412 1050.377319 248.031249> Eye Position <-3314.597412 1050.377319 312.031249> Eye Angles <53.854980 179.999999 0.000000> Last Known Nav Area ID <494>
L 07/04/2026 - 18:18:10: [navbot_stuck_logger.smx] Bot "[NAV] Bot 9<17><BOT><>" got stuck [6] at <-3314.597412 1050.377319 248.031249> Eye Position <-3314.597412 1050.377319 312.031249> Eye Angles <53.854980 179.999999 0.000000> Last Known Nav Area ID <494>
L 07/04/2026 - 18:18:11: [navbot_stuck_logger.smx] Bot "[NAV] Bot 9<17><BOT><>" got stuck [7] at <-3314.597412 1050.377319 248.031249> Eye Position <-3314.597412 1050.377319 312.031249> Eye Angles <53.854980 179.999999 0.000000> Last Known Nav Area ID <494>
L 07/04/2026 - 18:18:12: [navbot_stuck_logger.smx] Bot "[NAV] Bot 9<17><BOT><>" got stuck [8] at <-3314.597412 1050.377319 248.031249> Eye Position <-3314.597412 1050.377319 312.031249> Eye Angles <53.854980 179.999999 0.000000> Last Known Nav Area ID <494>
L 07/04/2026 - 18:18:13: [navbot_stuck_logger.smx] Bot "[NAV] Bot 9<17><BOT><>" got stuck [9] at <-3314.597412 1050.377319 248.031249> Eye Position <-3314.597412 1050.377319 312.031249> Eye Angles <53.854980 179.999999 0.000000> Last Known Nav Area ID <494>
L 07/04/2026 - 18:18:14: [navbot_stuck_logger.smx] Bot "[NAV] Bot 9<17><BOT><>" got stuck [10] at <-3314.597412 1050.377319 248.031249> Eye Position <-3314.597412 1050.377319 312.031249> Eye Angles <53.854980 179.999999 0.000000> Last Known Nav Area ID <494>
L 07/04/2026 - 18:18:15: [navbot_stuck_logger.smx] Bot "[NAV] Bot 9<17><BOT><>" got stuck [11] at <-3314.597412 1050.377319 248.031249> Eye Position <-3314.597412 1050.377319 312.031249> Eye Angles <53.854980 179.999999 0.000000> Last Known Nav Area ID <494>
L 07/04/2026 - 18:18:16: [navbot_stuck_logger.smx] Bot "[NAV] Bot 9<17><BOT><>" got stuck [12] at <-3314.597412 1050.377319 248.031249> Eye Position <-3314.597412 1050.377319 312.031249> Eye Angles <53.854980 179.999999 0.000000> Last Known Nav Area ID <494>
L 07/04/2026 - 18:18:16: [navbot_stuck_logger.smx] Bot "[NAV] Bot 7<14><BOT><>" got stuck [1] at <-3314.597412 1050.865478 248.031249> Eye Position <-3314.597412 1050.865478 312.031249> Eye Angles <53.854980 -179.417724 0.000000> Last Known Nav Area ID <494>
L 07/04/2026 - 18:18:17: [navbot_stuck_logger.smx] Bot "[NAV] Bot 9<17><BOT><>" got stuck [13] at <-3314.597412 1050.377319 248.031249> Eye Position <-3314.597412 1050.377319 312.031249> Eye Angles <53.854980 179.999999 0.000000> Last Known Nav Area ID <494>
L 07/04/2026 - 18:18:17: [navbot_stuck_logger.smx] Bot "[NAV] Bot 7<14><BOT><>" got stuck [2] at <-3314.597412 1050.311279 248.031249> Eye Position <-3314.597412 1050.311279 312.031249> Eye Angles <53.854980 179.917602 0.000000> Last Known Nav Area ID <494>
L 07/04/2026 - 18:18:18: [navbot_stuck_logger.smx] Bot "[NAV] Bot 9<17><BOT><>" got stuck [14] at <-3314.597412 1050.377319 248.031249> Eye Position <-3314.597412 1050.377319 312.031249> Eye Angles <53.854980 179.999999 0.000000> Last Known Nav Area ID <494>
L 07/04/2026 - 18:18:18: [navbot_stuck_logger.smx] Bot "[NAV] Bot 7<14><BOT><>" got stuck [3] at <-3314.597412 1050.380859 248.031249> Eye Position <-3314.597412 1050.380859 312.031249> Eye Angles <53.854980 179.999999 0.000000> Last Known Nav Area ID <494>
L 07/04/2026 - 18:18:19: [navbot_stuck_logger.smx] Bot "[NAV] Bot 9<17><BOT><>" got stuck [15] at <-3314.597412 1050.377319 248.031249> Eye Position <-3314.597412 1050.377319 312.031249> Eye Angles <53.854980 179.999999 0.000000> Last Known Nav Area ID <494>
L 07/04/2026 - 18:18:19: [navbot_stuck_logger.smx] Bot "[NAV] Bot 7<14><BOT><>" got stuck [4] at <-3314.597412 1050.378540 248.031249> Eye Position <-3314.597412 1050.378540 312.031249> Eye Angles <53.854980 179.999999 0.000000> Last Known Nav Area ID <494>
L 07/04/2026 - 18:18:20: [navbot_stuck_logger.smx] Bot "[NAV] Bot 9<17><BOT><>" got stuck [16] at <-3314.597412 1050.377319 248.031249> Eye Position <-3314.597412 1050.377319 312.031249> Eye Angles <53.854980 179.999999 0.000000> Last Known Nav Area ID <494>
L 07/04/2026 - 18:18:20: [navbot_stuck_logger.smx] Bot "[NAV] Bot 9<17><BOT><>" got stuck [1] at <-3314.597412 1050.377319 248.031249> Eye Position <-3314.597412 1050.377319 312.031249> Eye Angles <53.854980 179.999999 0.000000> Last Known Nav Area ID <494>
L 07/04/2026 - 18:18:20: [navbot_stuck_logger.smx] Bot "[NAV] Bot 7<14><BOT><>" got stuck [5] at <-3314.597412 1050.379882 248.031249> Eye Position <-3314.597412 1050.379882 312.031249> Eye Angles <53.854980 179.999999 0.000000> Last Known Nav Area ID <494>
L 07/04/2026 - 18:18:21: [navbot_stuck_logger.smx] Bot "[NAV] Bot 9<17><BOT><>" got stuck [2] at <-3314.597412 1050.377319 248.031249> Eye Position <-3314.597412 1050.377319 312.031249> Eye Angles <53.854980 179.999999 0.000000> Last Known Nav Area ID <494>
L 07/04/2026 - 18:18:21: [navbot_stuck_logger.smx] Bot "[NAV] Bot 7<14><BOT><>" got stuck [6] at <-3314.597412 1050.379882 248.031249> Eye Position <-3314.597412 1050.379882 312.031249> Eye Angles <53.854980 179.999999 0.000000> Last Known Nav Area ID <494>
L 07/04/2026 - 18:18:22: [navbot_stuck_logger.smx] Bot "[NAV] Bot 9<17><BOT><>" got stuck [3] at <-3314.597412 1050.377319 248.031249> Eye Position <-3314.597412 1050.377319 312.031249> Eye Angles <53.854980 179.999999 0.000000> Last Known Nav Area ID <494>
L 07/04/2026 - 18:18:22: [navbot_stuck_logger.smx] Bot "[NAV] Bot 7<14><BOT><>" got stuck [7] at <-3314.597412 1050.379882 248.031249> Eye Position <-3314.597412 1050.379882 312.031249> Eye Angles <53.854980 179.999999 0.000000> Last Known Nav Area ID <494>
L 07/04/2026 - 18:18:23: [navbot_stuck_logger.smx] Bot "[NAV] Bot 9<17><BOT><>" got stuck [4] at <-3314.597412 1050.377319 248.031249> Eye Position <-3314.597412 1050.377319 312.031249> Eye Angles <53.854980 179.999999 0.000000> Last Known Nav Area ID <494>
L 07/04/2026 - 18:18:24: [navbot_stuck_logger.smx] Bot "[NAV] Bot 7<14><BOT><>" got stuck [8] at <-3314.597412 1050.379882 248.031249> Eye Position <-3314.597412 1050.379882 312.031249> Eye Angles <53.854980 179.999999 0.000000> Last Known Nav Area ID <494>
L 07/04/2026 - 18:18:25: [navbot_stuck_logger.smx] Bot "[NAV] Bot 9<17><BOT><>" got stuck [5] at <-3314.597412 1050.377319 248.031249> Eye Position <-3314.597412 1050.377319 312.031249> Eye Angles <53.854980 179.999999 0.000000> Last Known Nav Area ID <494>
L 07/04/2026 - 18:18:25: [navbot_stuck_logger.smx] Bot "[NAV] Bot 7<14><BOT><>" got stuck [9] at <-3314.597412 1050.379882 248.031249> Eye Position <-3314.597412 1050.379882 312.031249> Eye Angles <53.854980 179.999999 0.000000> Last Known Nav Area ID <494>
L 07/04/2026 - 18:18:26: [navbot_stuck_logger.smx] Bot "[NAV] Bot 9<17><BOT><>" got stuck [6] at <-3314.597412 1050.377319 248.031249> Eye Position <-3314.597412 1050.377319 312.031249> Eye Angles <53.854980 179.999999 0.000000> Last Known Nav Area ID <494>
L 07/04/2026 - 18:18:26: [navbot_stuck_logger.smx] Bot "[NAV] Bot 7<14><BOT><>" got stuck [10] at <-3314.597412 1050.379882 248.031249> Eye Position <-3314.597412 1050.379882 312.031249> Eye Angles <53.854980 179.999999 0.000000> Last Known Nav Area ID <494>
L 07/04/2026 - 18:18:27: [navbot_stuck_logger.smx] Bot "[NAV] Bot 9<17><BOT><>" got stuck [7] at <-3314.597412 1050.377319 248.031249> Eye Position <-3314.597412 1050.377319 312.031249> Eye Angles <53.854980 179.999999 0.000000> Last Known Nav Area ID <494>
L 07/04/2026 - 18:18:27: [navbot_stuck_logger.smx] Bot "[NAV] Bot 7<14><BOT><>" got stuck [11] at <-3314.597412 1050.379882 248.031249> Eye Position <-3314.597412 1050.379882 312.031249> Eye Angles <53.854980 179.999999 0.000000> Last Known Nav Area ID <494>
L 07/04/2026 - 18:18:28: [navbot_stuck_logger.smx] Bot "[NAV] Bot 9<17><BOT><>" got stuck [8] at <-3314.597412 1050.377319 248.031249> Eye Position <-3314.597412 1050.377319 312.031249> Eye Angles <53.854980 179.999999 0.000000> Last Known Nav Area ID <494>
L 07/04/2026 - 18:18:28: [navbot_stuck_logger.smx] Bot "[NAV] Bot 7<14><BOT><>" got stuck [12] at <-3314.597412 1050.379882 248.031249> Eye Position <-3314.597412 1050.379882 312.031249> Eye Angles <53.854980 179.999999 0.000000> Last Known Nav Area ID <494>
L 07/04/2026 - 18:18:29: [navbot_stuck_logger.smx] Bot "[NAV] Bot 9<17><BOT><>" got stuck [9] at <-3314.597412 1050.377319 248.031249> Eye Position <-3314.597412 1050.377319 312.031249> Eye Angles <53.854980 179.999999 0.000000> Last Known Nav Area ID <494>
L 07/04/2026 - 18:18:29: [navbot_stuck_logger.smx] Bot "[NAV] Bot 7<14><BOT><>" got stuck [13] at <-3314.597412 1050.379882 248.031249> Eye Position <-3314.597412 1050.379882 312.031249> Eye Angles <53.854980 179.999999 0.000000> Last Known Nav Area ID <494>
L 07/04/2026 - 18:18:30: [navbot_stuck_logger.smx] Bot "[NAV] Bot 9<17><BOT><>" got stuck [10] at <-3314.597412 1050.377319 248.031249> Eye Position <-3314.597412 1050.377319 312.031249> Eye Angles <53.854980 179.999999 0.000000> Last Known Nav Area ID <494>
L 07/04/2026 - 18:18:30: [navbot_stuck_logger.smx] Bot "[NAV] Bot 7<14><BOT><>" got stuck [14] at <-3314.597412 1050.379882 248.031249> Eye Position <-3314.597412 1050.379882 312.031249> Eye Angles <53.854980 179.999999 0.000000> Last Known Nav Area ID <494>
L 07/04/2026 - 18:18:31: [navbot_stuck_logger.smx] Bot "[NAV] Bot 7<14><BOT><>" got stuck [15] at <-3314.597412 1050.379882 248.031249> Eye Position <-3314.597412 1050.379882 312.031249> Eye Angles <53.854980 179.999999 0.000000> Last Known Nav Area ID <494>
L 07/04/2026 - 18:18:32: [navbot_stuck_logger.smx] Bot "[NAV] Bot 7<14><BOT><>" got stuck [16] at <-3314.597412 1050.379882 248.031249> Eye Position <-3314.597412 1050.379882 312.031249> Eye Angles <53.854980 179.999999 0.000000> Last Known Nav Area ID <494>
L 07/04/2026 - 18:18:32: [navbot_stuck_logger.smx] Bot "[NAV] Bot 7<14><BOT><>" got stuck [1] at <-3314.597412 1050.379882 248.031249> Eye Position <-3314.597412 1050.379882 312.031249> Eye Angles <53.854980 179.999999 0.000000> Last Known Nav Area ID <494>
L 07/04/2026 - 18:18:33: [navbot_stuck_logger.smx] Bot "[NAV] Bot 7<14><BOT><>" got stuck [2] at <-3314.597412 1050.377319 248.031249> Eye Position <-3314.597412 1050.377319 312.031249> Eye Angles <53.854980 179.999999 0.000000> Last Known Nav Area ID <494>
L 07/04/2026 - 18:18:34: [navbot_stuck_logger.smx] Bot "[NAV] Bot 7<14><BOT><>" got stuck [3] at <-3314.597412 1050.376953 248.031249> Eye Position <-3314.597412 1050.376953 312.031249> Eye Angles <53.854980 179.999999 0.000000> Last Known Nav Area ID <494>
L 07/04/2026 - 18:18:35: [navbot_stuck_logger.smx] Bot "[NAV] Bot 7<14><BOT><>" got stuck [4] at <-3314.597412 1050.379394 248.031249> Eye Position <-3314.597412 1050.379394 312.031249> Eye Angles <53.854980 179.999999 0.000000> Last Known Nav Area ID <494>
L 07/04/2026 - 18:18:36: [navbot_stuck_logger.smx] Bot "[NAV] Bot 7<14><BOT><>" got stuck [5] at <-3314.597412 1050.380981 248.031249> Eye Position <-3314.597412 1050.380981 312.031249> Eye Angles <53.854980 179.999999 0.000000> Last Known Nav Area ID <494>
L 07/04/2026 - 18:18:37: [navbot_stuck_logger.smx] Bot "[NAV] Bot 7<14><BOT><>" got stuck [6] at <-3314.597412 1050.378295 248.031249> Eye Position <-3314.597412 1050.378295 312.031249> Eye Angles <53.854980 179.999999 0.000000> Last Known Nav Area ID <494>
L 07/04/2026 - 18:18:38: [navbot_stuck_logger.smx] Bot "[NAV] Bot 7<14><BOT><>" got stuck [7] at <-3314.597412 1050.376220 248.031249> Eye Position <-3314.597412 1050.376220 312.031249> Eye Angles <53.854980 179.994506 0.000000> Last Known Nav Area ID <494>
L 07/04/2026 - 18:18:39: [navbot_stuck_logger.smx] Bot "[NAV] Bot 7<14><BOT><>" got stuck [8] at <-3314.597412 1050.379150 248.031249> Eye Position <-3314.597412 1050.379150 312.031249> Eye Angles <53.854980 179.999999 0.000000> Last Known Nav Area ID <494>
L 07/04/2026 - 18:18:40: [navbot_stuck_logger.smx] Bot "[NAV] Bot 7<14><BOT><>" got stuck [9] at <-3314.597412 1050.380981 248.031249> Eye Position <-3314.597412 1050.380981 312.031249> Eye Angles <53.854980 179.999999 0.000000> Last Known Nav Area ID <494>
L 07/04/2026 - 18:18:41: [navbot_stuck_logger.smx] Bot "[NAV] Bot 7<14><BOT><>" got stuck [10] at <-3314.597412 1050.378784 248.031249> Eye Position <-3314.597412 1050.378784 312.031249> Eye Angles <53.854980 179.999999 0.000000> Last Known Nav Area ID <494>
L 07/04/2026 - 18:18:45: [navbot_stuck_logger.smx] Bot "[NAV] Bot 14<18><BOT><>" got stuck [1] at <-3314.597412 1050.294555 248.031249> Eye Position <-3314.597412 1050.294555 312.031249> Eye Angles <53.854980 179.895629 0.000000> Last Known Nav Area ID <494>
L 07/04/2026 - 18:18:46: [navbot_stuck_logger.smx] Bot "[NAV] Bot 14<18><BOT><>" got stuck [2] at <-3314.597412 1050.367065 248.031249> Eye Position <-3314.597412 1050.367065 312.031249> Eye Angles <53.854980 179.989013 0.000000> Last Known Nav Area ID <494>
L 07/04/2026 - 18:18:48: [navbot_stuck_logger.smx] Bot "[NAV] Bot 14<18><BOT><>" got stuck [3] at <-3314.597412 1050.366577 248.031249> Eye Position <-3314.597412 1050.366577 312.031249> Eye Angles <53.854980 179.989013 0.000000> Last Known Nav Area ID <494>
L 07/04/2026 - 18:18:49: [navbot_stuck_logger.smx] Bot "[NAV] Bot 14<18><BOT><>" got stuck [4] at <-3314.597412 1050.368164 248.031249> Eye Position <-3314.597412 1050.368164 312.031249> Eye Angles <53.854980 179.989013 0.000000> Last Known Nav Area ID <494>
L 07/04/2026 - 18:18:50: [navbot_stuck_logger.smx] Bot "[NAV] Bot 14<18><BOT><>" got stuck [5] at <-3314.597412 1050.371215 248.031249> Eye Position <-3314.597412 1050.371215 312.031249> Eye Angles <53.854980 179.994506 0.000000> Last Known Nav Area ID <494>
L 07/04/2026 - 18:18:51: [navbot_stuck_logger.smx] Bot "[NAV] Bot 14<18><BOT><>" got stuck [6] at <-3314.597412 1050.375854 248.031249> Eye Position <-3314.597412 1050.375854 312.031249> Eye Angles <53.854980 179.999999 0.000000> Last Known Nav Area ID <494>
L 07/04/2026 - 18:18:52: [navbot_stuck_logger.smx] Bot "[NAV] Bot 14<18><BOT><>" got stuck [7] at <-3314.597412 1050.378662 248.031249> Eye Position <-3314.597412 1050.378662 312.031249> Eye Angles <53.854980 179.999999 0.000000> Last Known Nav Area ID <494>
L 07/04/2026 - 18:18:53: [navbot_stuck_logger.smx] Bot "[NAV] Bot 14<18><BOT><>" got stuck [8] at <-3314.597412 1050.377685 248.031249> Eye Position <-3314.597412 1050.377685 312.031249> Eye Angles <53.854980 179.999999 0.000000> Last Known Nav Area ID <494>
L 07/04/2026 - 18:18:54: [navbot_stuck_logger.smx] Bot "[NAV] Bot 14<18><BOT><>" got stuck [9] at <-3314.597412 1050.377685 248.031249> Eye Position <-3314.597412 1050.377685 312.031249> Eye Angles <53.854980 179.999999 0.000000> Last Known Nav Area ID <494>
L 07/04/2026 - 18:18:55: [navbot_stuck_logger.smx] Bot "[NAV] Bot 14<18><BOT><>" got stuck [10] at <-3314.597412 1050.377685 248.031249> Eye Position <-3314.597412 1050.377685 312.031249> Eye Angles <53.854980 179.999999 0.000000> Last Known Nav Area ID <494>
L 07/04/2026 - 18:18:56: [navbot_stuck_logger.smx] Bot "[NAV] Bot 14<18><BOT><>" got stuck [11] at <-3314.597412 1050.377685 248.031249> Eye Position <-3314.597412 1050.377685 312.031249> Eye Angles <53.854980 179.999999 0.000000> Last Known Nav Area ID <494>
L 07/04/2026 - 18:18:57: [navbot_stuck_logger.smx] Bot "[NAV] Bot 14<18><BOT><>" got stuck [12] at <-3314.597412 1050.377685 248.031249> Eye Position <-3314.597412 1050.377685 312.031249> Eye Angles <53.854980 179.999999 0.000000> Last Known Nav Area ID <494>
L 07/04/2026 - 18:18:58: [navbot_stuck_logger.smx] Bot "[NAV] Bot 14<18><BOT><>" got stuck [13] at <-3314.597412 1050.377685 248.031249> Eye Position <-3314.597412 1050.377685 312.031249> Eye Angles <53.854980 179.999999 0.000000> Last Known Nav Area ID <494>
L 07/04/2026 - 18:18:59: [navbot_stuck_logger.smx] Bot "[NAV] Bot 14<18><BOT><>" got stuck [14] at <-3314.597412 1050.377685 248.031249> Eye Position <-3314.597412 1050.377685 312.031249> Eye Angles <53.854980 179.999999 0.000000> Last Known Nav Area ID <494>
L 07/04/2026 - 18:19:00: [navbot_stuck_logger.smx] Bot "[NAV] Bot 14<18><BOT><>" got stuck [15] at <-3314.597412 1050.377685 248.031249> Eye Position <-3314.597412 1050.377685 312.031249> Eye Angles <53.854980 179.999999 0.000000> Last Known Nav Area ID <494>
L 07/04/2026 - 18:19:01: [navbot_stuck_logger.smx] Bot "[NAV] Bot 14<18><BOT><>" got stuck [16] at <-3314.597412 1050.377685 248.031249> Eye Position <-3314.597412 1050.377685 312.031249> Eye Angles <53.854980 179.999999 0.000000> Last Known Nav Area ID <494>
L 07/04/2026 - 18:19:01: [navbot_stuck_logger.smx] Bot "[NAV] Bot 14<18><BOT><>" got stuck [1] at <-3314.597412 1050.377685 248.031249> Eye Position <-3314.597412 1050.377685 312.031249> Eye Angles <53.854980 179.999999 0.000000> Last Known Nav Area ID <494>
L 07/04/2026 - 18:19:02: [navbot_stuck_logger.smx] Bot "[NAV] Bot 14<18><BOT><>" got stuck [2] at <-3314.597412 1050.377685 248.031249> Eye Position <-3314.597412 1050.377685 312.031249> Eye Angles <53.854980 179.999999 0.000000> Last Known Nav Area ID <494>
L 07/04/2026 - 18:19:03: [navbot_stuck_logger.smx] Bot "[NAV] Bot 14<18><BOT><>" got stuck [3] at <-3314.597412 1050.377685 248.031249> Eye Position <-3314.597412 1050.377685 312.031249> Eye Angles <53.854980 179.999999 0.000000> Last Known Nav Area ID <494>
L 07/04/2026 - 18:19:04: [navbot_stuck_logger.smx] Bot "[NAV] Bot 14<18><BOT><>" got stuck [4] at <-3314.597412 1050.377685 248.031249> Eye Position <-3314.597412 1050.377685 312.031249> Eye Angles <53.854980 179.999999 0.000000> Last Known Nav Area ID <494>
L 07/04/2026 - 18:19:05: [navbot_stuck_logger.smx] Bot "[NAV] Bot 14<18><BOT><>" got stuck [5] at <-3314.597412 1050.377685 248.031249> Eye Position <-3314.597412 1050.377685 312.031249> Eye Angles <53.854980 179.999999 0.000000> Last Known Nav Area ID <494>
L 07/04/2026 - 18:19:07: [navbot_stuck_logger.smx] Bot "[NAV] Bot 14<18><BOT><>" got stuck [6] at <-3314.597412 1050.377685 248.031249> Eye Position <-3314.597412 1050.377685 312.031249> Eye Angles <53.854980 179.999999 0.000000> Last Known Nav Area ID <494>
L 07/04/2026 - 18:19:08: [navbot_stuck_logger.smx] Bot "[NAV] Bot 17<20><BOT><>" got stuck [1] at <-3314.597412 1050.759521 248.031249> Eye Position <-3314.597412 1050.759521 312.031249> Eye Angles <53.854980 -179.544067 0.000000> Last Known Nav Area ID <494>
L 07/04/2026 - 18:19:08: [navbot_stuck_logger.smx] Bot "[NAV] Bot 14<18><BOT><>" got stuck [7] at <-3314.597412 1050.377685 248.031249> Eye Position <-3314.597412 1050.377685 312.031249> Eye Angles <53.854980 179.999999 0.000000> Last Known Nav Area ID <494>
L 07/04/2026 - 18:19:09: [navbot_stuck_logger.smx] Bot "[NAV] Bot 17<20><BOT><>" got stuck [2] at <-3314.597412 1050.330810 248.031249> Eye Position <-3314.597412 1050.330810 312.031249> Eye Angles <53.854980 179.939575 0.000000> Last Known Nav Area ID <494>
L 07/04/2026 - 18:19:09: [navbot_stuck_logger.smx] Bot "[NAV] Bot 14<18><BOT><>" got stuck [8] at <-3314.597412 1050.377685 248.031249> Eye Position <-3314.597412 1050.377685 312.031249> Eye Angles <53.854980 179.999999 0.000000> Last Known Nav Area ID <494>
L 07/04/2026 - 18:19:10: [navbot_stuck_logger.smx] Bot "[NAV] Bot 17<20><BOT><>" got stuck [3] at <-3314.597412 1050.380859 248.031249> Eye Position <-3314.597412 1050.380859 312.031249> Eye Angles <53.854980 179.999999 0.000000> Last Known Nav Area ID <494>
L 07/04/2026 - 18:19:10: [navbot_stuck_logger.smx] Bot "[NAV] Bot 14<18><BOT><>" got stuck [9] at <-3314.597412 1050.377685 248.031249> Eye Position <-3314.597412 1050.377685 312.031249> Eye Angles <53.854980 179.999999 0.000000> Last Known Nav Area ID <494>
L 07/04/2026 - 18:19:11: [navbot_stuck_logger.smx] Bot "[NAV] Bot 17<20><BOT><>" got stuck [4] at <-3314.597412 1050.381591 248.031249> Eye Position <-3314.597412 1050.381591 312.031249> Eye Angles <53.854980 -179.994506 0.000000> Last Known Nav Area ID <494>
L 07/04/2026 - 18:19:11: [navbot_stuck_logger.smx] Bot "[NAV] Bot 14<18><BOT><>" got stuck [10] at <-3314.597412 1050.377685 248.031249> Eye Position <-3314.597412 1050.377685 312.031249> Eye Angles <53.854980 179.999999 0.000000> Last Known Nav Area ID <494>
L 07/04/2026 - 18:19:12: [navbot_stuck_logger.smx] Bot "[NAV] Bot 17<20><BOT><>" got stuck [5] at <-3314.597412 1050.382080 248.031249> Eye Position <-3314.597412 1050.382080 312.031249> Eye Angles <53.854980 -179.994506 0.000000> Last Known Nav Area ID <494>
L 07/04/2026 - 18:19:13: [navbot_stuck_logger.smx] Bot "[NAV] Bot 17<20><BOT><>" got stuck [6] at <-3314.597412 1050.382446 248.031249> Eye Position <-3314.597412 1050.382446 312.031249> Eye Angles <53.854980 -179.994506 0.000000> Last Known Nav Area ID <494>
L 07/04/2026 - 18:19:14: [navbot_stuck_logger.smx] Bot "[NAV] Bot 17<20><BOT><>" got stuck [7] at <-3314.597412 1050.381958 248.031249> Eye Position <-3314.597412 1050.381958 312.031249> Eye Angles <53.854980 -179.994506 0.000000> Last Known Nav Area ID <494>
L 07/04/2026 - 18:19:15: [navbot_stuck_logger.smx] Bot "[NAV] Bot 17<20><BOT><>" got stuck [8] at <-3314.597412 1050.381347 248.031249> Eye Position <-3314.597412 1050.381347 312.031249> Eye Angles <53.854980 -179.994506 0.000000> Last Known Nav Area ID <494>
L 07/04/2026 - 18:19:16: [navbot_stuck_logger.smx] Bot "[NAV] Bot 17<20><BOT><>" got stuck [9] at <-3314.597412 1050.382446 248.031249> Eye Position <-3314.597412 1050.382446 312.031249> Eye Angles <53.854980 -179.994506 0.000000> Last Known Nav Area ID <494>
L 07/04/2026 - 18:19:17: [navbot_stuck_logger.smx] Bot "[NAV] Bot 17<20><BOT><>" got stuck [10] at <-3314.597412 1050.383178 248.031249> Eye Position <-3314.597412 1050.383178 312.031249> Eye Angles <53.854980 -179.994506 0.000000> Last Known Nav Area ID <494>
L 07/04/2026 - 18:19:18: [navbot_stuck_logger.smx] Bot "[NAV] Bot 17<20><BOT><>" got stuck [11] at <-3314.597412 1050.383789 248.031249> Eye Position <-3314.597412 1050.383789 312.031249> Eye Angles <53.854980 -179.994506 0.000000> Last Known Nav Area ID <494>
L 07/04/2026 - 18:19:19: [navbot_stuck_logger.smx] Bot "[NAV] Bot 17<20><BOT><>" got stuck [12] at <-3314.597412 1050.383789 248.031249> Eye Position <-3314.597412 1050.383789 312.031249> Eye Angles <53.854980 -179.994506 0.000000> Last Known Nav Area ID <494>
L 07/04/2026 - 18:19:20: [navbot_stuck_logger.smx] Bot "[NAV] Bot 17<20><BOT><>" got stuck [13] at <-3314.597412 1050.384033 248.031249> Eye Position <-3314.597412 1050.384033 312.031249> Eye Angles <53.854980 -179.994506 0.000000> Last Known Nav Area ID <494>
L 07/04/2026 - 18:19:21: [navbot_stuck_logger.smx] Bot "[NAV] Bot 17<20><BOT><>" got stuck [14] at <-3314.597412 1050.382324 248.031249> Eye Position <-3314.597412 1050.382324 312.031249> Eye Angles <53.854980 -179.994506 0.000000> Last Known Nav Area ID <494>
L 07/04/2026 - 18:19:22: [navbot_stuck_logger.smx] Bot "[NAV] Bot 17<20><BOT><>" got stuck [15] at <-3314.597412 1050.380126 248.031249> Eye Position <-3314.597412 1050.380126 312.031249> Eye Angles <53.854980 179.999999 0.000000> Last Known Nav Area ID <494>
L 07/04/2026 - 18:19:23: [navbot_stuck_logger.smx] Bot "[NAV] Bot 17<20><BOT><>" got stuck [16] at <-3314.597412 1050.376708 248.031249> Eye Position <-3314.597412 1050.376708 312.031249> Eye Angles <53.854980 179.994506 0.000000> Last Known Nav Area ID <494>
L 07/04/2026 - 18:19:23: [navbot_stuck_logger.smx] Bot "[NAV] Bot 17<20><BOT><>" got stuck [1] at <-3314.597412 1050.380981 248.031249> Eye Position <-3314.597412 1050.380981 312.031249> Eye Angles <53.854980 179.999999 0.000000> Last Known Nav Area ID <494>
L 07/04/2026 - 18:19:24: [navbot_stuck_logger.smx] Bot "[NAV] Bot 17<20><BOT><>" got stuck [2] at <-3314.597412 1050.379394 248.031249> Eye Position <-3314.597412 1050.379394 312.031249> Eye Angles <53.854980 179.999999 0.000000> Last Known Nav Area ID <494>
L 07/04/2026 - 18:19:25: [navbot_stuck_logger.smx] Bot "[NAV] Bot 17<20><BOT><>" got stuck [3] at <-3314.597412 1050.378051 248.031249> Eye Position <-3314.597412 1050.378051 312.031249> Eye Angles <53.854980 179.999999 0.000000> Last Known Nav Area ID <494>
L 07/04/2026 - 18:19:27: [navbot_stuck_logger.smx] Bot "[NAV] Bot 17<20><BOT><>" got stuck [4] at <-3314.597412 1050.376831 248.031249> Eye Position <-3314.597412 1050.376831 312.031249> Eye Angles <53.854980 179.994506 0.000000> Last Known Nav Area ID <494>
L 07/04/2026 - 18:19:28: [navbot_stuck_logger.smx] Bot "[NAV] Bot 17<20><BOT><>" got stuck [5] at <-3314.597412 1050.375244 248.031249> Eye Position <-3314.597412 1050.375244 312.031249> Eye Angles <53.854980 179.994506 0.000000> Last Known Nav Area ID <494>
L 07/04/2026 - 18:19:29: [navbot_stuck_logger.smx] Bot "[NAV] Bot 17<20><BOT><>" got stuck [6] at <-3314.597412 1050.372802 248.031249> Eye Position <-3314.597412 1050.372802 312.031249> Eye Angles <53.854980 179.994506 0.000000> Last Known Nav Area ID <494>
L 07/04/2026 - 18:19:30: [navbot_stuck_logger.smx] Bot "[NAV] Bot 17<20><BOT><>" got stuck [7] at <-3314.597412 1050.370117 248.031249> Eye Position <-3314.597412 1050.370117 312.031249> Eye Angles <53.854980 179.989013 0.000000> Last Known Nav Area ID <494>
L 07/04/2026 - 18:19:31: [navbot_stuck_logger.smx] Bot "[NAV] Bot 17<20><BOT><>" got stuck [8] at <-3314.597412 1050.368774 248.031249> Eye Position <-3314.597412 1050.368774 312.031249> Eye Angles <53.854980 179.989013 0.000000> Last Known Nav Area ID <494>
L 07/04/2026 - 18:19:32: [navbot_stuck_logger.smx] Bot "[NAV] Bot 17<20><BOT><>" got stuck [9] at <-3314.597412 1050.367553 248.031249> Eye Position <-3314.597412 1050.367553 312.031249> Eye Angles <53.854980 179.989013 0.000000> Last Known Nav Area ID <494>
L 07/04/2026 - 18:19:33: [navbot_stuck_logger.smx] Bot "[NAV] Bot 17<20><BOT><>" got stuck [10] at <-3314.597412 1050.368652 248.031249> Eye Position <-3314.597412 1050.368652 312.031249> Eye Angles <53.854980 179.989013 0.000000> Last Known Nav Area ID <494>
L 07/04/2026 - 18:19:50: [navbot_stuck_logger.smx] Bot "[NAV] Bot 8<13><BOT><>" got stuck [1] at <-3314.597900 1050.790161 248.031249> Eye Position <-3314.597900 1050.790161 312.031249> Eye Angles <53.854980 -179.505615 0.000000> Last Known Nav Area ID <494>
L 07/04/2026 - 18:19:51: [navbot_stuck_logger.smx] Bot "[NAV] Bot 8<13><BOT><>" got stuck [2] at <-3314.597900 1050.326538 248.031249> Eye Position <-3314.597900 1050.326538 312.031249> Eye Angles <53.854980 179.934082 0.000000> Last Known Nav Area ID <494>
L 07/04/2026 - 18:19:52: [navbot_stuck_logger.smx] Bot "[NAV] Bot 8<13><BOT><>" got stuck [3] at <-3314.597900 1050.376586 248.031249> Eye Position <-3314.597900 1050.376586 312.031249> Eye Angles <53.854980 179.999999 0.000000> Last Known Nav Area ID <494>
L 07/04/2026 - 18:19:53: [navbot_stuck_logger.smx] Bot "[NAV] Bot 8<13><BOT><>" got stuck [4] at <-3314.597900 1050.376586 248.031249> Eye Position <-3314.597900 1050.376586 312.031249> Eye Angles <53.854980 179.999999 0.000000> Last Known Nav Area ID <494>
L 07/04/2026 - 18:19:54: [navbot_stuck_logger.smx] Bot "[NAV] Bot 8<13><BOT><>" got stuck [5] at <-3314.597900 1050.376586 248.031249> Eye Position <-3314.597900 1050.376586 312.031249> Eye Angles <53.854980 179.999999 0.000000> Last Known Nav Area ID <494>
L 07/04/2026 - 18:19:55: [navbot_stuck_logger.smx] Bot "[NAV] Bot 8<13><BOT><>" got stuck [6] at <-3314.597900 1050.376586 248.031249> Eye Position <-3314.597900 1050.376586 312.031249> Eye Angles <53.854980 179.999999 0.000000> Last Known Nav Area ID <494>
L 07/04/2026 - 18:19:56: [navbot_stuck_logger.smx] Bot "[NAV] Bot 8<13><BOT><>" got stuck [7] at <-3314.597900 1050.376586 248.031249> Eye Position <-3314.597900 1050.376586 312.031249> Eye Angles <53.854980 179.999999 0.000000> Last Known Nav Area ID <494>
L 07/04/2026 - 18:19:57: [navbot_stuck_logger.smx] Bot "[NAV] Bot 8<13><BOT><>" got stuck [8] at <-3314.597900 1050.376586 248.031249> Eye Position <-3314.597900 1050.376586 312.031249> Eye Angles <53.854980 179.999999 0.000000> Last Known Nav Area ID <494>
L 07/04/2026 - 18:19:58: [navbot_stuck_logger.smx] Bot "[NAV] Bot 8<13><BOT><>" got stuck [9] at <-3314.597900 1050.376586 248.031249> Eye Position <-3314.597900 1050.376586 312.031249> Eye Angles <53.854980 179.999999 0.000000> Last Known Nav Area ID <494>
L 07/04/2026 - 18:19:59: [navbot_stuck_logger.smx] Bot "[NAV] Bot 8<13><BOT><>" got stuck [10] at <-3314.597900 1050.376586 248.031249> Eye Position <-3314.597900 1050.376586 312.031249> Eye Angles <53.854980 179.999999 0.000000> Last Known Nav Area ID <494>
L 07/04/2026 - 18:20:00: [navbot_stuck_logger.smx] Bot "[NAV] Bot 8<13><BOT><>" got stuck [11] at <-3314.597900 1050.376586 248.031249> Eye Position <-3314.597900 1050.376586 312.031249> Eye Angles <53.854980 179.999999 0.000000> Last Known Nav Area ID <494>
L 07/04/2026 - 18:20:02: [navbot_stuck_logger.smx] Bot "[NAV] Bot 8<13><BOT><>" got stuck [12] at <-3314.597900 1050.376586 248.031249> Eye Position <-3314.597900 1050.376586 312.031249> Eye Angles <53.854980 179.999999 0.000000> Last Known Nav Area ID <494>
L 07/04/2026 - 18:20:03: [navbot_stuck_logger.smx] Bot "[NAV] Bot 8<13><BOT><>" got stuck [13] at <-3314.597900 1050.376586 248.031249> Eye Position <-3314.597900 1050.376586 312.031249> Eye Angles <53.854980 179.999999 0.000000> Last Known Nav Area ID <494>
L 07/04/2026 - 18:20:04: [navbot_stuck_logger.smx] Bot "[NAV] Bot 8<13><BOT><>" got stuck [14] at <-3314.597900 1050.376586 248.031249> Eye Position <-3314.597900 1050.376586 312.031249> Eye Angles <53.854980 179.999999 0.000000> Last Known Nav Area ID <494>
L 07/04/2026 - 18:20:05: [navbot_stuck_logger.smx] Bot "[NAV] Bot 8<13><BOT><>" got stuck [15] at <-3314.597900 1050.376586 248.031249> Eye Position <-3314.597900 1050.376586 312.031249> Eye Angles <53.854980 179.999999 0.000000> Last Known Nav Area ID <494>
L 07/04/2026 - 18:20:06: [navbot_stuck_logger.smx] Bot "[NAV] Bot 8<13><BOT><>" got stuck [16] at <-3314.597900 1050.376586 248.031249> Eye Position <-3314.597900 1050.376586 312.031249> Eye Angles <53.854980 179.999999 0.000000> Last Known Nav Area ID <494>
L 07/04/2026 - 18:20:06: [navbot_stuck_logger.smx] Bot "[NAV] Bot 8<13><BOT><>" got stuck [1] at <-3314.597900 1050.376586 248.031249> Eye Position <-3314.597900 1050.376586 312.031249> Eye Angles <53.854980 179.999999 0.000000> Last Known Nav Area ID <494>
L 07/04/2026 - 18:20:07: [navbot_stuck_logger.smx] Bot "[NAV] Bot 8<13><BOT><>" got stuck [2] at <-3314.597900 1050.376586 248.031249> Eye Position <-3314.597900 1050.376586 312.031249> Eye Angles <53.854980 179.999999 0.000000> Last Known Nav Area ID <494>
L 07/04/2026 - 18:20:08: [navbot_stuck_logger.smx] Bot "[NAV] Bot 8<13><BOT><>" got stuck [3] at <-3314.597900 1050.376586 248.031249> Eye Position <-3314.597900 1050.376586 312.031249> Eye Angles <53.854980 179.999999 0.000000> Last Known Nav Area ID <494>
L 07/04/2026 - 18:20:09: [navbot_stuck_logger.smx] Bot "[NAV] Bot 8<13><BOT><>" got stuck [4] at <-3314.597900 1050.376586 248.031249> Eye Position <-3314.597900 1050.376586 312.031249> Eye Angles <53.854980 179.999999 0.000000> Last Known Nav Area ID <494>
L 07/04/2026 - 18:20:10: [navbot_stuck_logger.smx] Bot "[NAV] Bot 8<13><BOT><>" got stuck [5] at <-3314.597900 1050.376586 248.031249> Eye Position <-3314.597900 1050.376586 312.031249> Eye Angles <53.854980 179.999999 0.000000> Last Known Nav Area ID <494>
L 07/04/2026 - 18:20:11: [navbot_stuck_logger.smx] Bot "[NAV] Bot 8<13><BOT><>" got stuck [6] at <-3314.597900 1050.376586 248.031249> Eye Position <-3314.597900 1050.376586 312.031249> Eye Angles <53.854980 179.999999 0.000000> Last Known Nav Area ID <494>
L 07/04/2026 - 18:20:12: [navbot_stuck_logger.smx] Bot "[NAV] Bot 8<13><BOT><>" got stuck [7] at <-3314.597900 1050.376586 248.031249> Eye Position <-3314.597900 1050.376586 312.031249> Eye Angles <53.854980 179.999999 0.000000> Last Known Nav Area ID <494>
L 07/04/2026 - 18:20:13: [navbot_stuck_logger.smx] Bot "[NAV] Bot 8<13><BOT><>" got stuck [8] at <-3314.597900 1050.376586 248.031249> Eye Position <-3314.597900 1050.376586 312.031249> Eye Angles <53.854980 179.999999 0.000000> Last Known Nav Area ID <494>
L 07/04/2026 - 18:20:14: [navbot_stuck_logger.smx] Bot "[NAV] Bot 8<13><BOT><>" got stuck [9] at <-3314.597900 1050.376586 248.031249> Eye Position <-3314.597900 1050.376586 312.031249> Eye Angles <53.854980 179.999999 0.000000> Last Known Nav Area ID <494>
L 07/04/2026 - 18:20:15: [navbot_stuck_logger.smx] Bot "[NAV] Bot 8<13><BOT><>" got stuck [10] at <-3314.597900 1050.376586 248.031249> Eye Position <-3314.597900 1050.376586 312.031249> Eye Angles <53.854980 179.999999 0.000000> Last Known Nav Area ID <494>
L 07/04/2026 - 18:20:23: [navbot_stuck_logger.smx] Bot "[NAV] Bot 15<21><BOT><>" got stuck [1] at <-3314.597412 1050.120605 248.031249> Eye Position <-3314.597412 1050.120605 312.031249> Eye Angles <53.854980 179.692382 0.000000> Last Known Nav Area ID <494>
L 07/04/2026 - 18:20:24: [navbot_stuck_logger.smx] Bot "[NAV] Bot 15<21><BOT><>" got stuck [2] at <-3314.597412 1050.402709 248.031249> Eye Position <-3314.597412 1050.402709 312.031249> Eye Angles <53.854980 -179.967041 0.000000> Last Known Nav Area ID <494>
L 07/04/2026 - 18:20:25: [navbot_stuck_logger.smx] Bot "[NAV] Bot 15<21><BOT><>" got stuck [3] at <-3314.597412 1050.384155 248.031249> Eye Position <-3314.597412 1050.384155 312.031249> Eye Angles <53.854980 -179.994506 0.000000> Last Known Nav Area ID <494>
L 07/04/2026 - 18:20:26: [navbot_stuck_logger.smx] Bot "[NAV] Bot 15<21><BOT><>" got stuck [4] at <-3314.597412 1050.382690 248.031249> Eye Position <-3314.597412 1050.382690 312.031249> Eye Angles <53.854980 -179.994506 0.000000> Last Known Nav Area ID <494>
L 07/04/2026 - 18:20:27: [navbot_stuck_logger.smx] Bot "[NAV] Bot 15<21><BOT><>" got stuck [5] at <-3314.597412 1050.381225 248.031249> Eye Position <-3314.597412 1050.381225 312.031249> Eye Angles <53.854980 179.999999 0.000000> Last Known Nav Area ID <494>
L 07/04/2026 - 18:20:28: [navbot_stuck_logger.smx] Bot "[NAV] Bot 15<21><BOT><>" got stuck [6] at <-3314.597412 1050.379394 248.031249> Eye Position <-3314.597412 1050.379394 312.031249> Eye Angles <53.854980 179.999999 0.000000> Last Known Nav Area ID <494>
L 07/04/2026 - 18:20:29: [navbot_stuck_logger.smx] Bot "[NAV] Bot 15<21><BOT><>" got stuck [7] at <-3314.597412 1050.376342 248.031249> Eye Position <-3314.597412 1050.376342 312.031249> Eye Angles <53.854980 179.994506 0.000000> Last Known Nav Area ID <494>
L 07/04/2026 - 18:20:30: [navbot_stuck_logger.smx] Bot "[NAV] Bot 15<21><BOT><>" got stuck [8] at <-3314.597412 1050.372314 248.031249> Eye Position <-3314.597412 1050.372314 312.031249> Eye Angles <53.854980 179.989013 0.000000> Last Known Nav Area ID <494>
L 07/04/2026 - 18:20:31: [navbot_stuck_logger.smx] Bot "[NAV] Bot 5<12><BOT><>" got stuck [1] at <-1778.968749 226.019500 244.031249> Eye Position <-1778.968749 226.019500 308.031249> Eye Angles <0.000000 -179.176025 0.000000> Last Known Nav Area ID <1628>
L 07/04/2026 - 18:20:31: [navbot_stuck_logger.smx] Bot "[NAV] Bot 15<21><BOT><>" got stuck [9] at <-3314.597412 1050.366943 248.031249> Eye Position <-3314.597412 1050.366943 312.031249> Eye Angles <53.854980 179.983520 0.000000> Last Known Nav Area ID <494>
L 07/04/2026 - 18:20:32: [navbot_stuck_logger.smx] Bot "[NAV] Bot 5<12><BOT><>" got stuck [2] at <-1778.968749 225.715118 244.031249> Eye Position <-1778.968749 225.715118 308.031249> Eye Angles <0.000000 -179.423217 0.000000> Last Known Nav Area ID <1628>
L 07/04/2026 - 18:20:32: [navbot_stuck_logger.smx] Bot "[NAV] Bot 15<21><BOT><>" got stuck [10] at <-3314.597412 1050.363891 248.031249> Eye Position <-3314.597412 1050.363891 312.031249> Eye Angles <53.854980 179.983520 0.000000> Last Known Nav Area ID <494>
L 07/04/2026 - 18:20:33: [navbot_stuck_logger.smx] Bot "[NAV] Bot 5<12><BOT><>" got stuck [3] at <-1778.968749 225.502090 244.031249> Eye Position <-1778.968749 225.502090 308.031249> Eye Angles <0.000000 -179.593505 0.000000> Last Known Nav Area ID <1628>
L 07/04/2026 - 18:20:33: [navbot_stuck_logger.smx] Bot "[NAV] Bot 15<21><BOT><>" got stuck [11] at <-3314.597412 1050.363037 248.031249> Eye Position <-3314.597412 1050.363037 312.031249> Eye Angles <53.854980 179.983520 0.000000> Last Known Nav Area ID <494>
L 07/04/2026 - 18:20:34: [navbot_stuck_logger.smx] Bot "[NAV] Bot 5<12><BOT><>" got stuck [4] at <-1778.968749 225.352722 244.031249> Eye Position <-1778.968749 225.352722 308.031249> Eye Angles <0.000000 -179.714355 0.000000> Last Known Nav Area ID <1628>
L 07/04/2026 - 18:20:34: [navbot_stuck_logger.smx] Bot "[NAV] Bot 15<21><BOT><>" got stuck [12] at <-3314.597412 1050.361206 248.031249> Eye Position <-3314.597412 1050.361206 312.031249> Eye Angles <53.854980 179.978027 0.000000> Last Known Nav Area ID <494>
L 07/04/2026 - 18:20:35: [navbot_stuck_logger.smx] Bot "[NAV] Bot 5<12><BOT><>" got stuck [5] at <-1778.968749 225.226394 244.031249> Eye Position <-1778.968749 225.226394 308.031249> Eye Angles <0.000000 -179.818725 0.000000> Last Known Nav Area ID <1628>
L 07/04/2026 - 18:20:35: [navbot_stuck_logger.smx] Bot "[NAV] Bot 15<21><BOT><>" got stuck [13] at <-3314.597412 1050.377197 248.031249> Eye Position <-3314.597412 1050.377197 312.031249> Eye Angles <53.854980 179.999999 0.000000> Last Known Nav Area ID <494>
L 07/04/2026 - 18:20:36: [navbot_stuck_logger.smx] Bot "[NAV] Bot 5<12><BOT><>" got stuck [6] at <-1778.968749 225.128524 244.031249> Eye Position <-1778.968749 225.128524 308.031249> Eye Angles <0.000000 -179.895629 0.000000> Last Known Nav Area ID <1628>
L 07/04/2026 - 18:20:36: [navbot_stuck_logger.smx] Bot "[NAV] Bot 15<21><BOT><>" got stuck [14] at <-3314.597412 1050.377197 248.031249> Eye Position <-3314.597412 1050.377197 312.031249> Eye Angles <53.854980 179.999999 0.000000> Last Known Nav Area ID <494>
L 07/04/2026 - 18:20:37: [navbot_stuck_logger.smx] Bot "[NAV] Bot 5<12><BOT><>" got stuck [7] at <-1778.968749 225.053497 244.031249> Eye Position <-1778.968749 225.053497 308.031249> Eye Angles <0.000000 -179.961547 0.000000> Last Known Nav Area ID <1628>
L 07/04/2026 - 18:20:37: [navbot_stuck_logger.smx] Bot "[NAV] Bot 15<21><BOT><>" got stuck [15] at <-3314.597412 1050.377197 248.031249> Eye Position <-3314.597412 1050.377197 312.031249> Eye Angles <53.854980 179.999999 0.000000> Last Known Nav Area ID <494>
L 07/04/2026 - 18:20:38: [navbot_stuck_logger.smx] Bot "[NAV] Bot 5<12><BOT><>" got stuck [8] at <-1778.968749 224.988815 244.031249> Eye Position <-1778.968749 224.988815 308.031249> Eye Angles <0.000000 179.989013 0.000000> Last Known Nav Area ID <1628>
L 07/04/2026 - 18:20:38: [navbot_stuck_logger.smx] Bot "[NAV] Bot 15<21><BOT><>" got stuck [16] at <-3314.597412 1050.377197 248.031249> Eye Position <-3314.597412 1050.377197 312.031249> Eye Angles <53.854980 179.999999 0.000000> Last Known Nav Area ID <494>
L 07/04/2026 - 18:20:38: [navbot_stuck_logger.smx] Bot "[NAV] Bot 15<21><BOT><>" got stuck [1] at <-3314.597412 1050.377197 248.031249> Eye Position <-3314.597412 1050.377197 312.031249> Eye Angles <53.854980 179.999999 0.000000> Last Known Nav Area ID <494>
L 07/04/2026 - 18:20:39: [navbot_stuck_logger.smx] Bot "[NAV] Bot 5<12><BOT><>" got stuck [9] at <-1778.968749 228.012298 244.031249> Eye Position <-1778.968749 228.012298 308.031249> Eye Angles <0.000000 173.150024 0.000000> Last Known Nav Area ID <1628>
L 07/04/2026 - 18:20:39: [navbot_stuck_logger.smx] Bot "[NAV] Bot 15<21><BOT><>" got stuck [2] at <-3314.597412 1050.377197 248.031249> Eye Position <-3314.597412 1050.377197 312.031249> Eye Angles <53.854980 179.999999 0.000000> Last Known Nav Area ID <494>
L 07/04/2026 - 18:20:40: [navbot_stuck_logger.smx] Bot "[NAV] Bot 5<12><BOT><>" got stuck [10] at <-1778.968749 220.129074 244.031249> Eye Position <-1778.968749 220.129074 308.031249> Eye Angles <-5.828247 -93.224487 0.000000> Last Known Nav Area ID <1628>
L 07/04/2026 - 18:20:41: [navbot_stuck_logger.smx] Bot "[NAV] Bot 15<21><BOT><>" got stuck [3] at <-3314.597412 1050.377197 248.031249> Eye Position <-3314.597412 1050.377197 312.031249> Eye Angles <53.854980 179.999999 0.000000> Last Known Nav Area ID <494>
L 07/04/2026 - 18:20:41: [navbot_stuck_logger.smx] Bot "[NAV] Bot 5<12><BOT><>" got stuck [11] at <-1778.968749 230.738021 244.031249> Eye Position <-1778.968749 230.738021 308.031249> Eye Angles <0.000000 -166.033737 0.000000> Last Known Nav Area ID <525>
L 07/04/2026 - 18:20:42: [navbot_stuck_logger.smx] Bot "[NAV] Bot 15<21><BOT><>" got stuck [4] at <-3314.597412 1050.377197 248.031249> Eye Position <-3314.597412 1050.377197 312.031249> Eye Angles <53.854980 179.999999 0.000000> Last Known Nav Area ID <494>
L 07/04/2026 - 18:20:42: [navbot_stuck_logger.smx] Bot "[NAV] Bot 5<12><BOT><>" got stuck [12] at <-1765.765136 146.523910 277.826232> Eye Position <-1765.765136 146.523910 305.826232> Eye Angles <-8.745117 -128.369750 0.000000> Last Known Nav Area ID <525>
L 07/04/2026 - 18:20:43: [navbot_stuck_logger.smx] Bot "[NAV] Bot 15<21><BOT><>" got stuck [5] at <-3314.597412 1050.377197 248.031249> Eye Position <-3314.597412 1050.377197 312.031249> Eye Angles <53.854980 179.999999 0.000000> Last Known Nav Area ID <494>
L 07/04/2026 - 18:20:44: [navbot_stuck_logger.smx] Bot "[NAV] Bot 15<21><BOT><>" got stuck [6] at <-3314.597412 1050.377197 248.031249> Eye Position <-3314.597412 1050.377197 312.031249> Eye Angles <53.854980 179.999999 0.000000> Last Known Nav Area ID <494>
L 07/04/2026 - 18:20:45: [navbot_stuck_logger.smx] Bot "[NAV] Bot 15<21><BOT><>" got stuck [7] at <-3314.597412 1050.377197 248.031249> Eye Position <-3314.597412 1050.377197 312.031249> Eye Angles <53.854980 179.999999 0.000000> Last Known Nav Area ID <494>
L 07/04/2026 - 18:20:46: [navbot_stuck_logger.smx] Bot "[NAV] Bot 15<21><BOT><>" got stuck [8] at <-3314.597412 1050.377197 248.031249> Eye Position <-3314.597412 1050.377197 312.031249> Eye Angles <53.854980 179.999999 0.000000> Last Known Nav Area ID <494>
L 07/04/2026 - 18:20:47: [navbot_stuck_logger.smx] Bot "[NAV] Bot 15<21><BOT><>" got stuck [9] at <-3314.597412 1050.377197 248.031249> Eye Position <-3314.597412 1050.377197 312.031249> Eye Angles <53.854980 179.999999 0.000000> Last Known Nav Area ID <494>
L 07/04/2026 - 18:20:48: [navbot_stuck_logger.smx] Bot "[NAV] Bot 15<21><BOT><>" got stuck [10] at <-3314.597412 1050.377197 248.031249> Eye Position <-3314.597412 1050.377197 312.031249> Eye Angles <53.854980 179.999999 0.000000> Last Known Nav Area ID <494>
L 07/04/2026 - 18:21:15: [navbot_stuck_logger.smx] Bot "[NAV] Bot 5<12><BOT><>" got stuck [1] at <-531.775207 -1422.784423 264.379150> Eye Position <-531.775207 -1422.784423 328.379150> Eye Angles <0.000000 174.152420 0.000000> Last Known Nav Area ID <270>
L 07/04/2026 - 18:23:32: [navbot_stuck_logger.smx] Bot "[NAV] Bot 5<12><BOT><>" got stuck [1] at <-3346.768798 1087.999999 248.031249> Eye Position <-3346.768798 1087.999999 312.031249> Eye Angles <0.000000 -89.747314 0.000000> Last Known Nav Area ID <1560>
L 07/04/2026 - 18:23:33: [navbot_stuck_logger.smx] Bot "[NAV] Bot 5<12><BOT><>" got stuck [2] at <-3346.692382 1087.999999 248.031249> Eye Position <-3346.692382 1087.999999 312.031249> Eye Angles <0.000000 -89.890136 0.000000> Last Known Nav Area ID <1560>
L 07/04/2026 - 18:24:01: [navbot_stuck_logger.smx] Bot "[NAV] Bot 9<17><BOT><>" got stuck [1] at <-2234.218017 1940.586059 150.505249> Eye Position <-2234.218017 1940.586059 214.505249> Eye Angles <-14.534912 -71.553955 0.000000> Last Known Nav Area ID <2>
L 07/04/2026 - 18:24:02: [navbot_stuck_logger.smx] Bot "[NAV] Bot 9<17><BOT><>" got stuck [2] at <-2219.865722 1947.936523 151.495468> Eye Position <-2219.865722 1947.936523 215.495468> Eye Angles <-14.265747 -71.482543 0.000000> Last Known Nav Area ID <2>
L 07/04/2026 - 18:24:02: [navbot_stuck_logger.smx] Bot "[NAV] Bot 10<16><BOT><>" got stuck [1] at <-2033.437988 1323.873779 380.031249> Eye Position <-2033.437988 1323.873779 444.031249> Eye Angles <-0.598754 -10.906799 0.000000> Last Known Nav Area ID <281>
L 07/04/2026 - 18:24:03: [navbot_stuck_logger.smx] Bot "[NAV] Bot 9<17><BOT><>" got stuck [3] at <-2214.927246 1955.232910 147.787002> Eye Position <-2214.927246 1955.232910 211.787002> Eye Angles <-13.441772 -67.708740 0.000000> Last Known Nav Area ID <2>
L 07/04/2026 - 18:24:03: [navbot_stuck_logger.smx] Bot "[NAV] Bot 5<12><BOT><>" got stuck [1] at <-1119.968749 -1194.231811 428.031249> Eye Position <-1119.968749 -1194.231811 456.031249> Eye Angles <1.255078 -79.988830 0.000000> Last Known Nav Area ID <1573>
L 07/04/2026 - 18:24:04: [navbot_stuck_logger.smx] Bot "[NAV] Bot 9<17><BOT><>" got stuck [4] at <-2222.200927 1955.209106 155.965988> Eye Position <-2222.200927 1955.209106 219.965988> Eye Angles <-12.661743 -66.318969 0.000000> Last Known Nav Area ID <2>
L 07/04/2026 - 18:24:05: [navbot_stuck_logger.smx] Bot "[NAV] Bot 9<17><BOT><>" got stuck [5] at <-2220.363037 1947.895385 150.316070> Eye Position <-2220.363037 1947.895385 214.316070> Eye Angles <-12.661743 -66.318969 0.000000> Last Known Nav Area ID <2>
L 07/04/2026 - 18:24:06: [navbot_stuck_logger.smx] Bot "[NAV] Bot 9<17><BOT><>" got stuck [6] at <-2214.972167 1958.975830 146.718017> Eye Position <-2214.972167 1958.975830 210.718017> Eye Angles <-12.661743 -66.318969 0.000000> Last Known Nav Area ID <2>
L 07/04/2026 - 18:24:07: [navbot_stuck_logger.smx] Bot "[NAV] Bot 9<17><BOT><>" got stuck [7] at <-2207.241455 1956.131713 156.009674> Eye Position <-2207.241455 1956.131713 220.009674> Eye Angles <-12.661743 -66.318969 0.000000> Last Known Nav Area ID <2>
L 07/04/2026 - 18:24:08: [navbot_stuck_logger.smx] Bot "[NAV] Bot 9<17><BOT><>" got stuck [8] at <-2221.906249 1950.625366 150.727371> Eye Position <-2221.906249 1950.625366 214.727371> Eye Angles <-12.661743 -66.318969 0.000000> Last Known Nav Area ID <2>
L 07/04/2026 - 18:24:09: [navbot_stuck_logger.smx] Bot "[NAV] Bot 11<19><BOT><>" got stuck [1] at <-1168.004882 -1206.501098 394.031249> Eye Position <-1168.004882 -1206.501098 458.031249> Eye Angles <6.465454 1.345825 0.000000> Last Known Nav Area ID <253>
L 07/04/2026 - 18:24:09: [navbot_stuck_logger.smx] Bot "[NAV] Bot 9<17><BOT><>" got stuck [9] at <-2237.648925 1951.621704 151.803558> Eye Position <-2237.648925 1951.621704 215.803558> Eye Angles <-12.661743 -66.318969 0.000000> Last Known Nav Area ID <2>
L 07/04/2026 - 18:24:10: [navbot_stuck_logger.smx] Bot "[NAV] Bot 17<20><BOT><>" got stuck [1] at <-1707.287109 -747.964660 232.031249> Eye Position <-1707.287109 -747.964660 296.031249> Eye Angles <0.000000 -15.707824 0.000000> Last Known Nav Area ID <75>
L 07/04/2026 - 18:24:10: [navbot_stuck_logger.smx] Bot "[NAV] Bot 11<19><BOT><>" got stuck [2] at <-1168.004882 -1214.728637 394.031249> Eye Position <-1168.004882 -1214.728637 458.031249> Eye Angles <6.300659 -2.960815 0.000000> Last Known Nav Area ID <253>
L 07/04/2026 - 18:24:10: [navbot_stuck_logger.smx] Bot "[NAV] Bot 9<17><BOT><>" got stuck [10] at <-2230.933593 1959.295654 154.011337> Eye Position <-2230.933593 1959.295654 218.011337> Eye Angles <-13.743896 -72.306518 0.000000> Last Known Nav Area ID <2>
L 07/04/2026 - 18:24:11: [navbot_stuck_logger.smx] Bot "[NAV] Bot 17<20><BOT><>" got stuck [2] at <-1703.866333 -773.169311 236.031249> Eye Position <-1703.866333 -773.169311 264.031249> Eye Angles <0.000000 -27.767944 0.000000> Last Known Nav Area ID <75>
L 07/04/2026 - 18:24:11: [navbot_stuck_logger.smx] Bot "[NAV] Bot 11<19><BOT><>" got stuck [3] at <-1168.031249 -1202.906738 394.031249> Eye Position <-1168.031249 -1202.906738 457.964874> Eye Angles <6.075439 -3.218994 0.000000> Last Known Nav Area ID <253>
L 07/04/2026 - 18:24:11: [navbot_stuck_logger.smx] Bot "[NAV] Bot 9<17><BOT><>" got stuck [11] at <-2256.962402 1944.099121 151.104919> Eye Position <-2256.962402 1944.099121 215.104919> Eye Angles <-14.293212 -69.971923 0.000000> Last Known Nav Area ID <2>
L 07/04/2026 - 18:24:12: [navbot_stuck_logger.smx] Bot "[NAV] Bot 11<19><BOT><>" got stuck [4] at <-1168.031249 -1222.416137 394.031249> Eye Position <-1168.031249 -1222.416137 458.031249> Eye Angles <6.399536 3.169555 0.000000> Last Known Nav Area ID <253>
L 07/04/2026 - 18:24:13: [navbot_stuck_logger.smx] Bot "[NAV] Bot 11<19><BOT><>" got stuck [5] at <-1168.000244 -1196.945800 394.031249> Eye Position <-1168.000244 -1196.945800 458.031249> Eye Angles <6.394042 -4.652709 0.000000> Last Known Nav Area ID <78>
L 07/04/2026 - 18:24:14: [navbot_stuck_logger.smx] Bot "[NAV] Bot 11<19><BOT><>" got stuck [6] at <-1168.000244 -1188.044799 394.031249> Eye Position <-1168.000244 -1188.044799 458.031249> Eye Angles <6.344604 -8.234252 0.000000> Last Known Nav Area ID <78>
L 07/04/2026 - 18:24:15: [navbot_stuck_logger.smx] Bot "[NAV] Bot 11<19><BOT><>" got stuck [7] at <-1168.000244 -1201.208007 394.031249> Eye Position <-1168.000244 -1201.208007 458.031249> Eye Angles <1.856689 -6.932373 0.000000> Last Known Nav Area ID <253>
L 07/04/2026 - 18:24:16: [navbot_stuck_logger.smx] Bot "[NAV] Bot 10<16><BOT><>" got stuck [1] at <-2020.228759 1330.968749 381.031249> Eye Position <-2020.228759 1330.968749 445.031249> Eye Angles <53.723144 178.670654 0.000000> Last Known Nav Area ID <281>
L 07/04/2026 - 18:24:16: [navbot_stuck_logger.smx] Bot "[NAV] Bot 11<19><BOT><>" got stuck [8] at <-1168.000244 -1195.232177 394.031249> Eye Position <-1168.000244 -1195.232177 458.031249> Eye Angles <4.932861 0.543823 0.000000> Last Known Nav Area ID <78>
L 07/04/2026 - 18:24:17: [navbot_stuck_logger.smx] Bot "[NAV] Bot 10<16><BOT><>" got stuck [2] at <-2021.423461 1330.994995 381.031249> Eye Position <-2021.423461 1330.994995 445.031249> Eye Angles <45.488891 -138.295898 0.000000> Last Known Nav Area ID <281>
L 07/04/2026 - 18:24:17: [navbot_stuck_logger.smx] Bot "[NAV] Bot 11<19><BOT><>" got stuck [9] at <-1168.031249 -1196.610229 394.031249> Eye Position <-1168.031249 -1196.610229 458.031249> Eye Angles <6.578173 -2.507739 0.000000> Last Known Nav Area ID <253>
L 07/04/2026 - 18:24:18: [navbot_stuck_logger.smx] Bot "[NAV] Bot 10<16><BOT><>" got stuck [3] at <-2020.599853 1330.968749 381.031249> Eye Position <-2020.599853 1330.968749 445.031249> Eye Angles <36.765747 -113.258056 0.000000> Last Known Nav Area ID <281>
L 07/04/2026 - 18:24:18: [navbot_stuck_logger.smx] Bot "[NAV] Bot 11<19><BOT><>" got stuck [10] at <-1168.031249 -1218.218139 394.031249> Eye Position <-1168.031249 -1218.218139 458.031249> Eye Angles <13.216552 19.791870 0.000000> Last Known Nav Area ID <253>
L 07/04/2026 - 18:24:19: [navbot_stuck_logger.smx] Bot "[NAV] Bot 10<16><BOT><>" got stuck [4] at <-2012.823974 1330.968749 381.031249> Eye Position <-2012.823974 1330.968749 445.031249> Eye Angles <39.737548 -79.508056 0.000000> Last Known Nav Area ID <281>
L 07/04/2026 - 18:24:20: [navbot_stuck_logger.smx] Bot "[NAV] Bot 10<16><BOT><>" got stuck [5] at <-2031.343872 1330.968749 381.031249> Eye Position <-2031.343872 1330.968749 445.031249> Eye Angles <30.124511 -53.854980 0.000000> Last Known Nav Area ID <281>
L 07/04/2026 - 18:24:22: [navbot_stuck_logger.smx] Bot "[NAV] Bot 10<16><BOT><>" got stuck [6] at <-2022.348510 1330.554931 381.031249> Eye Position <-2022.348510 1330.554931 445.031249> Eye Angles <16.962890 -40.319824 0.000000> Last Known Nav Area ID <281>
L 07/04/2026 - 18:24:23: [navbot_stuck_logger.smx] Bot "[NAV] Bot 10<16><BOT><>" got stuck [7] at <-2014.229858 1330.968749 381.031249> Eye Position <-2014.229858 1330.968749 445.031249> Eye Angles <22.494506 -30.607910 0.000000> Last Known Nav Area ID <281>
L 07/04/2026 - 18:24:24: [navbot_stuck_logger.smx] Bot "[NAV] Bot 10<16><BOT><>" got stuck [8] at <-2018.375122 1330.968749 381.031249> Eye Position <-2018.375122 1330.968749 445.031249> Eye Angles <18.264770 -26.262817 0.000000> Last Known Nav Area ID <281>
L 07/04/2026 - 18:24:25: [navbot_stuck_logger.smx] Bot "[NAV] Bot 10<16><BOT><>" got stuck [9] at <-2022.134521 1330.968749 381.031249> Eye Position <-2022.134521 1330.968749 445.031249> Eye Angles <16.419067 -37.012939 0.000000> Last Known Nav Area ID <281>
L 07/04/2026 - 18:24:26: [navbot_stuck_logger.smx] Bot "[NAV] Bot 10<16><BOT><>" got stuck [10] at <-2033.811767 1330.968749 381.031249> Eye Position <-2033.811767 1330.968749 445.031249> Eye Angles <0.139965 -20.508605 0.000000> Last Known Nav Area ID <281>
L 07/04/2026 - 18:24:27: [navbot_stuck_logger.smx] Bot "[NAV] Bot 10<16><BOT><>" got stuck [11] at <-2019.503417 1329.403808 381.031249> Eye Position <-2019.503417 1329.403808 445.031249> Eye Angles <0.000000 60.894580 0.000000> Last Known Nav Area ID <281>
L 07/04/2026 - 18:24:28: [navbot_stuck_logger.smx] Bot "[NAV] Bot 10<16><BOT><>" got stuck [12] at <-2014.878540 1330.790893 381.031249> Eye Position <-2014.878540 1330.790893 445.031249> Eye Angles <0.000000 31.198314 0.000000> Last Known Nav Area ID <281>
L 07/04/2026 - 18:24:29: [navbot_stuck_logger.smx] Bot "[NAV] Bot 10<16><BOT><>" got stuck [13] at <-2041.672607 1328.968749 386.031249> Eye Position <-2041.672607 1328.968749 450.031249> Eye Angles <44.538574 149.732666 0.000000> Last Known Nav Area ID <281>
L 07/04/2026 - 18:24:29: [navbot_stuck_logger.smx] Bot "[NAV] Bot 15<21><BOT><>" got stuck [1] at <-1119.968749 -1185.352294 428.031249> Eye Position <-1119.968749 -1185.352294 456.031249> Eye Angles <2.700000 98.874313 0.000000> Last Known Nav Area ID <1573>
L 07/04/2026 - 18:24:30: [navbot_stuck_logger.smx] Bot "[NAV] Bot 10<16><BOT><>" got stuck [14] at <-2031.392089 1330.968749 381.031249> Eye Position <-2031.392089 1330.968749 445.031249> Eye Angles <51.476440 175.484619 0.000000> Last Known Nav Area ID <281>
L 07/04/2026 - 18:24:31: [navbot_stuck_logger.smx] Bot "[NAV] Bot 10<16><BOT><>" got stuck [15] at <-2031.678833 1330.829223 381.031249> Eye Position <-2031.678833 1330.829223 445.031249> Eye Angles <47.406005 -136.801757 0.000000> Last Known Nav Area ID <281>
L 07/04/2026 - 18:24:32: [navbot_stuck_logger.smx] Bot "[NAV] Bot 10<16><BOT><>" got stuck [16] at <-2032.303833 1330.968749 381.031249> Eye Position <-2032.303833 1330.968749 445.031249> Eye Angles <36.655883 -117.520751 0.000000> Last Known Nav Area ID <281>
L 07/04/2026 - 18:24:32: [navbot_stuck_logger.smx] Bot "[NAV] Bot 10<16><BOT><>" got stuck [1] at <-2019.738159 1330.999267 381.031249> Eye Position <-2019.738159 1330.999267 445.031249> Eye Angles <37.161254 -116.776321 0.000000> Last Known Nav Area ID <281>
L 07/04/2026 - 18:24:33: [navbot_stuck_logger.smx] Bot "[NAV] Bot 10<16><BOT><>" got stuck [2] at <-2010.666870 1330.999267 381.031249> Eye Position <-2010.666870 1330.999267 445.031249> Eye Angles <36.298828 -78.730651 0.000000> Last Known Nav Area ID <281>
L 07/04/2026 - 18:24:34: [navbot_stuck_logger.smx] Bot "[NAV] Bot 10<16><BOT><>" got stuck [3] at <-2031.381469 1330.999267 381.031249> Eye Position <-2031.381469 1330.999267 445.031249> Eye Angles <30.349731 -45.488891 0.000000> Last Known Nav Area ID <281>
L 07/04/2026 - 18:24:35: [navbot_stuck_logger.smx] Bot "[NAV] Bot 10<16><BOT><>" got stuck [4] at <-2030.494750 1330.998901 381.031249> Eye Position <-2030.494750 1330.998901 445.031249> Eye Angles <30.888061 -43.961791 0.000000> Last Known Nav Area ID <281>
L 07/04/2026 - 18:24:36: [navbot_stuck_logger.smx] Bot "[NAV] Bot 10<16><BOT><>" got stuck [5] at <-2029.648681 1330.989257 381.031249> Eye Position <-2029.648681 1330.989257 445.031249> Eye Angles <39.347534 -60.996093 0.000000> Last Known Nav Area ID <281>
L 07/04/2026 - 18:24:37: [navbot_stuck_logger.smx] Bot "[NAV] Bot 10<16><BOT><>" got stuck [6] at <-2010.405151 1330.727294 381.031249> Eye Position <-2010.405151 1330.727294 445.031249> Eye Angles <38.490600 -39.951782 0.000000> Last Known Nav Area ID <281>
L 07/04/2026 - 18:24:38: [navbot_stuck_logger.smx] Bot "[NAV] Bot 10<16><BOT><>" got stuck [7] at <-2031.639160 1330.995361 381.031249> Eye Position <-2031.639160 1330.995361 445.031249> Eye Angles <37.562255 -8.646240 0.000000> Last Known Nav Area ID <281>
L 07/04/2026 - 18:24:39: [navbot_stuck_logger.smx] Bot "[NAV] Bot 10<16><BOT><>" got stuck [8] at <-2034.458129 1330.717285 381.031249> Eye Position <-2034.458129 1330.717285 445.031249> Eye Angles <22.164916 -34.365234 0.000000> Last Known Nav Area ID <281>
L 07/04/2026 - 18:24:41: [navbot_stuck_logger.smx] Bot "[NAV] Bot 10<16><BOT><>" got stuck [9] at <-2011.218261 1330.968749 381.031249> Eye Position <-2011.218261 1330.968749 445.031249> Eye Angles <28.998413 -52.014770 0.000000> Last Known Nav Area ID <281>
L 07/04/2026 - 18:24:42: [navbot_stuck_logger.smx] Bot "[NAV] Bot 10<16><BOT><>" got stuck [10] at <-2018.151733 1330.968749 381.031249> Eye Position <-2018.151733 1330.968749 445.031249> Eye Angles <33.815917 -66.478271 0.000000> Last Known Nav Area ID <281>
L 07/04/2026 - 18:24:43: [navbot_stuck_logger.smx] Bot "[NAV] Bot 10<16><BOT><>" got stuck [11] at <-2034.317749 1330.775268 381.031249> Eye Position <-2034.317749 1330.775268 445.031249> Eye Angles <24.323730 -48.070678 0.000000> Last Known Nav Area ID <281>
L 07/04/2026 - 18:24:44: [navbot_stuck_logger.smx] Bot "[NAV] Bot 10<16><BOT><>" got stuck [12] at <-2029.616699 1330.968749 381.031249> Eye Position <-2029.616699 1330.968749 445.031249> Eye Angles <45.439453 10.200805 0.000000> Last Known Nav Area ID <281>
L 07/04/2026 - 18:24:45: [navbot_stuck_logger.smx] Bot "[NAV] Bot 10<16><BOT><>" got stuck [13] at <-2026.440063 1330.968749 381.031249> Eye Position <-2026.440063 1330.968749 445.031249> Eye Angles <65.857543 47.274169 0.000000> Last Known Nav Area ID <281>
L 07/04/2026 - 18:24:46: [navbot_stuck_logger.smx] Bot "[NAV] Bot 10<16><BOT><>" got stuck [14] at <-2034.065307 1322.521240 380.031249> Eye Position <-2034.065307 1322.521240 444.031249> Eye Angles <38.265380 155.050048 0.000000> Last Known Nav Area ID <281>
L 07/04/2026 - 18:24:47: [navbot_stuck_logger.smx] Bot "[NAV] Bot 10<16><BOT><>" got stuck [15] at <-2011.068359 1330.968749 381.031249> Eye Position <-2011.068359 1330.968749 445.031249> Eye Angles <16.858520 -111.511230 0.000000> Last Known Nav Area ID <281>
L 07/04/2026 - 18:24:48: [navbot_stuck_logger.smx] Bot "[NAV] Bot 10<16><BOT><>" got stuck [16] at <-2012.989379 1330.973876 381.031249> Eye Position <-2012.989379 1330.973876 445.031249> Eye Angles <36.573486 -81.197326 0.000000> Last Known Nav Area ID <281>
L 07/04/2026 - 18:24:48: [navbot_stuck_logger.smx] Bot "[NAV] Bot 10<16><BOT><>" got stuck [1] at <-2018.972045 1330.973876 381.031249> Eye Position <-2018.972045 1330.973876 445.031249> Eye Angles <38.413696 -99.615905 0.000000> Last Known Nav Area ID <281>
L 07/04/2026 - 18:24:49: [navbot_stuck_logger.smx] Bot "[NAV] Bot 10<16><BOT><>" got stuck [2] at <-2030.802490 1330.973876 381.031249> Eye Position <-2030.802490 1330.973876 445.031249> Eye Angles <36.787719 -55.645751 0.000000> Last Known Nav Area ID <281>
L 07/04/2026 - 18:24:50: [navbot_stuck_logger.smx] Bot "[NAV] Bot 10<16><BOT><>" got stuck [3] at <-2029.311279 1330.973876 381.031249> Eye Position <-2029.311279 1330.973876 445.031249> Eye Angles <41.890869 -82.001953 0.000000> Last Known Nav Area ID <281>
L 07/04/2026 - 18:24:51: [navbot_stuck_logger.smx] Bot "[NAV] Bot 10<16><BOT><>" got stuck [4] at <-2032.176757 1330.968749 381.031249> Eye Position <-2032.176757 1330.968749 445.031249> Eye Angles <39.320068 -25.213623 0.000000> Last Known Nav Area ID <281>
L 07/04/2026 - 18:25:00: [navbot_stuck_logger.smx] Bot "[NAV] Bot 15<21><BOT><>" got stuck [1] at <-2443.091064 996.975769 66.102302> Eye Position <-2443.091064 996.975769 94.102302> Eye Angles <-57.469482 -108.624465 0.000000> Last Known Nav Area ID <1697>
L 07/04/2026 - 18:25:01: [navbot_stuck_logger.smx] Bot "[NAV] Bot 15<21><BOT><>" got stuck [2] at <-2453.200927 997.003173 66.031249> Eye Position <-2453.200927 997.003173 94.031249> Eye Angles <-33.035888 -107.473754 0.000000> Last Known Nav Area ID <1697>
L 07/04/2026 - 18:25:03: [navbot_stuck_logger.smx] Bot "[NAV] Bot 15<21><BOT><>" got stuck [3] at <-2447.005615 947.067993 90.084945> Eye Position <-2447.005615 947.067993 118.084945> Eye Angles <-0.280151 -91.159057 0.000000> Last Known Nav Area ID <1561>
L 07/04/2026 - 18:25:07: [navbot_stuck_logger.smx] Bot "[NAV] Bot 14<18><BOT><>" got stuck [1] at <-986.927001 -664.012207 398.031249> Eye Position <-986.927001 -664.012207 462.031249> Eye Angles <57.963867 -137.449951 0.000000> Last Known Nav Area ID <173>
L 07/04/2026 - 18:25:08: [navbot_stuck_logger.smx] Bot "[NAV] Bot 14<18><BOT><>" got stuck [2] at <-990.968749 -664.018981 398.031249> Eye Position <-990.968749 -664.018981 462.031249> Eye Angles <51.245727 -151.743164 0.000000> Last Known Nav Area ID <173>
L 07/04/2026 - 18:25:09: [navbot_stuck_logger.smx] Bot "[NAV] Bot 14<18><BOT><>" got stuck [3] at <-981.864929 -664.018981 398.031249> Eye Position <-981.864929 -664.018981 462.031249> Eye Angles <51.454467 162.070312 0.000000> Last Known Nav Area ID <173>
L 07/04/2026 - 18:25:10: [navbot_stuck_logger.smx] Bot "[NAV] Bot 14<18><BOT><>" got stuck [4] at <-990.968749 -665.842102 398.031249> Eye Position <-990.968749 -665.842102 462.031249> Eye Angles <0.000000 159.290771 0.000000> Last Known Nav Area ID <173>
L 07/04/2026 - 18:25:54: [navbot_stuck_logger.smx] Bot "[NAV] Bot 8<13><BOT><>" got stuck [1] at <-1385.672851 150.335693 368.031249> Eye Position <-1385.672851 150.335693 432.031249> Eye Angles <15.320434 -111.044311 0.000000> Last Known Nav Area ID <1753>
L 07/04/2026 - 18:25:55: [navbot_stuck_logger.smx] Bot "[NAV] Bot 8<13><BOT><>" got stuck [2] at <-1385.672851 150.335693 368.031249> Eye Position <-1385.672851 150.335693 432.031249> Eye Angles <15.320434 -111.044311 0.000000> Last Known Nav Area ID <1753>
L 07/04/2026 - 18:25:56: [navbot_stuck_logger.smx] Bot "[NAV] Bot 8<13><BOT><>" got stuck [3] at <-1385.672851 150.335693 368.031249> Eye Position <-1385.672851 150.335693 432.031249> Eye Angles <15.320434 -111.044311 0.000000> Last Known Nav Area ID <1753>
L 07/04/2026 - 18:25:56: [navbot_stuck_logger.smx] Bot "[NAV] Bot 17<20><BOT><>" got stuck [1] at <-1660.261840 -552.037414 248.133972> Eye Position <-1660.261840 -552.037414 312.133972> Eye Angles <4.790039 23.170166 0.000000> Last Known Nav Area ID <1716>
L 07/04/2026 - 18:25:57: [navbot_stuck_logger.smx] Bot "[NAV] Bot 8<13><BOT><>" got stuck [4] at <-1385.672851 150.335693 368.031249> Eye Position <-1385.672851 150.335693 432.031249> Eye Angles <15.320434 -111.044311 0.000000> Last Known Nav Area ID <1753>
L 07/04/2026 - 18:25:58: [navbot_stuck_logger.smx] Bot "[NAV] Bot 8<13><BOT><>" got stuck [5] at <-1385.672851 150.335693 368.031249> Eye Position <-1385.672851 150.335693 432.031249> Eye Angles <15.320434 -111.044311 0.000000> Last Known Nav Area ID <1753>
L 07/04/2026 - 18:25:59: [navbot_stuck_logger.smx] Bot "[NAV] Bot 8<13><BOT><>" got stuck [6] at <-1385.672851 150.335693 368.031249> Eye Position <-1385.672851 150.335693 432.031249> Eye Angles <15.320434 -111.044311 0.000000> Last Known Nav Area ID <1753>
L 07/04/2026 - 18:26:00: [navbot_stuck_logger.smx] Bot "[NAV] Bot 8<13><BOT><>" got stuck [7] at <-1385.672851 150.335693 368.031249> Eye Position <-1385.672851 150.335693 432.031249> Eye Angles <15.320434 -111.044311 0.000000> Last Known Nav Area ID <1753>
L 07/04/2026 - 18:26:01: [navbot_stuck_logger.smx] Bot "[NAV] Bot 4<15><BOT><>" got stuck [1] at <-1452.431152 -453.021484 234.031249> Eye Position <-1452.431152 -453.021484 298.031249> Eye Angles <3.466186 -154.786376 0.000000> Last Known Nav Area ID <1029>
L 07/04/2026 - 18:26:01: [navbot_stuck_logger.smx] Bot "[NAV] Bot 8<13><BOT><>" got stuck [8] at <-1385.672851 150.335693 368.031249> Eye Position <-1385.672851 150.335693 432.031249> Eye Angles <15.320434 -111.044311 0.000000> Last Known Nav Area ID <1753>
L 07/04/2026 - 18:26:02: [navbot_stuck_logger.smx] Bot "[NAV] Bot 4<15><BOT><>" got stuck [2] at <-1453.411865 -459.999542 234.031249> Eye Position <-1453.411865 -459.999542 298.031249> Eye Angles <7.454223 -152.677001 0.000000> Last Known Nav Area ID <1029>
L 07/04/2026 - 18:26:02: [navbot_stuck_logger.smx] Bot "[NAV] Bot 8<13><BOT><>" got stuck [9] at <-1385.672851 150.335693 368.031249> Eye Position <-1385.672851 150.335693 432.031249> Eye Angles <15.320434 -111.044311 0.000000> Last Known Nav Area ID <1753>
L 07/04/2026 - 18:26:03: [navbot_stuck_logger.smx] Bot "[NAV] Bot 4<15><BOT><>" got stuck [3] at <-1453.497680 -460.610229 234.031249> Eye Position <-1453.497680 -460.610229 298.031249> Eye Angles <8.432006 -144.596557 0.000000> Last Known Nav Area ID <1029>
L 07/04/2026 - 18:26:03: [navbot_stuck_logger.smx] Bot "[NAV] Bot 8<13><BOT><>" got stuck [10] at <-1385.672851 150.335693 368.031249> Eye Position <-1385.672851 150.335693 432.031249> Eye Angles <15.320434 -111.044311 0.000000> Last Known Nav Area ID <1753>
L 07/04/2026 - 18:26:04: [navbot_stuck_logger.smx] Bot "[NAV] Bot 4<15><BOT><>" got stuck [4] at <-1452.414672 -452.904144 234.031249> Eye Position <-1452.414672 -452.904144 298.031249> Eye Angles <8.234252 -143.173828 0.000000> Last Known Nav Area ID <1029>
L 07/04/2026 - 18:26:04: [navbot_stuck_logger.smx] Bot "[NAV] Bot 8<13><BOT><>" got stuck [11] at <-1385.672851 150.335693 368.031249> Eye Position <-1385.672851 150.335693 432.031249> Eye Angles <15.320434 -111.044311 0.000000> Last Known Nav Area ID <1753>
L 07/04/2026 - 18:26:05: [navbot_stuck_logger.smx] Bot "[NAV] Bot 4<15><BOT><>" got stuck [5] at <-1452.820800 -458.173339 234.031249> Eye Position <-1452.820800 -458.173339 298.031249> Eye Angles <8.283691 -143.651733 0.000000> Last Known Nav Area ID <1029>
L 07/04/2026 - 18:26:05: [navbot_stuck_logger.smx] Bot "[NAV] Bot 8<13><BOT><>" got stuck [12] at <-1385.672851 150.335693 368.031249> Eye Position <-1385.672851 150.335693 432.031249> Eye Angles <15.320434 -111.044311 0.000000> Last Known Nav Area ID <1753>
L 07/04/2026 - 18:26:06: [navbot_stuck_logger.smx] Bot "[NAV] Bot 4<15><BOT><>" got stuck [6] at <-1453.497680 -460.610229 234.031249> Eye Position <-1453.497680 -460.610229 298.031249> Eye Angles <8.432006 -144.596557 0.000000> Last Known Nav Area ID <1029>
L 07/04/2026 - 18:26:06: [navbot_stuck_logger.smx] Bot "[NAV] Bot 8<13><BOT><>" got stuck [13] at <-1385.672851 150.335693 368.031249> Eye Position <-1385.672851 150.335693 432.031249> Eye Angles <15.320434 -111.044311 0.000000> Last Known Nav Area ID <1753>
L 07/04/2026 - 18:26:07: [navbot_stuck_logger.smx] Bot "[NAV] Bot 4<15><BOT><>" got stuck [7] at <-1452.414672 -452.904144 234.031249> Eye Position <-1452.414672 -452.904144 298.031249> Eye Angles <8.234252 -143.173828 0.000000> Last Known Nav Area ID <1029>
L 07/04/2026 - 18:26:07: [navbot_stuck_logger.smx] Bot "[NAV] Bot 8<13><BOT><>" got stuck [14] at <-1385.672851 150.335693 368.031249> Eye Position <-1385.672851 150.335693 432.031249> Eye Angles <15.320434 -111.044311 0.000000> Last Known Nav Area ID <1753>
L 07/04/2026 - 18:26:08: [navbot_stuck_logger.smx] Bot "[NAV] Bot 4<15><BOT><>" got stuck [8] at <-1452.714233 -458.189056 234.031249> Eye Position <-1452.714233 -458.189056 298.031249> Eye Angles <8.179321 -142.706909 0.000000> Last Known Nav Area ID <1029>
L 07/04/2026 - 18:26:08: [navbot_stuck_logger.smx] Bot "[NAV] Bot 8<13><BOT><>" got stuck [15] at <-1385.672851 150.335693 368.031249> Eye Position <-1385.672851 150.335693 432.031249> Eye Angles <15.320434 -111.044311 0.000000> Last Known Nav Area ID <1753>
L 07/04/2026 - 18:26:09: [navbot_stuck_logger.smx] Bot "[NAV] Bot 4<15><BOT><>" got stuck [9] at <-1448.172729 -463.945159 234.031249> Eye Position <-1448.172729 -463.945159 288.497283> Eye Angles <4.493408 -147.678222 0.000000> Last Known Nav Area ID <1029>
L 07/04/2026 - 18:26:09: [navbot_stuck_logger.smx] Bot "[NAV] Bot 8<13><BOT><>" got stuck [16] at <-1385.672851 150.335693 368.031249> Eye Position <-1385.672851 150.335693 432.031249> Eye Angles <13.776855 18.646656 0.000000> Last Known Nav Area ID <1753>
L 07/04/2026 - 18:26:09: [navbot_stuck_logger.smx] Bot "[NAV] Bot 8<13><BOT><>" got stuck [1] at <-1385.672851 150.335693 368.031249> Eye Position <-1385.672851 150.335693 432.031249> Eye Angles <13.776855 32.338256 0.000000> Last Known Nav Area ID <1753>
L 07/04/2026 - 18:26:10: [navbot_stuck_logger.smx] Bot "[NAV] Bot 8<13><BOT><>" got stuck [2] at <-1385.672851 150.335693 368.031249> Eye Position <-1385.672851 150.335693 432.031249> Eye Angles <13.776855 32.338256 0.000000> Last Known Nav Area ID <1753>
L 07/04/2026 - 18:26:12: [navbot_stuck_logger.smx] Bot "[NAV] Bot 8<13><BOT><>" got stuck [3] at <-1385.672851 150.335693 368.031249> Eye Position <-1385.672851 150.335693 432.031249> Eye Angles <13.776855 32.338256 0.000000> Last Known Nav Area ID <1753>
L 07/04/2026 - 18:26:13: [navbot_stuck_logger.smx] Bot "[NAV] Bot 8<13><BOT><>" got stuck [4] at <-1385.672851 150.335693 368.031249> Eye Position <-1385.672851 150.335693 432.031249> Eye Angles <13.776855 32.338256 0.000000> Last Known Nav Area ID <1753>
L 07/04/2026 - 18:26:14: [navbot_stuck_logger.smx] Bot "[NAV] Bot 8<13><BOT><>" got stuck [5] at <-1385.672851 150.335693 368.031249> Eye Position <-1385.672851 150.335693 432.031249> Eye Angles <9.920654 105.163986 0.000000> Last Known Nav Area ID <1753>
L 07/04/2026 - 18:26:15: [navbot_stuck_logger.smx] Bot "[NAV] Bot 8<13><BOT><>" got stuck [6] at <-1385.672851 150.335693 368.031249> Eye Position <-1385.672851 150.335693 432.031249> Eye Angles <9.920654 113.258056 0.000000> Last Known Nav Area ID <1753>
L 07/04/2026 - 18:26:16: [navbot_stuck_logger.smx] Bot "[NAV] Bot 8<13><BOT><>" got stuck [7] at <-1385.672851 150.335693 368.031249> Eye Position <-1385.672851 150.335693 432.031249> Eye Angles <9.920654 113.258056 0.000000> Last Known Nav Area ID <1753>
L 07/04/2026 - 18:26:17: [navbot_stuck_logger.smx] Bot "[NAV] Bot 8<13><BOT><>" got stuck [8] at <-1385.672851 150.335693 368.031249> Eye Position <-1385.672851 150.335693 432.031249> Eye Angles <9.920654 113.258056 0.000000> Last Known Nav Area ID <1753>
L 07/04/2026 - 18:26:18: [navbot_stuck_logger.smx] Bot "[NAV] Bot 8<13><BOT><>" got stuck [9] at <-1385.672851 150.335693 368.031249> Eye Position <-1385.672851 150.335693 432.031249> Eye Angles <9.920654 113.258056 0.000000> Last Known Nav Area ID <1753>
L 07/04/2026 - 18:26:19: [navbot_stuck_logger.smx] Bot "[NAV] Bot 8<13><BOT><>" got stuck [10] at <-1385.672851 150.335693 368.031249> Eye Position <-1385.672851 150.335693 432.031249> Eye Angles <31.871337 125.820922 0.000000> Last Known Nav Area ID <1753>
L 07/04/2026 - 18:26:20: [navbot_stuck_logger.smx] Bot "[NAV] Bot 11<19><BOT><>" got stuck [1] at <-2883.927978 892.624938 297.836151> Eye Position <-2883.927978 892.624938 361.836151> Eye Angles <0.000000 -59.661254 0.000000> Last Known Nav Area ID <1115>
L 07/04/2026 - 18:26:21: [navbot_stuck_logger.smx] Bot "[NAV] Bot 11<19><BOT><>" got stuck [2] at <-2878.396972 904.567443 342.219177> Eye Position <-2878.396972 904.567443 370.219177> Eye Angles <0.120849 -9.404296 0.000000> Last Known Nav Area ID <1116>
L 07/04/2026 - 18:26:29: [navbot_stuck_logger.smx] Bot "[NAV] Bot 4<15><BOT><>" got stuck [1] at <-285.473876 103.424690 165.364700> Eye Position <-285.473876 103.424690 229.364700> Eye Angles <56.013793 -12.546386 0.000000> Last Known Nav Area ID <330>
L 07/04/2026 - 18:26:30: [navbot_stuck_logger.smx] Bot "[NAV] Bot 4<15><BOT><>" got stuck [2] at <-294.886383 95.579483 138.258453> Eye Position <-294.886383 95.579483 202.258453> Eye Angles <46.653442 -8.063964 0.000000> Last Known Nav Area ID <330>
L 07/04/2026 - 18:26:31: [navbot_stuck_logger.smx] Bot "[NAV] Bot 11<19><BOT><>" got stuck [1] at <-2820.222412 914.908386 297.581970> Eye Position <-2820.222412 914.908386 361.581970> Eye Angles <50.630493 -70.540588 0.000000> Last Known Nav Area ID <1119>
L 07/04/2026 - 18:26:31: [navbot_stuck_logger.smx] Bot "[NAV] Bot 4<15><BOT><>" got stuck [3] at <-305.558441 101.507972 146.607040> Eye Position <-305.558441 101.507972 210.607040> Eye Angles <46.653442 -8.063964 0.000000> Last Known Nav Area ID <330>
L 07/04/2026 - 18:26:32: [navbot_stuck_logger.smx] Bot "[NAV] Bot 4<15><BOT><>" got stuck [4] at <-303.653747 101.804550 146.300659> Eye Position <-303.653747 101.804550 210.300659> Eye Angles <46.653442 -8.063964 0.000000> Last Known Nav Area ID <330>
L 07/04/2026 - 18:26:33: [navbot_stuck_logger.smx] Bot "[NAV] Bot 4<15><BOT><>" got stuck [5] at <-304.047637 102.345504 147.786193> Eye Position <-304.047637 102.345504 211.786193> Eye Angles <46.653442 -8.063964 0.000000> Last Known Nav Area ID <330>
L 07/04/2026 - 18:26:35: [navbot_stuck_logger.smx] Bot "[NAV] Bot 4<15><BOT><>" got stuck [6] at <-305.854370 97.225700 140.148696> Eye Position <-305.854370 97.225700 204.148696> Eye Angles <62.839160 -24.249694 0.000000> Last Known Nav Area ID <330>
L 07/04/2026 - 18:26:36: [navbot_stuck_logger.smx] Bot "[NAV] Bot 4<15><BOT><>" got stuck [7] at <-304.483093 99.145423 121.003776> Eye Position <-304.483093 99.145423 185.003784> Eye Angles <60.924682 -117.795410 0.000000> Last Known Nav Area ID <330>
L 07/04/2026 - 18:26:37: [navbot_stuck_logger.smx] Bot "[NAV] Bot 4<15><BOT><>" got stuck [8] at <-305.887786 101.257583 155.755142> Eye Position <-305.887786 101.257583 219.755142> Eye Angles <63.473510 -126.090087 0.000000> Last Known Nav Area ID <330>
L 07/04/2026 - 18:26:38: [navbot_stuck_logger.smx] Bot "[NAV] Bot 4<15><BOT><>" got stuck [9] at <-304.665313 106.857475 153.643951> Eye Position <-304.665313 106.857475 217.643951> Eye Angles <63.473510 -126.090087 0.000000> Last Known Nav Area ID <330>
L 07/04/2026 - 18:26:39: [navbot_stuck_logger.smx] Bot "[NAV] Bot 4<15><BOT><>" got stuck [10] at <-300.951538 100.892265 158.610900> Eye Position <-300.951538 100.892265 222.610900> Eye Angles <63.473510 -126.090087 0.000000> Last Known Nav Area ID <330>
L 07/04/2026 - 18:26:40: [navbot_stuck_logger.smx] Bot "[NAV] Bot 4<15><BOT><>" got stuck [11] at <-371.026611 122.759872 84.692932> Eye Position <-371.026611 122.759872 148.692932> Eye Angles <63.473510 -126.090087 0.000000> Last Known Nav Area ID <1216>
L 07/04/2026 - 18:26:42: [navbot_stuck_logger.smx] Bot "[NAV] Bot 17<20><BOT><>" got stuck [1] at <-2073.530517 860.373657 310.031249> Eye Position <-2073.530517 860.373657 374.031249> Eye Angles <0.000000 -90.626220 0.000000> Last Known Nav Area ID <745>
L 07/04/2026 - 18:26:51: [navbot_stuck_logger.smx] Bot "[NAV] Bot 11<19><BOT><>" got stuck [1] at <-2876.574218 374.614166 284.031249> Eye Position <-2876.574218 374.614166 348.031249> Eye Angles <0.000000 -22.645446 0.000000> Last Known Nav Area ID <1508>
L 07/04/2026 - 18:26:52: [navbot_stuck_logger.smx] Bot "[NAV] Bot 11<19><BOT><>" got stuck [2] at <-2885.160400 392.307434 297.612823> Eye Position <-2885.160400 392.307434 325.612823> Eye Angles <-0.214233 -16.078491 0.000000> Last Known Nav Area ID <1503>
L 07/04/2026 - 18:26:54: [navbot_stuck_logger.smx] Bot "[NAV] Bot 8<13><BOT><>" got stuck [1] at <-2819.821777 264.245971 148.292068> Eye Position <-2819.821777 264.245971 212.292068> Eye Angles <40.578002 -82.875366 0.000000> Last Known Nav Area ID <191>
L 07/04/2026 - 18:26:55: [navbot_stuck_logger.smx] Bot "[NAV] Bot 8<13><BOT><>" got stuck [2] at <-2822.846435 258.809204 128.493225> Eye Position <-2822.846435 258.809204 192.493225> Eye Angles <40.578002 -82.875366 0.000000> Last Known Nav Area ID <191>
L 07/04/2026 - 18:26:56: [navbot_stuck_logger.smx] Bot "[NAV] Bot 8<13><BOT><>" got stuck [3] at <-2815.739501 264.285491 151.425628> Eye Position <-2815.739501 264.285491 215.425628> Eye Angles <25.268554 -66.662170 0.000000> Last Known Nav Area ID <191>
L 07/04/2026 - 18:26:57: [navbot_stuck_logger.smx] Bot "[NAV] Bot 8<13><BOT><>" got stuck [4] at <-2814.347412 263.291595 134.959167> Eye Position <-2814.347412 263.291595 198.959167> Eye Angles <16.940917 17.369384 0.000000> Last Known Nav Area ID <191>
L 07/04/2026 - 18:26:58: [navbot_stuck_logger.smx] Bot "[NAV] Bot 8<13><BOT><>" got stuck [5] at <-2816.741699 266.764770 139.517181> Eye Position <-2816.741699 266.764770 203.517181> Eye Angles <22.153930 27.394409 0.000000> Last Known Nav Area ID <191>
L 07/04/2026 - 18:26:59: [navbot_stuck_logger.smx] Bot "[NAV] Bot 8<13><BOT><>" got stuck [6] at <-2821.727539 269.742645 138.868499> Eye Position <-2821.727539 269.742645 202.868499> Eye Angles <22.153930 27.394409 0.000000> Last Known Nav Area ID <191>
L 07/04/2026 - 18:27:00: [navbot_stuck_logger.smx] Bot "[NAV] Bot 8<13><BOT><>" got stuck [7] at <-2827.053466 276.994903 152.109802> Eye Position <-2827.053466 276.994903 216.109802> Eye Angles <22.153930 27.394409 0.000000> Last Known Nav Area ID <191>
L 07/04/2026 - 18:27:01: [navbot_stuck_logger.smx] Bot "[NAV] Bot 8<13><BOT><>" got stuck [8] at <-2806.098144 275.464508 148.277694> Eye Position <-2806.098144 275.464508 212.277694> Eye Angles <35.584716 -110.072021 0.000000> Last Known Nav Area ID <191>
L 07/04/2026 - 18:27:02: [navbot_stuck_logger.smx] Bot "[NAV] Bot 8<13><BOT><>" got stuck [9] at <-2808.316894 253.862106 161.157760> Eye Position <-2808.316894 253.862106 225.157760> Eye Angles <33.892822 -90.186767 0.000000> Last Known Nav Area ID <191>
L 07/04/2026 - 18:27:03: [navbot_stuck_logger.smx] Bot "[NAV] Bot 8<13><BOT><>" got stuck [10] at <-2816.440185 256.074310 133.785400> Eye Position <-2816.440185 256.074310 197.785400> Eye Angles <33.892822 -90.186767 0.000000> Last Known Nav Area ID <191>
L 07/04/2026 - 18:27:04: [navbot_stuck_logger.smx] Bot "[NAV] Bot 8<13><BOT><>" got stuck [11] at <-2812.378173 257.478118 159.504150> Eye Position <-2812.378173 257.478118 223.504150> Eye Angles <33.892822 -90.186767 0.000000> Last Known Nav Area ID <191>
L 07/04/2026 - 18:27:05: [navbot_stuck_logger.smx] Bot "[NAV] Bot 8<13><BOT><>" got stuck [12] at <-2803.269287 260.383148 148.357818> Eye Position <-2803.269287 260.383148 212.357818> Eye Angles <33.892822 -90.186767 0.000000> Last Known Nav Area ID <191>
L 07/04/2026 - 18:27:06: [navbot_stuck_logger.smx] Bot "[NAV] Bot 8<13><BOT><>" got stuck [13] at <-2818.766357 265.665344 156.280166> Eye Position <-2818.766357 265.665344 220.280166> Eye Angles <33.892822 -90.186767 0.000000> Last Known Nav Area ID <191>
L 07/04/2026 - 18:27:07: [navbot_stuck_logger.smx] Bot "[NAV] Bot 8<13><BOT><>" got stuck [14] at <-2803.659667 258.542938 145.513793> Eye Position <-2803.659667 258.542938 209.513793> Eye Angles <24.494018 22.642822 0.000000> Last Known Nav Area ID <191>
L 07/04/2026 - 18:27:08: [navbot_stuck_logger.smx] Bot "[NAV] Bot 8<13><BOT><>" got stuck [15] at <-2819.598876 261.135284 138.613357> Eye Position <-2819.598876 261.135284 202.613357> Eye Angles <18.017578 14.293212 0.000000> Last Known Nav Area ID <191>
L 07/04/2026 - 18:27:10: [navbot_stuck_logger.smx] Bot "[NAV] Bot 8<13><BOT><>" got stuck [16] at <-2810.022216 257.844085 149.364929> Eye Position <-2810.022216 257.844085 213.364929> Eye Angles <18.017578 14.293212 0.000000> Last Known Nav Area ID <191>
L 07/04/2026 - 18:27:10: [navbot_stuck_logger.smx] Bot "[NAV] Bot 8<13><BOT><>" got stuck [1] at <-2810.793945 252.695388 154.253570> Eye Position <-2810.793945 252.695388 218.253570> Eye Angles <18.017578 14.293212 0.000000> Last Known Nav Area ID <191>
L 07/04/2026 - 18:27:11: [navbot_stuck_logger.smx] Bot "[NAV] Bot 8<13><BOT><>" got stuck [2] at <-2815.309570 242.726348 154.268829> Eye Position <-2815.309570 242.726348 218.268829> Eye Angles <49.916381 -58.559997 0.000000> Last Known Nav Area ID <191>
L 07/04/2026 - 18:27:12: [navbot_stuck_logger.smx] Bot "[NAV] Bot 8<13><BOT><>" got stuck [3] at <-2818.557861 262.549560 140.661209> Eye Position <-2818.557861 262.549560 204.661209> Eye Angles <37.628173 -104.205322 0.000000> Last Known Nav Area ID <191>
L 07/04/2026 - 18:27:13: [navbot_stuck_logger.smx] Bot "[NAV] Bot 8<13><BOT><>" got stuck [4] at <-2835.439453 263.511962 153.368530> Eye Position <-2835.439453 263.511962 217.368530> Eye Angles <36.996459 -103.694458 0.000000> Last Known Nav Area ID <191>
L 07/04/2026 - 18:27:14: [navbot_stuck_logger.smx] Bot "[NAV] Bot 8<13><BOT><>" got stuck [5] at <-2727.327148 251.312759 149.967178> Eye Position <-2727.327148 251.312759 213.967178> Eye Angles <36.996459 -103.694458 0.000000> Last Known Nav Area ID <1896>
L 07/04/2026 - 18:27:16: [navbot_stuck_logger.smx] Bot "[NAV] Bot 10<16><BOT><>" got stuck [1] at <-759.325866 -753.592834 398.015991> Eye Position <-759.325866 -753.592834 462.015991> Eye Angles <0.000000 -178.275146 0.000000> Last Known Nav Area ID <899>
L 07/04/2026 - 18:27:17: [navbot_stuck_logger.smx] Bot "[NAV] Bot 17<20><BOT><>" got stuck [1] at <-683.680236 189.381011 91.840606> Eye Position <-683.680236 189.381011 155.840606> Eye Angles <61.116943 -5.982055 0.000000> Last Known Nav Area ID <1854>
L 07/04/2026 - 18:27:17: [navbot_stuck_logger.smx] Bot "[NAV] Bot 10<16><BOT><>" got stuck [2] at <-759.325866 -754.114868 398.015991> Eye Position <-759.325866 -754.114868 462.015991> Eye Angles <0.000000 -179.219970 0.000000> Last Known Nav Area ID <899>
L 07/04/2026 - 18:27:19: [navbot_stuck_logger.smx] Bot "[NAV] Bot 15<21><BOT><>" got stuck [1] at <-314.554504 45.902252 155.056381> Eye Position <-314.554504 45.902252 219.056381> Eye Angles <4.581298 16.850391 0.000000> Last Known Nav Area ID <858>
L 07/04/2026 - 18:27:20: [navbot_stuck_logger.smx] Bot "[NAV] Bot 15<21><BOT><>" got stuck [2] at <-324.659667 37.173366 155.197586> Eye Position <-324.659667 37.173366 219.197586> Eye Angles <4.581298 16.850391 0.000000> Last Known Nav Area ID <858>
L 07/04/2026 - 18:28:19: [navbot_stuck_logger.smx] Bot "[NAV] Bot 14<18><BOT><>" got stuck [1] at <-2010.506103 1330.968749 381.031249> Eye Position <-2010.506103 1330.968749 445.031249> Eye Angles <24.713745 78.780105 0.000000> Last Known Nav Area ID <281>
L 07/04/2026 - 18:28:20: [navbot_stuck_logger.smx] Bot "[NAV] Bot 14<18><BOT><>" got stuck [2] at <-2025.162719 1330.995727 381.031249> Eye Position <-2025.162719 1330.995727 445.031249> Eye Angles <17.825317 11.953124 0.000000> Last Known Nav Area ID <281>
L 07/04/2026 - 18:28:21: [navbot_stuck_logger.smx] Bot "[NAV] Bot 14<18><BOT><>" got stuck [3] at <-2015.822631 1328.930908 380.031249> Eye Position <-2015.822631 1328.930908 444.031249> Eye Angles <-0.549316 43.140674 0.000000> Last Known Nav Area ID <281>
L 07/04/2026 - 18:28:22: [navbot_stuck_logger.smx] Bot "[NAV] Bot 14<18><BOT><>" got stuck [4] at <-2022.925659 1330.982788 381.031249> Eye Position <-2022.925659 1330.982788 445.031249> Eye Angles <0.000000 70.078933 0.000000> Last Known Nav Area ID <281>
L 07/04/2026 - 18:28:23: [navbot_stuck_logger.smx] Bot "[NAV] Bot 14<18><BOT><>" got stuck [5] at <-2030.276123 1330.968749 381.031249> Eye Position <-2030.276123 1330.968749 445.031249> Eye Angles <0.000000 69.886672 0.000000> Last Known Nav Area ID <281>
L 07/04/2026 - 18:28:24: [navbot_stuck_logger.smx] Bot "[NAV] Bot 14<18><BOT><>" got stuck [6] at <-2035.390502 1330.968749 381.031249> Eye Position <-2035.390502 1330.968749 445.031249> Eye Angles <0.000000 102.093307 0.000000> Last Known Nav Area ID <281>
L 07/04/2026 - 18:28:25: [navbot_stuck_logger.smx] Bot "[NAV] Bot 14<18><BOT><>" got stuck [7] at <-2011.192749 1330.968749 381.031249> Eye Position <-2011.192749 1330.968749 445.031249> Eye Angles <6.748242 108.295089 0.000000> Last Known Nav Area ID <281>
L 07/04/2026 - 18:28:26: [navbot_stuck_logger.smx] Bot "[NAV] Bot 14<18><BOT><>" got stuck [8] at <-2012.381591 1330.968749 381.031249> Eye Position <-2012.381591 1330.968749 445.031249> Eye Angles <0.000000 62.860912 0.000000> Last Known Nav Area ID <281>
L 07/04/2026 - 18:28:27: [navbot_stuck_logger.smx] Bot "[NAV] Bot 14<18><BOT><>" got stuck [9] at <-2014.060791 1330.968749 381.031249> Eye Position <-2014.060791 1330.968749 445.031249> Eye Angles <0.000000 104.210815 0.000000> Last Known Nav Area ID <281>
L 07/04/2026 - 18:28:28: [navbot_stuck_logger.smx] Bot "[NAV] Bot 14<18><BOT><>" got stuck [10] at <-2011.828613 1330.968749 381.031249> Eye Position <-2011.828613 1330.968749 445.031249> Eye Angles <1.257934 104.282226 0.000000> Last Known Nav Area ID <281>
L 07/04/2026 - 18:28:29: [navbot_stuck_logger.smx] Bot "[NAV] Bot 14<18><BOT><>" got stuck [11] at <-2038.619018 1330.949951 381.031249> Eye Position <-2038.619018 1330.949951 445.031249> Eye Angles <0.000000 130.745437 0.000000> Last Known Nav Area ID <281>
L 07/04/2026 - 18:28:30: [navbot_stuck_logger.smx] Bot "[NAV] Bot 14<18><BOT><>" got stuck [12] at <-2016.895629 1330.968749 381.031249> Eye Position <-2016.895629 1330.968749 445.031249> Eye Angles <13.018798 125.153610 0.000000> Last Known Nav Area ID <281>
L 07/04/2026 - 18:28:32: [navbot_stuck_logger.smx] Bot "[NAV] Bot 14<18><BOT><>" got stuck [13] at <-2017.620605 1330.968749 381.031249> Eye Position <-2017.620605 1330.968749 445.031249> Eye Angles <13.090209 -110.956420 0.000000> Last Known Nav Area ID <281>
L 07/04/2026 - 18:28:33: [navbot_stuck_logger.smx] Bot "[NAV] Bot 14<18><BOT><>" got stuck [14] at <-2029.115112 1330.968749 381.031249> Eye Position <-2029.115112 1330.968749 445.031249> Eye Angles <0.000000 140.605667 0.000000> Last Known Nav Area ID <281>
L 07/04/2026 - 18:28:34: [navbot_stuck_logger.smx] Bot "[NAV] Bot 14<18><BOT><>" got stuck [15] at <-2023.648925 1330.968749 381.031249> Eye Position <-2023.648925 1330.968749 445.031249> Eye Angles <0.000000 90.357055 0.000000> Last Known Nav Area ID <281>
L 07/04/2026 - 18:28:35: [navbot_stuck_logger.smx] Bot "[NAV] Bot 14<18><BOT><>" got stuck [16] at <-2013.090454 1330.999023 381.031249> Eye Position <-2013.090454 1330.999023 445.031249> Eye Angles <0.000000 89.349166 0.000000> Last Known Nav Area ID <281>
L 07/04/2026 - 18:28:35: [navbot_stuck_logger.smx] Bot "[NAV] Bot 14<18><BOT><>" got stuck [1] at <-2021.465454 1330.999023 381.031249> Eye Position <-2021.465454 1330.999023 445.031249> Eye Angles <0.000000 108.229171 0.000000> Last Known Nav Area ID <281>
L 07/04/2026 - 18:28:36: [navbot_stuck_logger.smx] Bot "[NAV] Bot 14<18><BOT><>" got stuck [2] at <-2017.680664 1330.620605 381.031249> Eye Position <-2017.680664 1330.620605 445.031249> Eye Angles <0.000000 75.638015 0.000000> Last Known Nav Area ID <281>
L 07/04/2026 - 18:28:37: [navbot_stuck_logger.smx] Bot "[NAV] Bot 14<18><BOT><>" got stuck [3] at <-2032.990356 1330.998779 381.031249> Eye Position <-2032.990356 1330.998779 445.031249> Eye Angles <11.354370 -12.183837 0.000000> Last Known Nav Area ID <281>
L 07/04/2026 - 18:28:37: [navbot_stuck_logger.smx] Bot "[NAV] Bot 15<21><BOT><>" got stuck [1] at <-2016.660766 1330.934814 381.031249> Eye Position <-2016.660766 1330.934814 445.031249> Eye Angles <0.000000 36.735424 0.000000> Last Known Nav Area ID <281>
L 07/04/2026 - 18:28:38: [navbot_stuck_logger.smx] Bot "[NAV] Bot 14<18><BOT><>" got stuck [4] at <-2010.486694 1330.974243 381.031249> Eye Position <-2010.486694 1330.974243 445.031249> Eye Angles <2.752075 48.474536 0.000000> Last Known Nav Area ID <281>
L 07/04/2026 - 18:28:38: [navbot_stuck_logger.smx] Bot "[NAV] Bot 15<21><BOT><>" got stuck [2] at <-2039.123168 1330.968749 381.031249> Eye Position <-2039.123168 1330.968749 445.031249> Eye Angles <0.543823 74.341629 0.000000> Last Known Nav Area ID <281>
L 07/04/2026 - 18:28:39: [navbot_stuck_logger.smx] Bot "[NAV] Bot 14<18><BOT><>" got stuck [5] at <-2032.426513 1330.968749 381.031249> Eye Position <-2032.426513 1330.968749 445.031249> Eye Angles <0.000000 53.681835 0.000000> Last Known Nav Area ID <281>
L 07/04/2026 - 18:28:39: [navbot_stuck_logger.smx] Bot "[NAV] Bot 15<21><BOT><>" got stuck [3] at <-2010.190063 1330.035766 381.031249> Eye Position <-2010.190063 1330.035766 445.031249> Eye Angles <15.402832 -13.848266 0.000000> Last Known Nav Area ID <281>
L 07/04/2026 - 18:28:40: [navbot_stuck_logger.smx] Bot "[NAV] Bot 14<18><BOT><>" got stuck [6] at <-2028.053222 1330.995727 381.031249> Eye Position <-2028.053222 1330.995727 445.031249> Eye Angles <13.386840 -22.063415 0.000000> Last Known Nav Area ID <281>
L 07/04/2026 - 18:28:40: [navbot_stuck_logger.smx] Bot "[NAV] Bot 15<21><BOT><>" got stuck [4] at <-2030.952514 1330.995849 381.031249> Eye Position <-2030.952514 1330.995849 445.031249> Eye Angles <0.000000 4.402880 0.000000> Last Known Nav Area ID <281>
L 07/04/2026 - 18:28:41: [navbot_stuck_logger.smx] Bot "[NAV] Bot 14<18><BOT><>" got stuck [7] at <-2033.551513 1330.968749 381.031249> Eye Position <-2033.551513 1330.968749 445.031249> Eye Angles <13.601074 -103.634033 0.000000> Last Known Nav Area ID <281>
L 07/04/2026 - 18:28:41: [navbot_stuck_logger.smx] Bot "[NAV] Bot 15<21><BOT><>" got stuck [5] at <-2028.868896 1330.995239 381.031249> Eye Position <-2028.868896 1330.995239 445.031249> Eye Angles <0.000000 51.089061 0.000000> Last Known Nav Area ID <281>
L 07/04/2026 - 18:28:42: [navbot_stuck_logger.smx] Bot "[NAV] Bot 14<18><BOT><>" got stuck [8] at <-2016.598754 1328.000976 380.031249> Eye Position <-2016.598754 1328.000976 444.031249> Eye Angles <-3.652954 -120.182296 0.000000> Last Known Nav Area ID <281>
L 07/04/2026 - 18:28:42: [navbot_stuck_logger.smx] Bot "[NAV] Bot 15<21><BOT><>" got stuck [6] at <-2034.251098 1328.957275 380.031249> Eye Position <-2034.251098 1328.957275 444.031249> Eye Angles <-0.637207 85.998336 0.000000> Last Known Nav Area ID <281>
L 07/04/2026 - 18:28:43: [navbot_stuck_logger.smx] Bot "[NAV] Bot 14<18><BOT><>" got stuck [9] at <-2019.885742 1330.968749 381.031249> Eye Position <-2019.885742 1330.968749 445.031249> Eye Angles <0.000000 -87.591125 0.000000> Last Known Nav Area ID <281>
L 07/04/2026 - 18:28:43: [navbot_stuck_logger.smx] Bot "[NAV] Bot 15<21><BOT><>" got stuck [7] at <-2012.231689 1330.976562 381.031249> Eye Position <-2012.231689 1330.976562 445.031249> Eye Angles <0.000000 48.007617 0.000000> Last Known Nav Area ID <281>
L 07/04/2026 - 18:28:44: [navbot_stuck_logger.smx] Bot "[NAV] Bot 14<18><BOT><>" got stuck [10] at <-2038.262817 1330.936767 381.031249> Eye Position <-2038.262817 1330.936767 445.031249> Eye Angles <10.827026 -125.197341 0.000000> Last Known Nav Area ID <281>
L 07/04/2026 - 18:28:44: [navbot_stuck_logger.smx] Bot "[NAV] Bot 15<21><BOT><>" got stuck [8] at <-2027.593505 1330.968749 381.031249> Eye Position <-2027.593505 1330.968749 445.031249> Eye Angles <-1.680908 73.144332 0.000000> Last Known Nav Area ID <281>
L 07/04/2026 - 18:28:45: [navbot_stuck_logger.smx] Bot "[NAV] Bot 14<18><BOT><>" got stuck [11] at <-2017.254760 1330.968749 381.031249> Eye Position <-2017.254760 1330.968749 445.031249> Eye Angles <12.612304 -13.590087 0.000000> Last Known Nav Area ID <281>
L 07/04/2026 - 18:28:46: [navbot_stuck_logger.smx] Bot "[NAV] Bot 15<21><BOT><>" got stuck [9] at <-2033.927368 1330.994873 381.031249> Eye Position <-2033.927368 1330.994873 445.031249> Eye Angles <0.000000 126.246749 0.000000> Last Known Nav Area ID <281>
L 07/04/2026 - 18:28:46: [navbot_stuck_logger.smx] Bot "[NAV] Bot 14<18><BOT><>" got stuck [12] at <-2011.966064 1330.968749 381.031249> Eye Position <-2011.966064 1330.968749 445.031249> Eye Angles <0.000000 30.190429 0.000000> Last Known Nav Area ID <281>
L 07/04/2026 - 18:28:47: [navbot_stuck_logger.smx] Bot "[NAV] Bot 15<21><BOT><>" got stuck [10] at <-2014.779663 1330.992919 381.031249> Eye Position <-2014.779663 1330.992919 445.031249> Eye Angles <0.000000 88.256027 0.000000> Last Known Nav Area ID <281>
L 07/04/2026 - 18:28:47: [navbot_stuck_logger.smx] Bot "[NAV] Bot 14<18><BOT><>" got stuck [13] at <-2010.477539 1330.827636 381.031249> Eye Position <-2010.477539 1330.827636 445.031249> Eye Angles <2.741088 54.830127 0.000000> Last Known Nav Area ID <281>
L 07/04/2026 - 18:28:48: [navbot_stuck_logger.smx] Bot "[NAV] Bot 15<21><BOT><>" got stuck [11] at <-2032.881591 1329.926757 381.031249> Eye Position <-2032.881591 1329.926757 445.031249> Eye Angles <-3.032226 93.463333 0.000000> Last Known Nav Area ID <281>
L 07/04/2026 - 18:28:48: [navbot_stuck_logger.smx] Bot "[NAV] Bot 14<18><BOT><>" got stuck [14] at <-2027.962280 1330.282226 381.031249> Eye Position <-2027.962280 1330.282226 445.031249> Eye Angles <13.546142 -15.532043 0.000000> Last Known Nav Area ID <281>
L 07/04/2026 - 18:28:49: [navbot_stuck_logger.smx] Bot "[NAV] Bot 15<21><BOT><>" got stuck [12] at <-2033.487182 1330.968749 381.031249> Eye Position <-2033.487182 1330.968749 445.031249> Eye Angles <0.000000 93.271072 0.000000> Last Known Nav Area ID <281>
L 07/04/2026 - 18:28:50: [navbot_stuck_logger.smx] Bot "[NAV] Bot 14<18><BOT><>" got stuck [15] at <-2032.023315 1330.968749 381.031249> Eye Position <-2032.023315 1330.968749 445.031249> Eye Angles <13.562622 -104.309692 0.000000> Last Known Nav Area ID <281>
L 07/04/2026 - 18:28:50: [navbot_stuck_logger.smx] Bot "[NAV] Bot 15<21><BOT><>" got stuck [13] at <-2016.417724 1330.401855 381.031249> Eye Position <-2016.417724 1330.401855 445.031249> Eye Angles <-3.032226 87.679244 0.000000> Last Known Nav Area ID <281>
L 07/04/2026 - 18:28:51: [navbot_stuck_logger.smx] Bot "[NAV] Bot 14<18><BOT><>" got stuck [16] at <-2016.751586 1328.205810 380.031249> Eye Position <-2016.751586 1328.205810 444.031249> Eye Angles <-0.604248 -120.912887 0.000000> Last Known Nav Area ID <281>
L 07/04/2026 - 18:28:51: [navbot_stuck_logger.smx] Bot "[NAV] Bot 14<18><BOT><>" got stuck [1] at <-2030.586425 1329.157104 381.031249> Eye Position <-2030.586425 1329.157104 445.031249> Eye Angles <0.000000 -139.792892 0.000000> Last Known Nav Area ID <281>
L 07/04/2026 - 18:28:51: [navbot_stuck_logger.smx] Bot "[NAV] Bot 15<21><BOT><>" got stuck [14] at <-2028.827758 1330.968749 381.031249> Eye Position <-2028.827758 1330.968749 445.031249> Eye Angles <-1.686401 76.179199 0.000000> Last Known Nav Area ID <281>
L 07/04/2026 - 18:28:52: [navbot_stuck_logger.smx] Bot "[NAV] Bot 14<18><BOT><>" got stuck [2] at <-2012.940551 1330.968749 381.031249> Eye Position <-2012.940551 1330.968749 445.031249> Eye Angles <0.000000 -101.802185 0.000000> Last Known Nav Area ID <281>
L 07/04/2026 - 18:28:52: [navbot_stuck_logger.smx] Bot "[NAV] Bot 15<21><BOT><>" got stuck [15] at <-2039.429443 1330.997192 381.031249> Eye Position <-2039.429443 1330.997192 445.031249> Eye Angles <0.000000 108.998001 0.000000> Last Known Nav Area ID <281>
L 07/04/2026 - 18:28:53: [navbot_stuck_logger.smx] Bot "[NAV] Bot 14<18><BOT><>" got stuck [3] at <-2032.073242 1330.991699 381.031249> Eye Position <-2032.073242 1330.991699 445.031249> Eye Angles <16.743164 -69.210998 0.000000> Last Known Nav Area ID <281>
L 07/04/2026 - 18:28:53: [navbot_stuck_logger.smx] Bot "[NAV] Bot 15<21><BOT><>" got stuck [16] at <-2018.689819 1330.527465 381.031249> Eye Position <-2018.689819 1330.527465 445.031249> Eye Angles <-3.070678 103.406173 0.000000> Last Known Nav Area ID <281>
L 07/04/2026 - 18:28:53: [navbot_stuck_logger.smx] Bot "[NAV] Bot 15<21><BOT><>" got stuck [1] at <-2033.123535 1330.998168 381.031249> Eye Position <-2033.123535 1330.998168 445.031249> Eye Angles <0.000000 122.286178 0.000000> Last Known Nav Area ID <281>
L 07/04/2026 - 18:28:54: [navbot_stuck_logger.smx] Bot "[NAV] Bot 14<18><BOT><>" got stuck [4] at <-2027.063354 1330.996582 381.031249> Eye Position <-2027.063354 1330.996582 445.031249> Eye Angles <18.198852 12.227783 0.000000> Last Known Nav Area ID <281>
L 07/04/2026 - 18:28:54: [navbot_stuck_logger.smx] Bot "[NAV] Bot 15<21><BOT><>" got stuck [2] at <-2013.107910 1330.997070 381.031249> Eye Position <-2013.107910 1330.997070 445.031249> Eye Angles <0.000000 84.295455 0.000000> Last Known Nav Area ID <281>
L 07/04/2026 - 18:28:55: [navbot_stuck_logger.smx] Bot "[NAV] Bot 14<18><BOT><>" got stuck [5] at <-2011.723266 1330.970092 381.031249> Eye Position <-2011.723266 1330.970092 445.031249> Eye Angles <0.000000 46.255298 0.000000> Last Known Nav Area ID <281>
L 07/04/2026 - 18:28:55: [navbot_stuck_logger.smx] Bot "[NAV] Bot 15<21><BOT><>" got stuck [3] at <-2031.060180 1330.996459 381.031249> Eye Position <-2031.060180 1330.996459 445.031249> Eye Angles <0.000000 89.502761 0.000000> Last Known Nav Area ID <281>
L 07/04/2026 - 18:28:56: [navbot_stuck_logger.smx] Bot "[NAV] Bot 14<18><BOT><>" got stuck [6] at <-2029.062377 1330.968749 381.031249> Eye Position <-2029.062377 1330.968749 445.031249> Eye Angles <-1.636962 66.552536 0.000000> Last Known Nav Area ID <281>
L 07/04/2026 - 18:28:56: [navbot_stuck_logger.smx] Bot "[NAV] Bot 15<21><BOT><>" got stuck [4] at <-2035.059326 1330.998168 381.031249> Eye Position <-2035.059326 1330.998168 445.031249> Eye Angles <0.000000 121.709396 0.000000> Last Known Nav Area ID <281>
L 07/04/2026 - 18:28:57: [navbot_stuck_logger.smx] Bot "[NAV] Bot 14<18><BOT><>" got stuck [7] at <-2034.058227 1324.743164 380.031249> Eye Position <-2034.058227 1324.743164 444.031249> Eye Angles <-3.603515 93.842361 0.000000> Last Known Nav Area ID <281>
L 07/04/2026 - 18:28:57: [navbot_stuck_logger.smx] Bot "[NAV] Bot 15<21><BOT><>" got stuck [5] at <-2010.192993 1330.968749 381.031249> Eye Position <-2010.192993 1330.968749 445.031249> Eye Angles <1.409118 104.543258 0.000000> Last Known Nav Area ID <281>
L 07/04/2026 - 18:28:58: [navbot_stuck_logger.smx] Bot "[NAV] Bot 14<18><BOT><>" got stuck [8] at <-2007.164550 1327.402343 380.031249> Eye Position <-2007.164550 1327.402343 444.031249> Eye Angles <0.000000 63.965259 0.000000> Last Known Nav Area ID <281>
L 07/04/2026 - 18:28:58: [navbot_stuck_logger.smx] Bot "[NAV] Bot 15<21><BOT><>" got stuck [6] at <-2028.861572 1330.971313 381.031249> Eye Position <-2028.861572 1330.971313 445.031249> Eye Angles <3.166699 67.332351 0.000000> Last Known Nav Area ID <281>
L 07/04/2026 - 18:28:59: [navbot_stuck_logger.smx] Bot "[NAV] Bot 14<18><BOT><>" got stuck [9] at <-2029.626708 1330.977539 381.031249> Eye Position <-2029.626708 1330.977539 445.031249> Eye Angles <16.185718 69.172561 0.000000> Last Known Nav Area ID <281>
L 07/04/2026 - 18:28:59: [navbot_stuck_logger.smx] Bot "[NAV] Bot 15<21><BOT><>" got stuck [7] at <-2032.190429 1330.968749 381.031249> Eye Position <-2032.190429 1330.968749 445.031249> Eye Angles <0.000000 102.241622 0.000000> Last Known Nav Area ID <281>
L 07/04/2026 - 18:29:00: [navbot_stuck_logger.smx] Bot "[NAV] Bot 14<18><BOT><>" got stuck [10] at <-2029.110107 1330.994384 381.031249> Eye Position <-2029.110107 1330.994384 445.031249> Eye Angles <17.830810 11.958618 0.000000> Last Known Nav Area ID <281>
L 07/04/2026 - 18:29:00: [navbot_stuck_logger.smx] Bot "[NAV] Bot 15<21><BOT><>" got stuck [8] at <-2009.261230 1330.221435 386.031249> Eye Position <-2009.261230 1330.221435 450.031249> Eye Angles <2.702636 64.250900 0.000000> Last Known Nav Area ID <281>
L 07/04/2026 - 18:29:01: [navbot_stuck_logger.smx] Bot "[NAV] Bot 14<18><BOT><>" got stuck [11] at <-2025.883544 1326.009765 380.031249> Eye Position <-2025.883544 1326.009765 444.031249> Eye Angles <2.700000 59.186206 0.000000> Last Known Nav Area ID <281>
L 07/04/2026 - 18:29:01: [navbot_stuck_logger.smx] Bot "[NAV] Bot 15<21><BOT><>" got stuck [9] at <-2029.732910 1330.264648 381.031249> Eye Position <-2029.732910 1330.264648 445.031249> Eye Angles <16.067504 139.655563 0.000000> Last Known Nav Area ID <281>
L 07/04/2026 - 18:29:02: [navbot_stuck_logger.smx] Bot "[NAV] Bot 14<18><BOT><>" got stuck [12] at <-2034.511474 1330.985351 381.031249> Eye Position <-2034.511474 1330.985351 445.031249> Eye Angles <18.039550 -144.750366 0.000000> Last Known Nav Area ID <281>
L 07/04/2026 - 18:29:02: [navbot_stuck_logger.smx] Bot "[NAV] Bot 15<21><BOT><>" got stuck [10] at <-2036.299804 1330.992309 381.031249> Eye Position <-2036.299804 1330.992309 445.031249> Eye Angles <18.034057 -144.766845 0.000000> Last Known Nav Area ID <281>
L 07/04/2026 - 18:29:03: [navbot_stuck_logger.smx] Bot "[NAV] Bot 14<18><BOT><>" got stuck [13] at <-2020.743774 1330.968749 381.031249> Eye Position <-2020.743774 1330.968749 445.031249> Eye Angles <15.210571 -153.929443 0.000000> Last Known Nav Area ID <281>
L 07/04/2026 - 18:29:03: [navbot_stuck_logger.smx] Bot "[NAV] Bot 15<21><BOT><>" got stuck [11] at <-2012.044921 1326.767944 380.031249> Eye Position <-2012.044921 1326.767944 444.031249> Eye Angles <15.045776 -154.500732 0.000000> Last Known Nav Area ID <281>
L 07/04/2026 - 18:29:04: [navbot_stuck_logger.smx] Bot "[NAV] Bot 14<18><BOT><>" got stuck [14] at <-2013.726074 1330.995849 381.031249> Eye Position <-2013.726074 1330.995849 445.031249> Eye Angles <0.000000 -169.560348 0.000000> Last Known Nav Area ID <281>
L 07/04/2026 - 18:29:05: [navbot_stuck_logger.smx] Bot "[NAV] Bot 15<21><BOT><>" got stuck [12] at <-2026.495971 1330.968749 381.031249> Eye Position <-2026.495971 1330.968749 445.031249> Eye Angles <0.000000 152.014968 0.000000> Last Known Nav Area ID <281>
L 07/04/2026 - 18:29:05: [navbot_stuck_logger.smx] Bot "[NAV] Bot 14<18><BOT><>" got stuck [15] at <-2040.688476 1330.970825 386.031249> Eye Position <-2040.688476 1330.970825 450.031249> Eye Angles <2.708129 135.420120 0.000000> Last Known Nav Area ID <281>
L 07/04/2026 - 18:29:06: [navbot_stuck_logger.smx] Bot "[NAV] Bot 15<21><BOT><>" got stuck [13] at <-2029.082275 1330.832885 381.031249> Eye Position <-2029.082275 1330.832885 445.031249> Eye Angles <0.000000 146.351730 0.000000> Last Known Nav Area ID <281>
L 07/04/2026 - 18:29:06: [navbot_stuck_logger.smx] Bot "[NAV] Bot 14<18><BOT><>" got stuck [16] at <-2018.934936 1330.968749 381.031249> Eye Position <-2018.934936 1330.968749 445.031249> Eye Angles <-3.081665 126.477462 0.000000> Last Known Nav Area ID <281>
L 07/04/2026 - 18:29:07: [navbot_stuck_logger.smx] Bot "[NAV] Bot 14<18><BOT><>" got stuck [1] at <-2033.827026 1330.887084 381.031249> Eye Position <-2033.827026 1330.887084 445.031249> Eye Angles <0.000000 145.357467 0.000000> Last Known Nav Area ID <281>
L 07/04/2026 - 18:29:07: [navbot_stuck_logger.smx] Bot "[NAV] Bot 15<21><BOT><>" got stuck [14] at <-2013.730468 1330.968749 381.031249> Eye Position <-2013.730468 1330.968749 445.031249> Eye Angles <0.000000 108.262130 0.000000> Last Known Nav Area ID <281>
L 07/04/2026 - 18:29:08: [navbot_stuck_logger.smx] Bot "[NAV] Bot 14<18><BOT><>" got stuck [2] at <-2011.536254 1330.991210 381.031249> Eye Position <-2011.536254 1330.991210 445.031249> Eye Angles <0.543823 107.366744 0.000000> Last Known Nav Area ID <281>
L 07/04/2026 - 18:29:08: [navbot_stuck_logger.smx] Bot "[NAV] Bot 15<21><BOT><>" got stuck [15] at <-2031.592041 1329.698364 381.031249> Eye Position <-2031.592041 1329.698364 445.031249> Eye Angles <2.700000 118.869430 0.000000> Last Known Nav Area ID <281>
L 07/04/2026 - 18:29:09: [navbot_stuck_logger.smx] Bot "[NAV] Bot 14<18><BOT><>" got stuck [3] at <-2019.032592 1330.213134 381.031249> Eye Position <-2019.032592 1330.213134 445.031249> Eye Angles <16.644287 -147.403564 0.000000> Last Known Nav Area ID <281>
L 07/04/2026 - 18:29:09: [navbot_stuck_logger.smx] Bot "[NAV] Bot 15<21><BOT><>" got stuck [16] at <-2035.228027 1330.996582 381.031249> Eye Position <-2035.228027 1330.996582 445.031249> Eye Angles <18.143920 -141.179809 0.000000> Last Known Nav Area ID <281>
L 07/04/2026 - 18:29:09: [navbot_stuck_logger.smx] Bot "[NAV] Bot 15<21><BOT><>" got stuck [1] at <-2040.221923 1330.625976 386.031249> Eye Position <-2040.221923 1330.625976 450.031249> Eye Angles <18.753662 -140.745849 0.000000> Last Known Nav Area ID <281>
L 07/04/2026 - 18:29:10: [navbot_stuck_logger.smx] Bot "[NAV] Bot 14<18><BOT><>" got stuck [4] at <-2031.283203 1330.920288 381.031249> Eye Position <-2031.283203 1330.920288 445.031249> Eye Angles <17.017822 -135.714111 0.000000> Last Known Nav Area ID <281>
L 07/04/2026 - 18:29:10: [navbot_stuck_logger.smx] Bot "[NAV] Bot 15<21><BOT><>" got stuck [2] at <-2036.517944 1330.999389 381.031249> Eye Position <-2036.517944 1330.999389 445.031249> Eye Angles <17.039794 -135.626220 0.000000> Last Known Nav Area ID <281>
L 07/04/2026 - 18:29:11: [navbot_stuck_logger.smx] Bot "[NAV] Bot 14<18><BOT><>" got stuck [5] at <-2022.841796 1330.992309 381.031249> Eye Position <-2022.841796 1330.992309 445.031249> Eye Angles <13.342895 -107.677001 0.000000> Last Known Nav Area ID <281>
L 07/04/2026 - 18:29:11: [navbot_stuck_logger.smx] Bot "[NAV] Bot 15<21><BOT><>" got stuck [3] at <-2015.260009 1330.867797 381.031249> Eye Position <-2015.260009 1330.867797 445.031249> Eye Angles <-1.455688 121.234130 0.000000> Last Known Nav Area ID <281>
L 07/04/2026 - 18:29:12: [navbot_stuck_logger.smx] Bot "[NAV] Bot 14<18><BOT><>" got stuck [6] at <-2035.753051 1330.992309 381.031249> Eye Position <-2035.753051 1330.992309 445.031249> Eye Angles <13.672485 -102.200317 0.000000> Last Known Nav Area ID <281>
L 07/04/2026 - 18:29:12: [navbot_stuck_logger.smx] Bot "[NAV] Bot 15<21><BOT><>" got stuck [4] at <-2035.397583 1330.968749 381.031249> Eye Position <-2035.397583 1330.968749 445.031249> Eye Angles <0.000000 73.633010 0.000000> Last Known Nav Area ID <281>
L 07/04/2026 - 18:29:13: [navbot_stuck_logger.smx] Bot "[NAV] Bot 14<18><BOT><>" got stuck [7] at <-2034.967163 1330.968749 381.031249> Eye Position <-2034.967163 1330.968749 445.031249> Eye Angles <0.000000 149.985351 0.000000> Last Known Nav Area ID <281>
L 07/04/2026 - 18:29:13: [navbot_stuck_logger.smx] Bot "[NAV] Bot 15<21><BOT><>" got stuck [5] at <-2016.882812 1329.112182 381.031249> Eye Position <-2016.882812 1329.112182 445.031249> Eye Angles <-3.015747 70.743820 0.000000> Last Known Nav Area ID <281>
L 07/04/2026 - 18:29:14: [navbot_stuck_logger.smx] Bot "[NAV] Bot 14<18><BOT><>" got stuck [8] at <-2010.779663 1330.968749 381.031249> Eye Position <-2010.779663 1330.968749 445.031249> Eye Angles <0.543823 106.603195 0.000000> Last Known Nav Area ID <281>
L 07/04/2026 - 18:29:14: [navbot_stuck_logger.smx] Bot "[NAV] Bot 15<21><BOT><>" got stuck [6] at <-2018.158081 1330.946166 381.031249> Eye Position <-2018.158081 1330.946166 445.031249> Eye Angles <0.000000 38.152660 0.000000> Last Known Nav Area ID <281>
L 07/04/2026 - 18:29:15: [navbot_stuck_logger.smx] Bot "[NAV] Bot 14<18><BOT><>" got stuck [9] at <-2029.300537 1329.405883 381.031249> Eye Position <-2029.300537 1329.405883 445.031249> Eye Angles <0.000000 111.810501 0.000000> Last Known Nav Area ID <281>
L 07/04/2026 - 18:29:15: [navbot_stuck_logger.smx] Bot "[NAV] Bot 15<21><BOT><>" got stuck [7] at <-2040.869140 1330.968749 386.031249> Eye Position <-2040.869140 1330.968749 450.031249> Eye Angles <3.273925 75.758865 0.000000> Last Known Nav Area ID <281>
L 07/04/2026 - 18:29:16: [navbot_stuck_logger.smx] Bot "[NAV] Bot 14<18><BOT><>" got stuck [10] at <-2027.802856 1330.653564 381.031249> Eye Position <-2027.802856 1330.653564 445.031249> Eye Angles <18.056030 36.021312 0.000000> Last Known Nav Area ID <281>
L 07/04/2026 - 18:29:16: [navbot_stuck_logger.smx] Bot "[NAV] Bot 15<21><BOT><>" got stuck [8] at <-2017.114868 1329.198730 381.031249> Eye Position <-2017.114868 1329.198730 445.031249> Eye Angles <0.000000 70.167037 0.000000> Last Known Nav Area ID <281>
L 07/04/2026 - 18:29:17: [navbot_stuck_logger.smx] Bot "[NAV] Bot 14<18><BOT><>" got stuck [11] at <-2017.079711 1330.994628 381.031249> Eye Position <-2017.079711 1330.994628 445.031249> Eye Angles <20.121459 13.650512 0.000000> Last Known Nav Area ID <281>
L 07/04/2026 - 18:29:17: [navbot_stuck_logger.smx] Bot "[NAV] Bot 15<21><BOT><>" got stuck [9] at <-2018.255615 1330.935791 381.031249> Eye Position <-2018.255615 1330.935791 445.031249> Eye Angles <19.138183 37.575878 0.000000> Last Known Nav Area ID <281>
L 07/04/2026 - 18:29:18: [navbot_stuck_logger.smx] Bot "[NAV] Bot 14<18><BOT><>" got stuck [12] at <-2036.896972 1330.968749 381.031249> Eye Position <-2036.896972 1330.968749 445.031249> Eye Angles <1.263427 77.200927 0.000000> Last Known Nav Area ID <281>
L 07/04/2026 - 18:29:18: [navbot_stuck_logger.smx] Bot "[NAV] Bot 15<21><BOT><>" got stuck [10] at <-2029.501342 1330.995483 381.031249> Eye Position <-2029.501342 1330.995483 445.031249> Eye Angles <17.094726 11.425781 0.000000> Last Known Nav Area ID <281>
L 07/04/2026 - 18:29:19: [navbot_stuck_logger.smx] Bot "[NAV] Bot 14<18><BOT><>" got stuck [13] at <-2041.104370 1328.620117 386.031249> Eye Position <-2041.104370 1328.620117 450.031249> Eye Angles <0.543823 78.889968 0.000000> Last Known Nav Area ID <281>
L 07/04/2026 - 18:29:19: [navbot_stuck_logger.smx] Bot "[NAV] Bot 15<21><BOT><>" got stuck [11] at <-2015.923828 1330.995483 381.031249> Eye Position <-2015.923828 1330.995483 445.031249> Eye Angles <0.000000 95.693771 0.000000> Last Known Nav Area ID <281>
L 07/04/2026 - 18:29:20: [navbot_stuck_logger.smx] Bot "[NAV] Bot 14<18><BOT><>" got stuck [14] at <-2022.499267 1328.640991 380.031249> Eye Position <-2022.499267 1328.640991 444.031249> Eye Angles <0.000000 73.298141 0.000000> Last Known Nav Area ID <281>
L 07/04/2026 - 18:29:20: [navbot_stuck_logger.smx] Bot "[NAV] Bot 15<21><BOT><>" got stuck [12] at <-2034.221679 1330.963012 381.031249> Eye Position <-2034.221679 1330.963012 445.031249> Eye Angles <0.000000 140.353195 0.000000> Last Known Nav Area ID <281>
L 07/04/2026 - 18:29:21: [navbot_stuck_logger.smx] Bot "[NAV] Bot 14<18><BOT><>" got stuck [15] at <-2019.025756 1330.986083 381.031249> Eye Position <-2019.025756 1330.986083 445.031249> Eye Angles <0.000000 40.706981 0.000000> Last Known Nav Area ID <281>
L 07/04/2026 - 18:29:21: [navbot_stuck_logger.smx] Bot "[NAV] Bot 15<21><BOT><>" got stuck [13] at <-2011.314453 1330.300415 381.031249> Eye Position <-2011.314453 1330.300415 445.031249> Eye Angles <0.543823 102.362472 0.000000> Last Known Nav Area ID <281>
L 07/04/2026 - 18:29:22: [navbot_stuck_logger.smx] Bot "[NAV] Bot 14<18><BOT><>" got stuck [16] at <-2029.707397 1330.673828 381.031249> Eye Position <-2029.707397 1330.673828 445.031249> Eye Angles <0.000000 78.313186 0.000000> Last Known Nav Area ID <281>
L 07/04/2026 - 18:29:22: [navbot_stuck_logger.smx] Bot "[NAV] Bot 14<18><BOT><>" got stuck [1] at <-2014.923706 1330.968749 381.031249> Eye Position <-2014.923706 1330.968749 445.031249> Eye Angles <0.000000 59.394725 0.000000> Last Known Nav Area ID <281>
L 07/04/2026 - 18:29:22: [navbot_stuck_logger.smx] Bot "[NAV] Bot 15<21><BOT><>" got stuck [14] at <-2039.323974 1330.816040 381.031249> Eye Position <-2039.323974 1330.816040 445.031249> Eye Angles <0.000000 134.030349 0.000000> Last Known Nav Area ID <281>
L 07/04/2026 - 18:29:23: [navbot_stuck_logger.smx] Bot "[NAV] Bot 14<18><BOT><>" got stuck [2] at <-2034.487426 1330.968749 381.031249> Eye Position <-2034.487426 1330.968749 445.031249> Eye Angles <13.628540 -103.156127 0.000000> Last Known Nav Area ID <281>
L 07/04/2026 - 18:29:24: [navbot_stuck_logger.smx] Bot "[NAV] Bot 15<21><BOT><>" got stuck [15] at <-2024.972167 1330.968749 381.031249> Eye Position <-2024.972167 1330.968749 445.031249> Eye Angles <13.304443 166.236984 0.000000> Last Known Nav Area ID <281>
L 07/04/2026 - 18:29:24: [navbot_stuck_logger.smx] Bot "[NAV] Bot 14<18><BOT><>" got stuck [3] at <-2018.117187 1330.998535 381.031249> Eye Position <-2018.117187 1330.998535 445.031249> Eye Angles <0.000000 -86.223571 0.000000> Last Known Nav Area ID <281>
L 07/04/2026 - 18:29:25: [navbot_stuck_logger.smx] Bot "[NAV] Bot 15<21><BOT><>" got stuck [16] at <-2039.682250 1330.968749 381.031249> Eye Position <-2039.682250 1330.968749 445.031249> Eye Angles <13.738403 -100.881958 0.000000> Last Known Nav Area ID <281>
L 07/04/2026 - 18:29:25: [navbot_stuck_logger.smx] Bot "[NAV] Bot 15<21><BOT><>" got stuck [1] at <-2035.064941 1330.968749 381.031249> Eye Position <-2035.064941 1330.968749 445.031249> Eye Angles <13.727416 -101.189575 0.000000> Last Known Nav Area ID <281>
L 07/04/2026 - 18:29:26: [navbot_stuck_logger.smx] Bot "[NAV] Bot 14<18><BOT><>" got stuck [4] at <-2022.958251 1330.973022 381.031249> Eye Position <-2022.958251 1330.973022 445.031249> Eye Angles <0.000000 160.534866 0.000000> Last Known Nav Area ID <281>
L 07/04/2026 - 18:29:26: [navbot_stuck_logger.smx] Bot "[NAV] Bot 15<21><BOT><>" got stuck [2] at <-2033.973510 1330.968749 381.031249> Eye Position <-2033.973510 1330.968749 445.031249> Eye Angles <0.000000 -136.101486 0.000000> Last Known Nav Area ID <281>
L 07/04/2026 - 18:29:27: [navbot_stuck_logger.smx] Bot "[NAV] Bot 14<18><BOT><>" got stuck [5] at <-2012.121459 1330.848022 381.031249> Eye Position <-2012.121459 1330.848022 445.031249> Eye Angles <0.637207 88.475540 0.000000> Last Known Nav Area ID <281>
L 07/04/2026 - 18:29:27: [navbot_stuck_logger.smx] Bot "[NAV] Bot 15<21><BOT><>" got stuck [3] at <-2015.759887 1330.984130 381.031249> Eye Position <-2015.759887 1330.984130 445.031249> Eye Angles <0.000000 -98.110778 0.000000> Last Known Nav Area ID <281>
L 07/04/2026 - 18:29:28: [navbot_stuck_logger.smx] Bot "[NAV] Bot 14<18><BOT><>" got stuck [6] at <-2037.628051 1330.637573 381.031249> Eye Position <-2037.628051 1330.637573 445.031249> Eye Angles <0.000000 121.275222 0.000000> Last Known Nav Area ID <281>
L 07/04/2026 - 18:29:28: [navbot_stuck_logger.smx] Bot "[NAV] Bot 15<21><BOT><>" got stuck [4] at <-2032.088500 1330.968749 381.031249> Eye Position <-2032.088500 1330.968749 445.031249> Eye Angles <11.167602 -11.969604 0.000000> Last Known Nav Area ID <281>
L 07/04/2026 - 18:29:29: [navbot_stuck_logger.smx] Bot "[NAV] Bot 14<18><BOT><>" got stuck [7] at <-2010.344726 1330.980468 381.031249> Eye Position <-2010.344726 1330.980468 445.031249> Eye Angles <21.456298 14.677734 0.000000> Last Known Nav Area ID <281>
L 07/04/2026 - 18:29:29: [navbot_stuck_logger.smx] Bot "[NAV] Bot 15<21><BOT><>" got stuck [5] at <-2031.104248 1330.995117 381.031249> Eye Position <-2031.104248 1330.995117 445.031249> Eye Angles <12.079467 -13.002319 0.000000> Last Known Nav Area ID <281>
L 07/04/2026 - 18:29:30: [navbot_stuck_logger.smx] Bot "[NAV] Bot 14<18><BOT><>" got stuck [8] at <-2024.914428 1330.714477 381.031249> Eye Position <-2024.914428 1330.714477 445.031249> Eye Angles <0.000000 33.785594 0.000000> Last Known Nav Area ID <281>
L 07/04/2026 - 18:29:30: [navbot_stuck_logger.smx] Bot "[NAV] Bot 15<21><BOT><>" got stuck [6] at <-2013.196166 1330.968017 381.031249> Eye Position <-2013.196166 1330.968017 445.031249> Eye Angles <0.000000 48.463550 0.000000> Last Known Nav Area ID <281>
L 07/04/2026 - 18:29:31: [navbot_stuck_logger.smx] Bot "[NAV] Bot 14<18><BOT><>" got stuck [9] at <-2024.343139 1324.420898 380.031249> Eye Position <-2024.343139 1324.420898 444.031249> Eye Angles <0.000000 103.790695 0.000000> Last Known Nav Area ID <281>
L 07/04/2026 - 18:29:31: [navbot_stuck_logger.smx] Bot "[NAV] Bot 15<21><BOT><>" got stuck [7] at <-2032.443969 1330.968749 381.031249> Eye Position <-2032.443969 1330.968749 445.031249> Eye Angles <11.134643 53.670848 0.000000> Last Known Nav Area ID <281>
L 07/04/2026 - 18:29:32: [navbot_stuck_logger.smx] Bot "[NAV] Bot 14<18><BOT><>" got stuck [10] at <-2026.710327 1330.968749 381.031249> Eye Position <-2026.710327 1330.968749 445.031249> Eye Angles <-1.719360 81.622924 0.000000> Last Known Nav Area ID <281>
L 07/04/2026 - 18:29:32: [navbot_stuck_logger.smx] Bot "[NAV] Bot 15<21><BOT><>" got stuck [8] at <-2039.789794 1330.996337 381.031249> Eye Position <-2039.789794 1330.996337 445.031249> Eye Angles <12.480468 -11.475219 0.000000> Last Known Nav Area ID <281>
L 07/04/2026 - 18:29:33: [navbot_stuck_logger.smx] Bot "[NAV] Bot 14<18><BOT><>" got stuck [11] at <-2038.376220 1330.998779 381.031249> Eye Position <-2038.376220 1330.998779 445.031249> Eye Angles <0.085034 95.396926 0.000000> Last Known Nav Area ID <281>
L 07/04/2026 - 18:29:33: [navbot_stuck_logger.smx] Bot "[NAV] Bot 15<21><BOT><>" got stuck [9] at <-2034.161743 1330.995361 381.031249> Eye Position <-2034.161743 1330.995361 445.031249> Eye Angles <0.000000 40.350147 0.000000> Last Known Nav Area ID <281>
L 07/04/2026 - 18:29:34: [navbot_stuck_logger.smx] Bot "[NAV] Bot 14<18><BOT><>" got stuck [12] at <-2030.394775 1330.968749 381.031249> Eye Position <-2030.394775 1330.968749 445.031249> Eye Angles <0.000000 58.922313 0.000000> Last Known Nav Area ID <281>
L 07/04/2026 - 18:29:34: [navbot_stuck_logger.smx] Bot "[NAV] Bot 15<21><BOT><>" got stuck [10] at <-2013.213378 1330.968994 381.031249> Eye Position <-2013.213378 1330.968994 445.031249> Eye Angles <0.000000 48.518482 0.000000> Last Known Nav Area ID <281>
L 07/04/2026 - 18:29:35: [navbot_stuck_logger.smx] Bot "[NAV] Bot 14<18><BOT><>" got stuck [13] at <-2032.919189 1326.834106 380.031249> Eye Position <-2032.919189 1326.834106 444.031249> Eye Angles <0.000000 91.128952 0.000000> Last Known Nav Area ID <281>
L 07/04/2026 - 18:29:35: [navbot_stuck_logger.smx] Bot "[NAV] Bot 15<21><BOT><>" got stuck [11] at <-2032.906005 1330.968749 381.031249> Eye Position <-2032.906005 1330.968749 445.031249> Eye Angles <-3.032226 53.725780 0.000000> Last Known Nav Area ID <281>
L 07/04/2026 - 18:29:36: [navbot_stuck_logger.smx] Bot "[NAV] Bot 14<18><BOT><>" got stuck [14] at <-2012.436035 1330.980957 381.031249> Eye Position <-2012.436035 1330.980957 445.031249> Eye Angles <12.875976 -54.747741 0.000000> Last Known Nav Area ID <281>
L 07/04/2026 - 18:29:36: [navbot_stuck_logger.smx] Bot "[NAV] Bot 15<21><BOT><>" got stuck [12] at <-2033.427734 1329.862304 381.031249> Eye Position <-2033.427734 1329.862304 445.031249> Eye Angles <13.683471 53.533519 0.000000> Last Known Nav Area ID <281>
L 07/04/2026 - 18:29:37: [navbot_stuck_logger.smx] Bot "[NAV] Bot 14<18><BOT><>" got stuck [15] at <-2015.496093 1330.968749 381.031249> Eye Position <-2015.496093 1330.968749 445.031249> Eye Angles <0.000000 -87.761413 0.000000> Last Known Nav Area ID <281>
L 07/04/2026 - 18:29:37: [navbot_stuck_logger.smx] Bot "[NAV] Bot 15<21><BOT><>" got stuck [13] at <-2017.044311 1330.968749 381.031249> Eye Position <-2017.044311 1330.968749 445.031249> Eye Angles <13.040771 -111.489257 0.000000> Last Known Nav Area ID <281>
L 07/04/2026 - 18:29:38: [navbot_stuck_logger.smx] Bot "[NAV] Bot 14<18><BOT><>" got stuck [16] at <-2039.324584 1330.922119 381.031249> Eye Position <-2039.324584 1330.922119 445.031249> Eye Angles <0.000000 -125.367630 0.000000> Last Known Nav Area ID <281>
L 07/04/2026 - 18:29:38: [navbot_stuck_logger.smx] Bot "[NAV] Bot 14<18><BOT><>" got stuck [1] at <-2031.980102 1330.968749 381.031249> Eye Position <-2031.980102 1330.968749 445.031249> Eye Angles <0.000000 -106.449172 0.000000> Last Known Nav Area ID <281>
L 07/04/2026 - 18:29:38: [navbot_stuck_logger.smx] Bot "[NAV] Bot 15<21><BOT><>" got stuck [14] at <-2015.925903 1330.968749 381.031249> Eye Position <-2015.925903 1330.968749 445.031249> Eye Angles <0.000000 -109.393508 0.000000> Last Known Nav Area ID <281>
L 07/04/2026 - 18:29:39: [navbot_stuck_logger.smx] Bot "[NAV] Bot 14<18><BOT><>" got stuck [2] at <-2025.082519 1330.970703 381.031249> Eye Position <-2025.082519 1330.970703 445.031249> Eye Angles <0.000000 158.532714 0.000000> Last Known Nav Area ID <281>
L 07/04/2026 - 18:29:39: [navbot_stuck_logger.smx] Bot "[NAV] Bot 15<21><BOT><>" got stuck [15] at <-2040.833496 1330.968749 386.031249> Eye Position <-2040.833496 1330.968749 450.031249> Eye Angles <6.091918 121.104934 0.000000> Last Known Nav Area ID <281>
L 07/04/2026 - 18:29:40: [navbot_stuck_logger.smx] Bot "[NAV] Bot 14<18><BOT><>" got stuck [3] at <-2016.208496 1330.356933 381.031249> Eye Position <-2016.208496 1330.356933 445.031249> Eye Angles <0.631713 85.448806 0.000000> Last Known Nav Area ID <281>
L 07/04/2026 - 18:29:40: [navbot_stuck_logger.smx] Bot "[NAV] Bot 15<21><BOT><>" got stuck [16] at <-2020.061279 1330.968749 381.031249> Eye Position <-2020.061279 1330.968749 445.031249> Eye Angles <0.604248 115.513107 0.000000> Last Known Nav Area ID <281>
L 07/04/2026 - 18:29:41: [navbot_stuck_logger.smx] Bot "[NAV] Bot 15<21><BOT><>" got stuck [1] at <-2034.065063 1330.996215 381.031249> Eye Position <-2034.065063 1330.996215 445.031249> Eye Angles <0.000000 134.393112 0.000000> Last Known Nav Area ID <281>
L 07/04/2026 - 18:29:41: [navbot_stuck_logger.smx] Bot "[NAV] Bot 14<18><BOT><>" got stuck [4] at <-2030.042358 1330.985473 381.031249> Eye Position <-2030.042358 1330.985473 445.031249> Eye Angles <11.392822 9.659619 0.000000> Last Known Nav Area ID <281>
L 07/04/2026 - 18:29:42: [navbot_stuck_logger.smx] Bot "[NAV] Bot 15<21><BOT><>" got stuck [2] at <-2019.181152 1328.213623 380.031249> Eye Position <-2019.181152 1328.213623 444.031249> Eye Angles <12.859497 -111.209106 0.000000> Last Known Nav Area ID <281>
L 07/04/2026 - 18:29:42: [navbot_stuck_logger.smx] Bot "[NAV] Bot 14<18><BOT><>" got stuck [5] at <-2016.450073 1330.985473 381.031249> Eye Position <-2016.450073 1330.985473 445.031249> Eye Angles <0.000000 3.881030 0.000000> Last Known Nav Area ID <281>
L 07/04/2026 - 18:29:43: [navbot_stuck_logger.smx] Bot "[NAV] Bot 15<21><BOT><>" got stuck [3] at <-2026.552490 1330.968749 381.031249> Eye Position <-2026.552490 1330.968749 445.031249> Eye Angles <0.000000 -125.988571 0.000000> Last Known Nav Area ID <281>
L 07/04/2026 - 18:29:43: [navbot_stuck_logger.smx] Bot "[NAV] Bot 14<18><BOT><>" got stuck [6] at <-2042.722656 1328.968749 386.031249> Eye Position <-2042.722656 1328.968749 450.031249> Eye Angles <3.257446 75.522659 0.000000> Last Known Nav Area ID <281>
L 07/04/2026 - 18:29:44: [navbot_stuck_logger.smx] Bot "[NAV] Bot 15<21><BOT><>" got stuck [4] at <-2017.593505 1328.848999 380.031249> Eye Position <-2017.593505 1328.848999 444.031249> Eye Angles <0.000000 -125.796310 0.000000> Last Known Nav Area ID <281>
L 07/04/2026 - 18:29:45: [navbot_stuck_logger.smx] Bot "[NAV] Bot 14<18><BOT><>" got stuck [7] at <-2022.375244 1329.145751 381.031249> Eye Position <-2022.375244 1329.145751 445.031249> Eye Angles <0.000000 69.930831 0.000000> Last Known Nav Area ID <281>
L 07/04/2026 - 18:29:45: [navbot_stuck_logger.smx] Bot "[NAV] Bot 15<21><BOT><>" got stuck [5] at <-2019.375854 1330.968749 381.031249> Eye Position <-2019.375854 1330.968749 445.031249> Eye Angles <0.000000 -93.205139 0.000000> Last Known Nav Area ID <281>
L 07/04/2026 - 18:29:46: [navbot_stuck_logger.smx] Bot "[NAV] Bot 14<18><BOT><>" got stuck [8] at <-2019.098999 1330.958496 381.031249> Eye Position <-2019.098999 1330.958496 445.031249> Eye Angles <0.000000 37.339672 0.000000> Last Known Nav Area ID <281>
L 07/04/2026 - 18:29:46: [navbot_stuck_logger.smx] Bot "[NAV] Bot 15<21><BOT><>" got stuck [6] at <-2037.284545 1330.982177 381.031249> Eye Position <-2037.284545 1330.982177 445.031249> Eye Angles <16.122436 -17.415954 0.000000> Last Known Nav Area ID <281>
L 07/04/2026 - 18:29:47: [navbot_stuck_logger.smx] Bot "[NAV] Bot 14<18><BOT><>" got stuck [9] at <-2036.549316 1330.968749 381.031249> Eye Position <-2036.549316 1330.968749 445.031249> Eye Angles <16.149902 -38.259887 0.000000> Last Known Nav Area ID <281>
L 07/04/2026 - 18:29:47: [navbot_stuck_logger.smx] Bot "[NAV] Bot 15<21><BOT><>" got stuck [7] at <-2033.282226 1328.552124 380.031249> Eye Position <-2033.282226 1328.552124 444.031249> Eye Angles <15.858764 -36.386718 0.000000> Last Known Nav Area ID <281>
L 07/04/2026 - 18:29:48: [navbot_stuck_logger.smx] Bot "[NAV] Bot 14<18><BOT><>" got stuck [10] at <-2024.979370 1330.968749 381.031249> Eye Position <-2024.979370 1330.968749 445.031249> Eye Angles <18.484497 -26.213378 0.000000> Last Known Nav Area ID <281>
L 07/04/2026 - 18:29:48: [navbot_stuck_logger.smx] Bot "[NAV] Bot 15<21><BOT><>" got stuck [8] at <-2009.774780 1329.421997 386.031249> Eye Position <-2009.774780 1329.421997 450.031249> Eye Angles <19.341430 -26.817626 0.000000> Last Known Nav Area ID <281>
L 07/04/2026 - 18:29:49: [navbot_stuck_logger.smx] Bot "[NAV] Bot 14<18><BOT><>" got stuck [11] at <-2009.995361 1330.968749 386.031249> Eye Position <-2009.995361 1330.968749 450.031249> Eye Angles <20.291748 -27.383422 0.000000> Last Known Nav Area ID <281>
L 07/04/2026 - 18:29:49: [navbot_stuck_logger.smx] Bot "[NAV] Bot 15<21><BOT><>" got stuck [9] at <-2027.090209 1330.968749 381.031249> Eye Position <-2027.090209 1330.968749 445.031249> Eye Angles <19.270019 -26.493530 0.000000> Last Known Nav Area ID <281>
L 07/04/2026 - 18:29:50: [navbot_stuck_logger.smx] Bot "[NAV] Bot 14<18><BOT><>" got stuck [12] at <-2014.084594 1330.968749 381.031249> Eye Position <-2014.084594 1330.968749 445.031249> Eye Angles <19.478759 -27.361450 0.000000> Last Known Nav Area ID <281>
L 07/04/2026 - 18:29:50: [navbot_stuck_logger.smx] Bot "[NAV] Bot 15<21><BOT><>" got stuck [10] at <-2033.420776 1330.968749 381.031249> Eye Position <-2033.420776 1330.968749 445.031249> Eye Angles <19.044799 -26.652832 0.000000> Last Known Nav Area ID <281>
L 07/04/2026 - 18:29:51: [navbot_stuck_logger.smx] Bot "[NAV] Bot 14<18><BOT><>" got stuck [13] at <-2039.625366 1330.968749 381.031249> Eye Position <-2039.625366 1330.968749 445.031249> Eye Angles <19.918212 -26.026611 0.000000> Last Known Nav Area ID <281>
L 07/04/2026 - 18:29:51: [navbot_stuck_logger.smx] Bot "[NAV] Bot 15<21><BOT><>" got stuck [11] at <-2011.219604 1329.784057 381.031249> Eye Position <-2011.219604 1329.784057 445.031249> Eye Angles <20.368652 -27.350463 0.000000> Last Known Nav Area ID <281>
L 07/04/2026 - 18:29:52: [navbot_stuck_logger.smx] Bot "[NAV] Bot 14<18><BOT><>" got stuck [14] at <-2027.476684 1330.976196 381.031249> Eye Position <-2027.476684 1330.976196 445.031249> Eye Angles <19.555664 -27.756958 0.000000> Last Known Nav Area ID <281>
L 07/04/2026 - 18:29:52: [navbot_stuck_logger.smx] Bot "[NAV] Bot 15<21><BOT><>" got stuck [12] at <-2026.272460 1330.968749 381.031249> Eye Position <-2026.272460 1330.968749 445.031249> Eye Angles <19.555664 -27.756958 0.000000> Last Known Nav Area ID <281>
L 07/04/2026 - 18:29:53: [navbot_stuck_logger.smx] Bot "[NAV] Bot 14<18><BOT><>" got stuck [15] at <-2038.982788 1330.968749 381.031249> Eye Position <-2038.982788 1330.968749 445.031249> Eye Angles <19.462280 -26.240844 0.000000> Last Known Nav Area ID <281>
L 07/04/2026 - 18:29:53: [navbot_stuck_logger.smx] Bot "[NAV] Bot 15<21><BOT><>" got stuck [13] at <-2030.061279 1325.296752 380.031249> Eye Position <-2030.061279 1325.296752 444.031249> Eye Angles <19.764404 -26.262817 0.000000> Last Known Nav Area ID <281>
L 07/04/2026 - 18:29:54: [navbot_stuck_logger.smx] Bot "[NAV] Bot 14<18><BOT><>" got stuck [16] at <-2010.103149 1330.389404 381.031249> Eye Position <-2010.103149 1330.389404 445.031249> Eye Angles <25.087280 -37.781982 0.000000> Last Known Nav Area ID <281>
L 07/04/2026 - 18:29:54: [navbot_stuck_logger.smx] Bot "[NAV] Bot 14<18><BOT><>" got stuck [1] at <-2017.329345 1329.229492 381.031249> Eye Position <-2017.329345 1329.229492 445.031249> Eye Angles <24.340209 -37.205200 0.000000> Last Known Nav Area ID <281>
L 07/04/2026 - 18:29:54: [navbot_stuck_logger.smx] Bot "[NAV] Bot 15<21><BOT><>" got stuck [14] at <-2023.867675 1329.041625 381.031249> Eye Position <-2023.867675 1329.041625 445.031249> Eye Angles <27.399902 -42.426574 0.000000> Last Known Nav Area ID <281>
L 07/04/2026 - 18:29:55: [navbot_stuck_logger.smx] Bot "[NAV] Bot 14<18><BOT><>" got stuck [2] at <-2011.314697 1330.968749 381.031249> Eye Position <-2011.314697 1330.968749 445.031249> Eye Angles <31.316528 -55.975341 0.000000> Last Known Nav Area ID <281>
L 07/04/2026 - 18:29:55: [navbot_stuck_logger.smx] Bot "[NAV] Bot 15<21><BOT><>" got stuck [15] at <-2011.959838 1330.968749 381.031249> Eye Position <-2011.959838 1330.968749 445.031249> Eye Angles <33.206176 -67.802124 0.000000> Last Known Nav Area ID <281>
L 07/04/2026 - 18:29:56: [navbot_stuck_logger.smx] Bot "[NAV] Bot 14<18><BOT><>" got stuck [3] at <-2040.675292 1330.968749 386.031249> Eye Position <-2040.675292 1330.968749 450.031249> Eye Angles <34.101562 -82.971618 0.000000> Last Known Nav Area ID <281>
L 07/04/2026 - 18:29:56: [navbot_stuck_logger.smx] Bot "[NAV] Bot 15<21><BOT><>" got stuck [16] at <-2037.238159 1330.996826 381.031249> Eye Position <-2037.238159 1330.996826 445.031249> Eye Angles <33.403930 -94.273681 0.000000> Last Known Nav Area ID <281>
L 07/04/2026 - 18:29:56: [navbot_stuck_logger.smx] Bot "[NAV] Bot 15<21><BOT><>" got stuck [1] at <-2039.418823 1330.996826 381.031249> Eye Position <-2039.418823 1330.996826 445.031249> Eye Angles <33.431396 -93.400268 0.000000> Last Known Nav Area ID <281>
L 07/04/2026 - 18:29:57: [navbot_stuck_logger.smx] Bot "[NAV] Bot 14<18><BOT><>" got stuck [4] at <-2020.114624 1330.968749 381.031249> Eye Position <-2020.114624 1330.968749 445.031249> Eye Angles <30.520019 -118.086547 0.000000> Last Known Nav Area ID <281>
L 07/04/2026 - 18:29:57: [navbot_stuck_logger.smx] Bot "[NAV] Bot 15<21><BOT><>" got stuck [2] at <-2024.551025 1330.996826 381.031249> Eye Position <-2024.551025 1330.996826 445.031249> Eye Angles <30.679321 -117.383422 0.000000> Last Known Nav Area ID <281>
L 07/04/2026 - 18:29:58: [navbot_stuck_logger.smx] Bot "[NAV] Bot 14<18><BOT><>" got stuck [5] at <-2017.919921 1330.968749 381.031249> Eye Position <-2017.919921 1330.968749 445.031249> Eye Angles <14.499096 -133.420822 0.000000> Last Known Nav Area ID <281>
L 07/04/2026 - 18:29:58: [navbot_stuck_logger.smx] Bot "[NAV] Bot 15<21><BOT><>" got stuck [3] at <-2017.214111 1330.988403 381.031249> Eye Position <-2017.214111 1330.988403 445.031249> Eye Angles <0.000000 -101.928283 0.000000> Last Known Nav Area ID <281>
L 07/04/2026 - 18:29:59: [navbot_stuck_logger.smx] Bot "[NAV] Bot 14<18><BOT><>" got stuck [6] at <-2038.502197 1330.968749 381.031249> Eye Position <-2038.502197 1330.968749 445.031249> Eye Angles <0.000000 142.882690 0.000000> Last Known Nav Area ID <281>
L 07/04/2026 - 18:30:00: [navbot_stuck_logger.smx] Bot "[NAV] Bot 15<21><BOT><>" got stuck [4] at <-2036.222045 1330.999145 381.031249> Eye Position <-2036.222045 1330.999145 445.031249> Eye Angles <0.000000 -171.933395 0.000000> Last Known Nav Area ID <281>
L 07/04/2026 - 18:30:00: [navbot_stuck_logger.smx] Bot "[NAV] Bot 14<18><BOT><>" got stuck [7] at <-2011.660156 1330.642089 381.031249> Eye Position <-2011.660156 1330.642089 445.031249> Eye Angles <0.101513 102.197677 0.000000> Last Known Nav Area ID <281>
L 07/04/2026 - 18:30:01: [navbot_stuck_logger.smx] Bot "[NAV] Bot 15<21><BOT><>" got stuck [5] at <-2018.732910 1330.968749 381.031249> Eye Position <-2018.732910 1330.968749 445.031249> Eye Angles <0.000000 126.614791 0.000000> Last Known Nav Area ID <281>
L 07/04/2026 - 18:30:01: [navbot_stuck_logger.smx] Bot "[NAV] Bot 14<18><BOT><>" got stuck [8] at <-2025.778198 1328.681030 380.031249> Eye Position <-2025.778198 1328.681030 444.031249> Eye Angles <0.000000 107.404983 0.000000> Last Known Nav Area ID <281>
L 07/04/2026 - 18:30:02: [navbot_stuck_logger.smx] Bot "[NAV] Bot 15<21><BOT><>" got stuck [6] at <-2017.742187 1328.970825 380.031249> Eye Position <-2017.742187 1328.970825 444.031249> Eye Angles <-0.642700 94.023635 0.000000> Last Known Nav Area ID <281>
L 07/04/2026 - 18:30:02: [navbot_stuck_logger.smx] Bot "[NAV] Bot 14<18><BOT><>" got stuck [9] at <-2038.664672 1330.981811 381.031249> Eye Position <-2038.664672 1330.981811 445.031249> Eye Angles <0.000000 139.611618 0.000000> Last Known Nav Area ID <281>
L 07/04/2026 - 18:30:03: [navbot_stuck_logger.smx] Bot "[NAV] Bot 15<21><BOT><>" got stuck [7] at <-2039.226074 1330.959716 381.031249> Eye Position <-2039.226074 1330.959716 445.031249> Eye Angles <0.000000 131.629837 0.000000> Last Known Nav Area ID <281>
L 07/04/2026 - 18:30:03: [navbot_stuck_logger.smx] Bot "[NAV] Bot 9<17><BOT><>" got stuck [1] at <-1726.241088 -1424.004760 237.031249> Eye Position <-1726.241088 -1424.004760 301.031249> Eye Angles <35.065723 54.857372 0.000000> Last Known Nav Area ID <475>
L 07/04/2026 - 18:30:04: [navbot_stuck_logger.smx] Bot "[NAV] Bot 14<18><BOT><>" got stuck [10] at <-2011.663208 1330.681518 381.031249> Eye Position <-2011.663208 1330.681518 445.031249> Eye Angles <0.101513 101.620895 0.000000> Last Known Nav Area ID <281>
L 07/04/2026 - 18:30:04: [navbot_stuck_logger.smx] Bot "[NAV] Bot 15<21><BOT><>" got stuck [8] at <-2016.479858 1330.968749 381.031249> Eye Position <-2016.479858 1330.968749 445.031249> Eye Angles <20.242309 55.840648 0.000000> Last Known Nav Area ID <281>
L 07/04/2026 - 18:30:04: [navbot_stuck_logger.smx] Bot "[NAV] Bot 9<17><BOT><>" got stuck [2] at <-1731.579467 -1365.152099 256.031249> Eye Position <-1731.579467 -1365.152099 284.031249> Eye Angles <11.942138 -65.890502 0.000000> Last Known Nav Area ID <80>
L 07/04/2026 - 18:30:05: [navbot_stuck_logger.smx] Bot "[NAV] Bot 15<21><BOT><>" got stuck [9] at <-2033.719726 1330.968749 381.031249> Eye Position <-2033.719726 1330.968749 445.031249> Eye Angles <17.034301 11.398315 0.000000> Last Known Nav Area ID <281>
L 07/04/2026 - 18:30:06: [navbot_stuck_logger.smx] Bot "[NAV] Bot 15<21><BOT><>" got stuck [10] at <-2009.780273 1330.944458 386.031249> Eye Position <-2009.780273 1330.944458 450.031249> Eye Angles <2.719116 49.551197 0.000000> Last Known Nav Area ID <281>
L 07/04/2026 - 18:30:11: [navbot_stuck_logger.smx] Bot "[NAV] Bot 10<16><BOT><>" got stuck [1] at <-1660.238525 -561.969116 248.157165> Eye Position <-1660.238525 -561.969116 312.157165> Eye Angles <5.103149 -7.275817 0.000000> Last Known Nav Area ID <1716>
L 07/04/2026 - 18:30:26: [navbot_stuck_logger.smx] Bot "[NAV] Bot 15<21><BOT><>" got stuck [1] at <-1451.986938 -452.031249 234.031249> Eye Position <-1451.986938 -452.031249 267.656249> Eye Angles <-7.157592 112.494506 0.000000> Last Known Nav Area ID <1029>
L 07/04/2026 - 18:30:27: [navbot_stuck_logger.smx] Bot "[NAV] Bot 15<21><BOT><>" got stuck [2] at <-1507.515869 -460.924346 265.201446> Eye Position <-1507.515869 -460.924346 293.201446> Eye Angles <-0.983276 171.911209 0.000000> Last Known Nav Area ID <1901>
L 07/04/2026 - 18:30:41: [navbot_stuck_logger.smx] Bot "[NAV] Bot 4<15><BOT><>" got stuck [1] at <-1415.910034 -458.036682 236.031249> Eye Position <-1415.910034 -458.036682 300.031249> Eye Angles <0.000000 -71.424743 0.000000> Last Known Nav Area ID <1029>
L 07/04/2026 - 18:30:58: [navbot_stuck_logger.smx] Bot "[NAV] Bot 5<12><BOT><>" got stuck [1] at <-2011.578735 1330.689086 381.031249> Eye Position <-2011.578735 1330.689086 445.031249> Eye Angles <23.131713 -134.126586 0.000000> Last Known Nav Area ID <281>
L 07/04/2026 - 18:30:59: [navbot_stuck_logger.smx] Bot "[NAV] Bot 5<12><BOT><>" got stuck [2] at <-2040.139892 1330.995361 386.031249> Eye Position <-2040.139892 1330.995361 450.031249> Eye Angles <20.099487 -118.276168 0.000000> Last Known Nav Area ID <281>
L 07/04/2026 - 18:31:00: [navbot_stuck_logger.smx] Bot "[NAV] Bot 5<12><BOT><>" got stuck [3] at <-2027.320678 1330.995361 381.031249> Eye Position <-2027.320678 1330.995361 445.031249> Eye Angles <16.100463 -152.177124 0.000000> Last Known Nav Area ID <281>
L 07/04/2026 - 18:31:01: [navbot_stuck_logger.smx] Bot "[NAV] Bot 5<12><BOT><>" got stuck [4] at <-2038.168945 1330.968749 381.031249> Eye Position <-2038.168945 1330.968749 445.031249> Eye Angles <16.649780 -150.446777 0.000000> Last Known Nav Area ID <281>
L 07/04/2026 - 18:31:02: [navbot_stuck_logger.smx] Bot "[NAV] Bot 5<12><BOT><>" got stuck [5] at <-2025.632690 1330.968749 381.031249> Eye Position <-2025.632690 1330.968749 445.031249> Eye Angles <15.677490 -99.615661 0.000000> Last Known Nav Area ID <281>
L 07/04/2026 - 18:31:03: [navbot_stuck_logger.smx] Bot "[NAV] Bot 5<12><BOT><>" got stuck [6] at <-2036.729248 1330.968749 381.031249> Eye Position <-2036.729248 1330.968749 445.031249> Eye Angles <15.825805 -95.147094 0.000000> Last Known Nav Area ID <281>
L 07/04/2026 - 18:31:05: [navbot_stuck_logger.smx] Bot "[NAV] Bot 5<12><BOT><>" got stuck [7] at <-2016.842407 1330.996948 381.031249> Eye Position <-2016.842407 1330.996948 445.031249> Eye Angles <0.000000 -131.229049 0.000000> Last Known Nav Area ID <281>
L 07/04/2026 - 18:31:06: [navbot_stuck_logger.smx] Bot "[NAV] Bot 5<12><BOT><>" got stuck [8] at <-2018.225708 1330.994506 381.031249> Eye Position <-2018.225708 1330.994506 445.031249> Eye Angles <0.000000 -98.637878 0.000000> Last Known Nav Area ID <281>
L 07/04/2026 - 18:31:07: [navbot_stuck_logger.smx] Bot "[NAV] Bot 5<12><BOT><>" got stuck [9] at <-2040.425903 1330.994873 386.031249> Eye Position <-2040.425903 1330.994873 450.031249> Eye Angles <2.741088 -136.244094 0.000000> Last Known Nav Area ID <281>
L 07/04/2026 - 18:31:08: [navbot_stuck_logger.smx] Bot "[NAV] Bot 5<12><BOT><>" got stuck [10] at <-2016.422729 1330.992797 381.031249> Eye Position <-2016.422729 1330.992797 445.031249> Eye Angles <0.000000 -130.652267 0.000000> Last Known Nav Area ID <281>
L 07/04/2026 - 18:31:09: [navbot_stuck_logger.smx] Bot "[NAV] Bot 5<12><BOT><>" got stuck [11] at <-2018.291137 1330.999145 381.031249> Eye Position <-2018.291137 1330.999145 445.031249> Eye Angles <0.000000 -98.061096 0.000000> Last Known Nav Area ID <281>
L 07/04/2026 - 18:31:10: [navbot_stuck_logger.smx] Bot "[NAV] Bot 5<12><BOT><>" got stuck [12] at <-2039.949584 1330.998046 381.031249> Eye Position <-2039.949584 1330.998046 445.031249> Eye Angles <2.757568 -135.667312 0.000000> Last Known Nav Area ID <281>
L 07/04/2026 - 18:31:11: [navbot_stuck_logger.smx] Bot "[NAV] Bot 5<12><BOT><>" got stuck [13] at <-2015.474243 1330.989746 381.031249> Eye Position <-2015.474243 1330.989746 445.031249> Eye Angles <0.000000 -130.075485 0.000000> Last Known Nav Area ID <281>
L 07/04/2026 - 18:31:12: [navbot_stuck_logger.smx] Bot "[NAV] Bot 5<12><BOT><>" got stuck [14] at <-2019.817993 1330.988891 381.031249> Eye Position <-2019.817993 1330.988891 445.031249> Eye Angles <0.000000 -97.484313 0.000000> Last Known Nav Area ID <281>
L 07/04/2026 - 18:31:13: [navbot_stuck_logger.smx] Bot "[NAV] Bot 5<12><BOT><>" got stuck [15] at <-2037.329956 1330.975830 381.031249> Eye Position <-2037.329956 1330.975830 445.031249> Eye Angles <0.000000 -135.090530 0.000000> Last Known Nav Area ID <281>
L 07/04/2026 - 18:31:14: [navbot_stuck_logger.smx] Bot "[NAV] Bot 5<12><BOT><>" got stuck [16] at <-2016.518920 1330.993652 381.031249> Eye Position <-2016.518920 1330.993652 445.031249> Eye Angles <0.000000 -129.498703 0.000000> Last Known Nav Area ID <281>
L 07/04/2026 - 18:31:14: [navbot_stuck_logger.smx] Bot "[NAV] Bot 5<12><BOT><>" got stuck [1] at <-2029.682861 1330.992553 381.031249> Eye Position <-2029.682861 1330.992553 445.031249> Eye Angles <0.000000 -148.378707 0.000000> Last Known Nav Area ID <281>
L 07/04/2026 - 18:31:15: [navbot_stuck_logger.smx] Bot "[NAV] Bot 5<12><BOT><>" got stuck [2] at <-2009.031249 1330.992553 386.031249> Eye Position <-2009.031249 1330.992553 450.031249> Eye Angles <17.369384 -146.607055 0.000000> Last Known Nav Area ID <281>
L 07/04/2026 - 18:31:16: [navbot_stuck_logger.smx] Bot "[NAV] Bot 5<12><BOT><>" got stuck [3] at <-2037.390747 1330.968749 381.031249> Eye Position <-2037.390747 1330.968749 445.031249> Eye Angles <15.534667 -133.082885 0.000000> Last Known Nav Area ID <281>
L 07/04/2026 - 18:31:17: [navbot_stuck_logger.smx] Bot "[NAV] Bot 5<12><BOT><>" got stuck [4] at <-2013.475219 1330.986083 381.031249> Eye Position <-2013.475219 1330.986083 445.031249> Eye Angles <18.286743 -138.125610 0.000000> Last Known Nav Area ID <281>
L 07/04/2026 - 18:31:18: [navbot_stuck_logger.smx] Bot "[NAV] Bot 5<12><BOT><>" got stuck [5] at <-2027.669555 1330.909912 381.031249> Eye Position <-2027.669555 1330.909912 445.031249> Eye Angles <22.725219 -135.159301 0.000000> Last Known Nav Area ID <281>
L 07/04/2026 - 18:31:19: [navbot_stuck_logger.smx] Bot "[NAV] Bot 5<12><BOT><>" got stuck [6] at <-2037.326293 1327.575439 380.031249> Eye Position <-2037.326293 1327.575439 444.031249> Eye Angles <26.284790 -116.592407 0.000000> Last Known Nav Area ID <281>
L 07/04/2026 - 18:31:20: [navbot_stuck_logger.smx] Bot "[NAV] Bot 5<12><BOT><>" got stuck [7] at <-2038.283569 1330.968749 381.031249> Eye Position <-2038.283569 1330.968749 445.031249> Eye Angles <23.367919 -105.199584 0.000000> Last Known Nav Area ID <281>
L 07/04/2026 - 18:31:21: [navbot_stuck_logger.smx] Bot "[NAV] Bot 5<12><BOT><>" got stuck [8] at <-2035.797851 1330.999877 381.031249> Eye Position <-2035.797851 1330.999877 445.031249> Eye Angles <18.116455 -102.864990 0.000000> Last Known Nav Area ID <281>
L 07/04/2026 - 18:31:22: [navbot_stuck_logger.smx] Bot "[NAV] Bot 5<12><BOT><>" got stuck [9] at <-2037.002563 1330.999877 381.031249> Eye Position <-2037.002563 1330.999877 445.031249> Eye Angles <14.968872 -98.887939 0.000000> Last Known Nav Area ID <281>
L 07/04/2026 - 18:31:24: [navbot_stuck_logger.smx] Bot "[NAV] Bot 5<12><BOT><>" got stuck [10] at <-2028.981201 1330.999877 381.031249> Eye Position <-2028.981201 1330.999877 445.031249> Eye Angles <16.929931 -111.785888 0.000000> Last Known Nav Area ID <281>
