L 07/04/2026 - 20:04:52: [navbot_stuck_logger.smx] Bot "[NAV] Bot 2<116><BOT><>" got stuck [1] at <-6918.060058 -1364.031249 -11615.968749> Eye Position <-6918.060058 -1364.031249 -11551.968749> Eye Angles <6.108398 178.077392 0.000000> Last Known Nav Area ID <1365>
L 07/04/2026 - 20:04:53: [navbot_stuck_logger.smx] Bot "[NAV] Bot 2<116><BOT><>" got stuck [2] at <-6918.060058 -1364.002563 -11615.968749> Eye Position <-6918.060058 -1364.002563 -11587.968749> Eye Angles <-1.658935 176.643676 0.000000> Last Known Nav Area ID <1365>
L 07/04/2026 - 20:04:56: [navbot_stuck_logger.smx] Bot "[NAV] Bot 7<120><BOT><>" got stuck [1] at <-7125.968749 -1360.031249 -11295.968749> Eye Position <-7125.968749 -1360.031249 -11231.968749> Eye Angles <55.305175 29.366455 0.000000> Last Known Nav Area ID <1029>
L 07/04/2026 - 20:05:01: [navbot_stuck_logger.smx] Bot "[NAV] Bot 5<118><BOT><>" got stuck [1] at <-7125.979003 -1360.031249 -11295.968749> Eye Position <-7125.979003 -1360.031249 -11231.968749> Eye Angles <0.000000 106.539916 0.000000> Last Known Nav Area ID <1029>
L 07/04/2026 - 20:05:02: [navbot_stuck_logger.smx] Bot "[NAV] Bot 5<118><BOT><>" got stuck [2] at <-7125.989746 -1360.013427 -11295.968749> Eye Position <-7125.989746 -1360.013427 -11267.968749> Eye Angles <40.278736 50.391429 0.000000> Last Known Nav Area ID <1029>
L 07/04/2026 - 20:05:03: [navbot_stuck_logger.smx] Bot "[NAV] Bot 7<120><BOT><>" got stuck [1] at <-7125.995605 -1360.031249 -11295.968749> Eye Position <-7125.995605 -1360.031249 -11231.968749> Eye Angles <74.685058 45.988769 0.000000> Last Known Nav Area ID <1029>
L 07/04/2026 - 20:05:09: [navbot_stuck_logger.smx] Bot "[NAV] Bot 5<118><BOT><>" got stuck [1] at <-7061.083496 -1365.373779 -11295.968749> Eye Position <-7061.083496 -1365.373779 -11231.968749> Eye Angles <63.088989 103.952636 0.000000> Last Known Nav Area ID <1658>
L 07/04/2026 - 20:05:11: [navbot_stuck_logger.smx] Bot "[NAV] Bot 7<120><BOT><>" got stuck [1] at <-7125.968749 -1360.031249 -11295.968749> Eye Position <-7125.968749 -1360.031249 -11231.968749> Eye Angles <77.629394 83.847656 0.000000> Last Known Nav Area ID <1029>
L 07/04/2026 - 20:05:12: [navbot_stuck_logger.smx] Bot "[NAV] Bot 7<120><BOT><>" got stuck [2] at <-7125.992675 -1360.001831 -11295.968749> Eye Position <-7125.992675 -1360.001831 -11267.968749> Eye Angles <42.580150 106.539916 0.000000> Last Known Nav Area ID <1029>
L 07/04/2026 - 20:05:20: [navbot_stuck_logger.smx] Bot "[NAV] Bot 7<120><BOT><>" got stuck [1] at <-7125.992675 -1360.001831 -11295.968749> Eye Position <-7125.992675 -1360.001831 -11231.968749> Eye Angles <0.000000 106.539916 0.000000> Last Known Nav Area ID <1029>
L 07/04/2026 - 20:05:21: [navbot_stuck_logger.smx] Bot "[NAV] Bot 7<120><BOT><>" got stuck [2] at <-7125.992675 -1360.033935 -11295.968749> Eye Position <-7125.992675 -1360.033935 -11267.968749> Eye Angles <0.000000 141.605636 0.000000> Last Known Nav Area ID <1029>
L 07/04/2026 - 20:05:28: [navbot_stuck_logger.smx] Bot "[NAV] Bot 7<120><BOT><>" got stuck [1] at <-7125.968749 -1360.031249 -11295.968749> Eye Position <-7125.968749 -1360.031249 -11231.968749> Eye Angles <0.000000 106.550903 0.000000> Last Known Nav Area ID <1029>
L 07/04/2026 - 20:05:30: [navbot_stuck_logger.smx] Bot "[NAV] Bot 7<120><BOT><>" got stuck [2] at <-7125.979492 -1360.034179 -11295.968749> Eye Position <-7125.979492 -1360.034179 -11267.968749> Eye Angles <0.000000 141.616622 0.000000> Last Known Nav Area ID <1029>
L 07/04/2026 - 20:05:35: [navbot_stuck_logger.smx] Bot "[NAV] Bot 13<115><BOT><>" got stuck [1] at <-9066.199218 881.182556 -11817.968749> Eye Position <-9066.199218 881.182556 -11753.968749> Eye Angles <0.000000 3.770947 0.000000> Last Known Nav Area ID <365>
L 07/04/2026 - 20:05:36: [navbot_stuck_logger.smx] Bot "[NAV] Bot 13<115><BOT><>" got stuck [2] at <-9063.456054 900.054565 -11773.115234> Eye Position <-9063.456054 900.054565 -11745.115234> Eye Angles <0.000000 63.803100 0.000000> Last Known Nav Area ID <706>
L 07/04/2026 - 20:05:37: [navbot_stuck_logger.smx] Bot "[NAV] Bot 7<120><BOT><>" got stuck [1] at <-7125.807128 -1360.031249 -11295.968749> Eye Position <-7125.807128 -1360.031249 -11231.968749> Eye Angles <72.355957 122.670486 0.000000> Last Known Nav Area ID <1029>
L 07/04/2026 - 20:05:38: [navbot_stuck_logger.smx] Bot "[NAV] Bot 7<120><BOT><>" got stuck [2] at <-7125.968749 -1360.007080 -11295.968749> Eye Position <-7125.968749 -1360.007080 -11267.968749> Eye Angles <53.800048 135.802001 0.000000> Last Known Nav Area ID <1029>
L 07/04/2026 - 20:06:04: [navbot_stuck_logger.smx] Bot "[NAV] Bot 7<120><BOT><>" got stuck [1] at <-6954.262207 -1360.031249 -11615.968749> Eye Position <-6954.262207 -1360.031249 -11551.968749> Eye Angles <-8.355102 169.497070 0.000000> Last Known Nav Area ID <1652>
L 07/04/2026 - 20:06:05: [navbot_stuck_logger.smx] Bot "[NAV] Bot 7<120><BOT><>" got stuck [2] at <-6954.004394 -1360.010253 -11615.968749> Eye Position <-6954.004394 -1360.010253 -11587.968749> Eye Angles <-10.261230 176.231689 0.000000> Last Known Nav Area ID <1652>
L 07/04/2026 - 20:06:13: [navbot_stuck_logger.smx] Bot "[NAV] Bot 7<120><BOT><>" got stuck [1] at <-6954.016113 -1360.010253 -11615.968749> Eye Position <-6954.016113 -1360.010253 -11551.968749> Eye Angles <0.000000 73.449096 0.000000> Last Known Nav Area ID <1652>
L 07/04/2026 - 20:06:14: [navbot_stuck_logger.smx] Bot "[NAV] Bot 7<120><BOT><>" got stuck [2] at <-6954.005371 -1360.038452 -11615.968749> Eye Position <-6954.005371 -1360.038452 -11587.968749> Eye Angles <0.000000 38.317455 0.000000> Last Known Nav Area ID <1652>
L 07/04/2026 - 20:06:22: [navbot_stuck_logger.smx] Bot "[NAV] Bot 7<120><BOT><>" got stuck [1] at <-6954.031249 -1360.031249 -11615.968749> Eye Position <-6954.031249 -1360.031249 -11551.968749> Eye Angles <0.000000 73.443603 0.000000> Last Known Nav Area ID <1652>
L 07/04/2026 - 20:06:23: [navbot_stuck_logger.smx] Bot "[NAV] Bot 7<120><BOT><>" got stuck [2] at <-6954.020507 -1360.034667 -11615.968749> Eye Position <-6954.020507 -1360.034667 -11587.968749> Eye Angles <0.000000 38.311962 0.000000> Last Known Nav Area ID <1652>
L 07/04/2026 - 20:06:30: [navbot_stuck_logger.smx] Bot "[NAV] Bot 7<120><BOT><>" got stuck [1] at <-6954.002929 -1360.031249 -11615.968749> Eye Position <-6954.002929 -1360.031249 -11551.968749> Eye Angles <61.265258 4.806518 0.000000> Last Known Nav Area ID <1652>
L 07/04/2026 - 20:06:31: [navbot_stuck_logger.smx] Bot "[NAV] Bot 7<120><BOT><>" got stuck [2] at <-6954.002929 -1360.000610 -11615.968749> Eye Position <-6954.002929 -1360.000610 -11587.968749> Eye Angles <74.234619 -7.163085 0.000000> Last Known Nav Area ID <1652>
L 07/04/2026 - 20:06:35: [navbot_stuck_logger.smx] Bot "[NAV] Bot 5<118><BOT><>" got stuck [1] at <-7621.752441 -1507.875732 -11123.968749> Eye Position <-7621.752441 -1507.875732 -11059.968749> Eye Angles <8.679199 109.311325 0.000000> Last Known Nav Area ID <2139>
L 07/04/2026 - 20:06:36: [navbot_stuck_logger.smx] Bot "[NAV] Bot 5<118><BOT><>" got stuck [2] at <-7627.739257 -1488.916137 -11209.685546> Eye Position <-7627.739257 -1488.916137 -11181.685546> Eye Angles <-47.897766 104.938552 0.000000> Last Known Nav Area ID <2139>
L 07/04/2026 - 20:06:39: [navbot_stuck_logger.smx] Bot "[NAV] Bot 7<120><BOT><>" got stuck [1] at <-6954.006835 -1360.000610 -11615.968749> Eye Position <-6954.006835 -1360.000610 -11551.968749> Eye Angles <45.884399 76.558227 0.000000> Last Known Nav Area ID <1652>
L 07/04/2026 - 20:06:40: [navbot_stuck_logger.smx] Bot "[NAV] Bot 7<120><BOT><>" got stuck [2] at <-6954.006835 -1360.031249 -11615.968749> Eye Position <-6954.006835 -1360.031249 -11587.968749> Eye Angles <44.626464 76.442871 0.000000> Last Known Nav Area ID <1652>
L 07/04/2026 - 20:06:45: [navbot_stuck_logger.smx] Bot "[NAV] Bot 5<118><BOT><>" got stuck [1] at <-7896.031249 -1379.060302 -11295.968749> Eye Position <-7896.031249 -1379.060302 -11231.968749> Eye Angles <0.000000 -23.719482 0.000000> Last Known Nav Area ID <815>
L 07/04/2026 - 20:06:48: [navbot_stuck_logger.smx] Bot "[NAV] Bot 7<120><BOT><>" got stuck [1] at <-6954.006347 -1360.031249 -11615.968749> Eye Position <-6954.006347 -1360.031249 -11551.968749> Eye Angles <6.948852 25.422363 0.000000> Last Known Nav Area ID <1652>
L 07/04/2026 - 20:06:49: [navbot_stuck_logger.smx] Bot "[NAV] Bot 7<120><BOT><>" got stuck [2] at <-6954.006347 -1360.031249 -11615.968749> Eye Position <-6954.006347 -1360.031249 -11587.968749> Eye Angles <2.400512 21.791381 0.000000> Last Known Nav Area ID <1652>
L 07/04/2026 - 20:06:52: [navbot_stuck_logger.smx] Bot "[NAV] Bot 5<118><BOT><>" got stuck [1] at <-7896.031249 -1379.060302 -11295.968749> Eye Position <-7896.031249 -1379.060302 -11231.968749> Eye Angles <-15.452270 41.676635 0.000000> Last Known Nav Area ID <815>
L 07/04/2026 - 20:06:54: [navbot_stuck_logger.smx] Bot "[NAV] Bot 5<118><BOT><>" got stuck [2] at <-7896.007324 -1379.062377 -11295.968749> Eye Position <-7896.007324 -1379.062377 -11267.968749> Eye Angles <0.000000 6.544995 0.000000> Last Known Nav Area ID <815>
L 07/04/2026 - 20:07:01: [navbot_stuck_logger.smx] Bot "[NAV] Bot 5<118><BOT><>" got stuck [1] at <-7896.024902 -1379.060302 -11295.968749> Eye Position <-7896.024902 -1379.060302 -11231.968749> Eye Angles <0.000000 -23.719482 0.000000> Last Known Nav Area ID <815>
L 07/04/2026 - 20:07:02: [navbot_stuck_logger.smx] Bot "[NAV] Bot 5<118><BOT><>" got stuck [2] at <-7896.024902 -1379.060302 -11295.968749> Eye Position <-7896.024902 -1379.060302 -11267.968749> Eye Angles <0.000000 -24.466552 0.000000> Last Known Nav Area ID <815>
L 07/04/2026 - 20:07:06: [navbot_stuck_logger.smx] Bot "[NAV] Bot 1<117><BOT><>" got stuck [1] at <-6239.968749 -1464.968749 -11372.031249> Eye Position <-6239.968749 -1464.968749 -11308.031249> Eye Angles <-53.673706 -90.000000 0.000000> Last Known Nav Area ID <1559>
L 07/04/2026 - 20:07:07: [navbot_stuck_logger.smx] Bot "[NAV] Bot 1<117><BOT><>" got stuck [2] at <-6239.968749 -1464.968749 -11372.031249> Eye Position <-6239.968749 -1464.968749 -11308.031249> Eye Angles <-53.673706 -90.000000 0.000000> Last Known Nav Area ID <1559>
L 07/04/2026 - 20:07:10: [navbot_stuck_logger.smx] Bot "[NAV] Bot 5<118><BOT><>" got stuck [1] at <-7896.031249 -1379.060302 -11295.968749> Eye Position <-7896.031249 -1379.060302 -11231.968749> Eye Angles <-8.094299 -15.608703 0.000000> Last Known Nav Area ID <815>
L 07/04/2026 - 20:07:11: [navbot_stuck_logger.smx] Bot "[NAV] Bot 5<118><BOT><>" got stuck [2] at <-7896.002929 -1379.062744 -11295.968749> Eye Position <-7896.002929 -1379.062744 -11267.968749> Eye Angles <-7.083312 69.315597 0.000000> Last Known Nav Area ID <815>
L 07/04/2026 - 20:07:13: [navbot_stuck_logger.smx] Bot "[NAV] Bot 13<115><BOT><>" got stuck [1] at <-9063.456054 936.240844 -11783.555664> Eye Position <-9063.456054 936.240844 -11719.555664> Eye Angles <0.587768 5.830883 0.000000> Last Known Nav Area ID <702>
L 07/04/2026 - 20:07:14: [navbot_stuck_logger.smx] Bot "[NAV] Bot 13<115><BOT><>" got stuck [2] at <-8999.717773 914.608642 -11735.968749> Eye Position <-8999.717773 914.608642 -11671.968749> Eye Angles <12.678222 0.384521 0.000000> Last Known Nav Area ID <267>
L 07/04/2026 - 20:07:16: [navbot_stuck_logger.smx] Bot "[NAV] Bot 1<117><BOT><>" got stuck [1] at <-6239.968749 -1464.659423 -11372.031249> Eye Position <-6239.968749 -1464.659423 -11308.031249> Eye Angles <-53.673706 -90.000000 0.000000> Last Known Nav Area ID <1559>
L 07/04/2026 - 20:07:17: [navbot_stuck_logger.smx] Bot "[NAV] Bot 1<117><BOT><>" got stuck [2] at <-6239.968749 -1464.659423 -11372.031249> Eye Position <-6239.968749 -1464.659423 -11308.031249> Eye Angles <-53.673706 -90.000000 0.000000> Last Known Nav Area ID <1559>
L 07/04/2026 - 20:07:20: [navbot_stuck_logger.smx] Bot "[NAV] Bot 5<118><BOT><>" got stuck [1] at <-7896.031249 -1379.060302 -11295.968749> Eye Position <-7896.031249 -1379.060302 -11231.968749> Eye Angles <29.729003 162.839355 0.000000> Last Known Nav Area ID <815>
L 07/04/2026 - 20:07:21: [navbot_stuck_logger.smx] Bot "[NAV] Bot 5<118><BOT><>" got stuck [2] at <-7896.015624 -1379.060302 -11295.968749> Eye Position <-7896.015624 -1379.060302 -11267.968749> Eye Angles <27.097778 157.428588 0.000000> Last Known Nav Area ID <815>
L 07/04/2026 - 20:07:27: [navbot_stuck_logger.smx] Bot "[NAV] Bot 5<118><BOT><>" got stuck [1] at <-7896.031249 -1379.060302 -11295.968749> Eye Position <-7896.031249 -1379.060302 -11231.968749> Eye Angles <40.039672 164.020385 0.000000> Last Known Nav Area ID <815>
L 07/04/2026 - 20:07:28: [navbot_stuck_logger.smx] Bot "[NAV] Bot 5<118><BOT><>" got stuck [2] at <-7896.031249 -1379.060302 -11295.968749> Eye Position <-7896.031249 -1379.060302 -11267.968749> Eye Angles <-12.387084 151.523437 0.000000> Last Known Nav Area ID <815>
L 07/04/2026 - 20:07:34: [navbot_stuck_logger.smx] Bot "[NAV] Bot 5<118><BOT><>" got stuck [1] at <-7896.031249 -1379.060302 -11295.968749> Eye Position <-7896.031249 -1379.060302 -11231.968749> Eye Angles <31.151733 160.323486 0.000000> Last Known Nav Area ID <815>
L 07/04/2026 - 20:07:36: [navbot_stuck_logger.smx] Bot "[NAV] Bot 5<118><BOT><>" got stuck [2] at <-7896.002929 -1379.060302 -11295.968749> Eye Position <-7896.002929 -1379.060302 -11267.968749> Eye Angles <16.864013 119.157714 0.000000> Last Known Nav Area ID <815>
L 07/04/2026 - 20:07:37: [navbot_stuck_logger.smx] Bot "[NAV] Bot 7<120><BOT><>" got stuck [1] at <-7896.031249 -1379.060302 -11295.968749> Eye Position <-7896.031249 -1379.060302 -11231.968749> Eye Angles <5.916137 156.610107 0.000000> Last Known Nav Area ID <815>
L 07/04/2026 - 20:07:38: [navbot_stuck_logger.smx] Bot "[NAV] Bot 7<120><BOT><>" got stuck [2] at <-7896.002441 -1379.060302 -11295.968749> Eye Position <-7896.002441 -1379.060302 -11267.968749> Eye Angles <-3.048706 174.605712 0.000000> Last Known Nav Area ID <815>
L 07/04/2026 - 20:07:41: [navbot_stuck_logger.smx] Bot "[NAV] Bot 5<118><BOT><>" got stuck [1] at <-7896.008789 -1379.060302 -11295.968749> Eye Position <-7896.008789 -1379.060302 -11231.968749> Eye Angles <78.519287 55.222778 0.000000> Last Known Nav Area ID <815>
L 07/04/2026 - 20:07:42: [navbot_stuck_logger.smx] Bot "[NAV] Bot 5<118><BOT><>" got stuck [2] at <-7896.008789 -1379.060302 -11295.968749> Eye Position <-7896.008789 -1379.060302 -11267.968749> Eye Angles <85.325317 62.531543 0.000000> Last Known Nav Area ID <815>
L 07/04/2026 - 20:07:44: [navbot_stuck_logger.smx] Bot "[NAV] Bot 7<120><BOT><>" got stuck [1] at <-7896.002441 -1379.060302 -11295.968749> Eye Position <-7896.002441 -1379.060302 -11231.968749> Eye Angles <33.272094 165.959472 0.000000> Last Known Nav Area ID <815>
L 07/04/2026 - 20:07:45: [navbot_stuck_logger.smx] Bot "[NAV] Bot 7<120><BOT><>" got stuck [2] at <-7896.002441 -1379.060302 -11295.968749> Eye Position <-7896.002441 -1379.060302 -11267.968749> Eye Angles <23.120727 143.283691 0.000000> Last Known Nav Area ID <815>
L 07/04/2026 - 20:07:48: [navbot_stuck_logger.smx] Bot "[NAV] Bot 5<118><BOT><>" got stuck [1] at <-7896.008789 -1379.060302 -11295.968749> Eye Position <-7896.008789 -1379.060302 -11231.968749> Eye Angles <70.279541 115.636596 0.000000> Last Known Nav Area ID <815>
L 07/04/2026 - 20:07:49: [navbot_stuck_logger.smx] Bot "[NAV] Bot 5<118><BOT><>" got stuck [2] at <-7896.008789 -1379.060302 -11295.968749> Eye Position <-7896.008789 -1379.060302 -11267.968749> Eye Angles <70.559692 68.516235 0.000000> Last Known Nav Area ID <815>
L 07/04/2026 - 20:07:53: [navbot_stuck_logger.smx] Bot "[NAV] Bot 7<120><BOT><>" got stuck [1] at <-7896.002441 -1379.060302 -11295.968749> Eye Position <-7896.002441 -1379.060302 -11231.968749> Eye Angles <40.836181 128.171997 0.000000> Last Known Nav Area ID <815>
L 07/04/2026 - 20:07:55: [navbot_stuck_logger.smx] Bot "[NAV] Bot 7<120><BOT><>" got stuck [2] at <-7896.002441 -1379.062744 -11295.968749> Eye Position <-7896.002441 -1379.062744 -11267.968749> Eye Angles <-2.059936 170.392456 0.000000> Last Known Nav Area ID <815>
L 07/04/2026 - 20:07:56: [navbot_stuck_logger.smx] Bot "[NAV] Bot 5<118><BOT><>" got stuck [1] at <-7896.008789 -1378.550292 -11295.968749> Eye Position <-7896.008789 -1378.550292 -11231.968749> Eye Angles <0.000000 -116.655471 0.000000> Last Known Nav Area ID <815>
L 07/04/2026 - 20:07:57: [navbot_stuck_logger.smx] Bot "[NAV] Bot 5<118><BOT><>" got stuck [2] at <-7896.240722 -1379.060302 -11295.968749> Eye Position <-7896.240722 -1379.060302 -11267.968749> Eye Angles <37.257274 120.077713 0.000000> Last Known Nav Area ID <815>
L 07/04/2026 - 20:08:01: [navbot_stuck_logger.smx] Bot "[NAV] Bot 7<120><BOT><>" got stuck [1] at <-7896.002441 -1379.060302 -11295.968749> Eye Position <-7896.002441 -1379.060302 -11231.968749> Eye Angles <52.226367 127.971603 0.000000> Last Known Nav Area ID <815>
L 07/04/2026 - 20:08:02: [navbot_stuck_logger.smx] Bot "[NAV] Bot 7<120><BOT><>" got stuck [2] at <-7896.002441 -1379.060302 -11295.968749> Eye Position <-7896.002441 -1379.060302 -11267.968749> Eye Angles <43.371166 175.284011 0.000000> Last Known Nav Area ID <815>
L 07/04/2026 - 20:08:02: [navbot_stuck_logger.smx] Bot "[NAV] Bot 5<118><BOT><>" got stuck [1] at <-7896.031249 -1379.062133 -11295.968749> Eye Position <-7896.031249 -1379.062133 -11231.968749> Eye Angles <-19.429321 61.773265 0.000000> Last Known Nav Area ID <815>
L 07/04/2026 - 20:08:03: [navbot_stuck_logger.smx] Bot "[NAV] Bot 5<118><BOT><>" got stuck [2] at <-7896.031249 -1379.062133 -11295.968749> Eye Position <-7896.031249 -1379.062133 -11267.968749> Eye Angles <-23.703002 65.989379 0.000000> Last Known Nav Area ID <815>
L 07/04/2026 - 20:08:08: [navbot_stuck_logger.smx] Bot "[NAV] Bot 7<120><BOT><>" got stuck [1] at <-7896.002441 -1379.060302 -11295.968749> Eye Position <-7896.002441 -1379.060302 -11231.968749> Eye Angles <25.999145 82.328903 0.000000> Last Known Nav Area ID <815>
L 07/04/2026 - 20:08:09: [navbot_stuck_logger.smx] Bot "[NAV] Bot 7<120><BOT><>" got stuck [2] at <-7896.002441 -1379.060302 -11295.968749> Eye Position <-7896.002441 -1379.060302 -11267.968749> Eye Angles <-2.010498 144.577438 0.000000> Last Known Nav Area ID <815>
L 07/04/2026 - 20:08:09: [navbot_stuck_logger.smx] Bot "[NAV] Bot 5<118><BOT><>" got stuck [1] at <-7896.031249 -1379.060302 -11295.968749> Eye Position <-7896.031249 -1379.060302 -11231.968749> Eye Angles <9.706420 171.529541 0.000000> Last Known Nav Area ID <815>
L 07/04/2026 - 20:08:10: [navbot_stuck_logger.smx] Bot "[NAV] Bot 5<118><BOT><>" got stuck [2] at <-7896.031249 -1379.060302 -11295.968749> Eye Position <-7896.031249 -1379.060302 -11267.968749> Eye Angles <-4.367065 167.733764 0.000000> Last Known Nav Area ID <815>
L 07/04/2026 - 20:09:25: [navbot_stuck_logger.smx] Bot "[NAV] Bot 4<121><BOT><>" got stuck [1] at <-9069.825195 884.670776 -11817.968749> Eye Position <-9069.825195 884.670776 -11753.968749> Eye Angles <32.750244 96.594650 0.000000> Last Known Nav Area ID <365>
L 07/04/2026 - 20:09:26: [navbot_stuck_logger.smx] Bot "[NAV] Bot 4<121><BOT><>" got stuck [2] at <-9063.456054 903.263549 -11773.115234> Eye Position <-9063.456054 903.263549 -11745.115234> Eye Angles <49.680175 160.312499 0.000000> Last Known Nav Area ID <706>
L 07/04/2026 - 20:09:33: [navbot_stuck_logger.smx] Bot "[NAV] Bot 4<121><BOT><>" got stuck [1] at <-9068.028320 877.139038 -11817.968749> Eye Position <-9068.028320 877.139038 -11753.968749> Eye Angles <0.000000 70.513107 0.000000> Last Known Nav Area ID <365>
L 07/04/2026 - 20:09:34: [navbot_stuck_logger.smx] Bot "[NAV] Bot 4<121><BOT><>" got stuck [2] at <-9063.456054 891.290527 -11773.115234> Eye Position <-9063.456054 891.290527 -11745.115234> Eye Angles <43.055419 138.295898 0.000000> Last Known Nav Area ID <706>
L 07/04/2026 - 20:09:41: [navbot_stuck_logger.smx] Bot "[NAV] Bot 4<121><BOT><>" got stuck [1] at <-9063.456054 922.665527 -11773.115234> Eye Position <-9063.456054 922.665527 -11709.115234> Eye Angles <0.000000 -99.752990 0.000000> Last Known Nav Area ID <702>
L 07/04/2026 - 20:09:42: [navbot_stuck_logger.smx] Bot "[NAV] Bot 4<121><BOT><>" got stuck [2] at <-9028.199218 874.809387 -11749.511718> Eye Position <-9028.199218 874.809387 -11721.511718> Eye Angles <-0.582275 -67.335205 0.000000> Last Known Nav Area ID <706>
L 07/04/2026 - 20:09:55: [navbot_stuck_logger.smx] Bot "[NAV] Bot 4<121><BOT><>" got stuck [1] at <-9063.456054 911.555725 -11773.115234> Eye Position <-9063.456054 911.555725 -11709.115234> Eye Angles <1.224975 -53.374206 0.000000> Last Known Nav Area ID <706>
L 07/04/2026 - 20:09:55: [navbot_stuck_logger.smx] Bot "[NAV] Bot 5<118><BOT><>" got stuck [1] at <-7419.673828 -639.665283 -11948.510742> Eye Position <-7419.673828 -639.665283 -11884.510742> Eye Angles <-14.746276 -35.065734 0.000000> Last Known Nav Area ID <1875>
L 07/04/2026 - 20:09:56: [navbot_stuck_logger.smx] Bot "[NAV] Bot 4<121><BOT><>" got stuck [2] at <-9025.487304 871.021728 -11751.215820> Eye Position <-9025.487304 871.021728 -11723.215820> Eye Angles <-0.505371 2.545971 0.000000> Last Known Nav Area ID <706>
L 07/04/2026 - 20:09:56: [navbot_stuck_logger.smx] Bot "[NAV] Bot 5<118><BOT><>" got stuck [2] at <-7364.484863 -690.057617 -11951.408203> Eye Position <-7364.484863 -690.057617 -11923.408203> Eye Angles <0.851440 111.390380 0.000000> Last Known Nav Area ID <1715>
L 07/04/2026 - 20:10:09: [navbot_stuck_logger.smx] Bot "[NAV] Bot 4<121><BOT><>" got stuck [1] at <-9029.155273 935.701965 -11735.967773> Eye Position <-9029.155273 935.701965 -11671.967773> Eye Angles <21.774902 -4.611633 0.000000> Last Known Nav Area ID <707>
L 07/04/2026 - 20:10:14: [navbot_stuck_logger.smx] Bot "[NAV] Bot 8<119><BOT><>" got stuck [1] at <-6879.405761 -1088.031249 -11615.968749> Eye Position <-6879.405761 -1088.031249 -11551.968749> Eye Angles <59.254760 89.983520 0.000000> Last Known Nav Area ID <1515>
L 07/04/2026 - 20:10:15: [navbot_stuck_logger.smx] Bot "[NAV] Bot 8<119><BOT><>" got stuck [2] at <-6879.398437 -1088.031249 -11615.968749> Eye Position <-6879.398437 -1088.031249 -11551.968749> Eye Angles <59.254760 89.989013 0.000000> Last Known Nav Area ID <1515>
L 07/04/2026 - 20:10:16: [navbot_stuck_logger.smx] Bot "[NAV] Bot 8<119><BOT><>" got stuck [3] at <-6879.399902 -1088.031249 -11615.968749> Eye Position <-6879.399902 -1088.031249 -11551.968749> Eye Angles <59.254760 89.989013 0.000000> Last Known Nav Area ID <1515>
L 07/04/2026 - 20:10:17: [navbot_stuck_logger.smx] Bot "[NAV] Bot 8<119><BOT><>" got stuck [4] at <-6879.398925 -1088.031249 -11615.968749> Eye Position <-6879.398925 -1088.031249 -11551.968749> Eye Angles <59.254760 89.994506 0.000000> Last Known Nav Area ID <1515>
L 07/04/2026 - 20:10:18: [navbot_stuck_logger.smx] Bot "[NAV] Bot 8<119><BOT><>" got stuck [5] at <-6879.399902 -1088.031249 -11615.968749> Eye Position <-6879.399902 -1088.031249 -11551.968749> Eye Angles <59.254760 89.989013 0.000000> Last Known Nav Area ID <1515>
L 07/04/2026 - 20:10:19: [navbot_stuck_logger.smx] Bot "[NAV] Bot 8<119><BOT><>" got stuck [6] at <-6879.392089 -1088.031249 -11615.968749> Eye Position <-6879.392089 -1088.031249 -11551.968749> Eye Angles <59.254760 90.000000 0.000000> Last Known Nav Area ID <1515>
L 07/04/2026 - 20:10:20: [navbot_stuck_logger.smx] Bot "[NAV] Bot 8<119><BOT><>" got stuck [7] at <-6879.387207 -1088.031249 -11615.968749> Eye Position <-6879.387207 -1088.031249 -11551.968749> Eye Angles <59.254760 90.010986 0.000000> Last Known Nav Area ID <1515>
L 07/04/2026 - 20:10:21: [navbot_stuck_logger.smx] Bot "[NAV] Bot 8<119><BOT><>" got stuck [8] at <-6879.383300 -1088.031249 -11615.968749> Eye Position <-6879.383300 -1088.031249 -11551.968749> Eye Angles <59.254760 90.016479 0.000000> Last Known Nav Area ID <1515>
L 07/04/2026 - 20:10:22: [navbot_stuck_logger.smx] Bot "[NAV] Bot 8<119><BOT><>" got stuck [9] at <-6879.381347 -1088.031249 -11615.968749> Eye Position <-6879.381347 -1088.031249 -11551.968749> Eye Angles <59.254760 90.021972 0.000000> Last Known Nav Area ID <1515>
L 07/04/2026 - 20:10:23: [navbot_stuck_logger.smx] Bot "[NAV] Bot 8<119><BOT><>" got stuck [10] at <-6879.384765 -1088.031249 -11615.968749> Eye Position <-6879.384765 -1088.031249 -11551.968749> Eye Angles <59.254760 90.016479 0.000000> Last Known Nav Area ID <1515>
L 07/04/2026 - 20:10:24: [navbot_stuck_logger.smx] Bot "[NAV] Bot 8<119><BOT><>" got stuck [11] at <-6879.394042 -1088.031249 -11615.968749> Eye Position <-6879.394042 -1088.031249 -11551.968749> Eye Angles <59.254760 90.000000 0.000000> Last Known Nav Area ID <1515>
L 07/04/2026 - 20:10:25: [navbot_stuck_logger.smx] Bot "[NAV] Bot 8<119><BOT><>" got stuck [12] at <-6879.403808 -1088.031249 -11615.968749> Eye Position <-6879.403808 -1088.031249 -11551.968749> Eye Angles <59.254760 89.989013 0.000000> Last Known Nav Area ID <1515>
L 07/04/2026 - 20:10:26: [navbot_stuck_logger.smx] Bot "[NAV] Bot 8<119><BOT><>" got stuck [13] at <-6879.395507 -1088.031249 -11615.968749> Eye Position <-6879.395507 -1088.031249 -11551.968749> Eye Angles <59.254760 90.000000 0.000000> Last Known Nav Area ID <1515>
L 07/04/2026 - 20:10:27: [navbot_stuck_logger.smx] Bot "[NAV] Bot 8<119><BOT><>" got stuck [14] at <-6879.395507 -1088.031249 -11615.968749> Eye Position <-6879.395507 -1088.031249 -11551.968749> Eye Angles <59.254760 90.000000 0.000000> Last Known Nav Area ID <1515>
L 07/04/2026 - 20:10:28: [navbot_stuck_logger.smx] Bot "[NAV] Bot 8<119><BOT><>" got stuck [15] at <-6879.395507 -1088.031249 -11615.968749> Eye Position <-6879.395507 -1088.031249 -11551.968749> Eye Angles <59.254760 90.000000 0.000000> Last Known Nav Area ID <1515>
L 07/04/2026 - 20:10:29: [navbot_stuck_logger.smx] Bot "[NAV] Bot 8<119><BOT><>" got stuck [16] at <-6879.395507 -1088.031249 -11615.968749> Eye Position <-6879.395507 -1088.031249 -11551.968749> Eye Angles <59.254760 90.000000 0.000000> Last Known Nav Area ID <1515>
L 07/04/2026 - 20:10:30: [navbot_stuck_logger.smx] Bot "[NAV] Bot 8<119><BOT><>" got stuck [1] at <-6879.395507 -1088.031249 -11615.968749> Eye Position <-6879.395507 -1088.031249 -11551.968749> Eye Angles <59.254760 90.000000 0.000000> Last Known Nav Area ID <1515>
L 07/04/2026 - 20:10:31: [navbot_stuck_logger.smx] Bot "[NAV] Bot 8<119><BOT><>" got stuck [2] at <-6879.395507 -1088.031249 -11615.968749> Eye Position <-6879.395507 -1088.031249 -11551.968749> Eye Angles <59.254760 90.000000 0.000000> Last Known Nav Area ID <1515>
L 07/04/2026 - 20:10:32: [navbot_stuck_logger.smx] Bot "[NAV] Bot 8<119><BOT><>" got stuck [3] at <-6879.395507 -1088.031249 -11615.968749> Eye Position <-6879.395507 -1088.031249 -11551.968749> Eye Angles <59.254760 90.000000 0.000000> Last Known Nav Area ID <1515>
L 07/04/2026 - 20:10:33: [navbot_stuck_logger.smx] Bot "[NAV] Bot 8<119><BOT><>" got stuck [4] at <-6879.395507 -1088.031249 -11615.968749> Eye Position <-6879.395507 -1088.031249 -11551.968749> Eye Angles <59.254760 90.000000 0.000000> Last Known Nav Area ID <1515>
L 07/04/2026 - 20:10:33: [navbot_stuck_logger.smx] Bot "[NAV] Bot 4<121><BOT><>" got stuck [1] at <-9071.058593 880.463867 -11817.968749> Eye Position <-9071.058593 880.463867 -11753.968749> Eye Angles <0.000000 0.689282 0.000000> Last Known Nav Area ID <365>
L 07/04/2026 - 20:10:34: [navbot_stuck_logger.smx] Bot "[NAV] Bot 8<119><BOT><>" got stuck [5] at <-6879.395507 -1088.031249 -11615.968749> Eye Position <-6879.395507 -1088.031249 -11551.968749> Eye Angles <59.254760 90.000000 0.000000> Last Known Nav Area ID <1515>
L 07/04/2026 - 20:10:35: [navbot_stuck_logger.smx] Bot "[NAV] Bot 8<119><BOT><>" got stuck [6] at <-6879.395507 -1088.031249 -11615.968749> Eye Position <-6879.395507 -1088.031249 -11551.968749> Eye Angles <59.254760 90.000000 0.000000> Last Known Nav Area ID <1515>
L 07/04/2026 - 20:10:36: [navbot_stuck_logger.smx] Bot "[NAV] Bot 8<119><BOT><>" got stuck [7] at <-6879.395507 -1088.031249 -11615.968749> Eye Position <-6879.395507 -1088.031249 -11551.968749> Eye Angles <59.254760 90.000000 0.000000> Last Known Nav Area ID <1515>
L 07/04/2026 - 20:10:37: [navbot_stuck_logger.smx] Bot "[NAV] Bot 8<119><BOT><>" got stuck [8] at <-6879.395507 -1088.031249 -11615.968749> Eye Position <-6879.395507 -1088.031249 -11551.968749> Eye Angles <59.254760 90.000000 0.000000> Last Known Nav Area ID <1515>
L 07/04/2026 - 20:10:38: [navbot_stuck_logger.smx] Bot "[NAV] Bot 8<119><BOT><>" got stuck [9] at <-6879.395507 -1088.031249 -11615.968749> Eye Position <-6879.395507 -1088.031249 -11551.968749> Eye Angles <59.254760 90.000000 0.000000> Last Known Nav Area ID <1515>
L 07/04/2026 - 20:10:39: [navbot_stuck_logger.smx] Bot "[NAV] Bot 8<119><BOT><>" got stuck [10] at <-6879.395507 -1088.031249 -11615.968749> Eye Position <-6879.395507 -1088.031249 -11551.968749> Eye Angles <59.254760 90.000000 0.000000> Last Known Nav Area ID <1515>
L 07/04/2026 - 20:11:01: [navbot_stuck_logger.smx] Bot "[NAV] Bot 4<121><BOT><>" got stuck [1] at <-9063.527343 905.453857 -11773.115234> Eye Position <-9063.527343 905.453857 -11709.115234> Eye Angles <0.000000 5.556445 0.000000> Last Known Nav Area ID <706>
L 07/04/2026 - 20:12:16: [navbot_stuck_logger.smx] Bot "[NAV] Bot 7<120><BOT><>" got stuck [1] at <-7896.001464 -1378.990722 -11295.968749> Eye Position <-7896.001464 -1378.990722 -11231.968749> Eye Angles <0.000000 -83.048278 0.000000> Last Known Nav Area ID <815>
L 07/04/2026 - 20:12:23: [navbot_stuck_logger.smx] Bot "[NAV] Bot 7<120><BOT><>" got stuck [1] at <-7896.001464 -1379.060302 -11295.968749> Eye Position <-7896.001464 -1379.060302 -11231.968749> Eye Angles <0.000000 -25.702514 0.000000> Last Known Nav Area ID <815>
L 07/04/2026 - 20:12:31: [navbot_stuck_logger.smx] Bot "[NAV] Bot 7<120><BOT><>" got stuck [1] at <-7896.001464 -1379.060302 -11295.968749> Eye Position <-7896.001464 -1379.060302 -11231.968749> Eye Angles <0.000000 -23.713989 0.000000> Last Known Nav Area ID <815>
L 07/04/2026 - 20:12:32: [navbot_stuck_logger.smx] Bot "[NAV] Bot 7<120><BOT><>" got stuck [2] at <-7896.001464 -1379.060302 -11295.968749> Eye Position <-7896.001464 -1379.060302 -11267.968749> Eye Angles <0.000000 -36.463623 0.000000> Last Known Nav Area ID <815>
L 07/04/2026 - 20:12:40: [navbot_stuck_logger.smx] Bot "[NAV] Bot 7<120><BOT><>" got stuck [1] at <-7896.001464 -1379.060302 -11295.968749> Eye Position <-7896.001464 -1379.060302 -11231.968749> Eye Angles <0.000000 -23.713989 0.000000> Last Known Nav Area ID <815>
L 07/04/2026 - 20:12:41: [navbot_stuck_logger.smx] Bot "[NAV] Bot 7<120><BOT><>" got stuck [2] at <-7896.001464 -1379.060302 -11295.968749> Eye Position <-7896.001464 -1379.060302 -11267.968749> Eye Angles <0.000000 -36.463623 0.000000> Last Known Nav Area ID <815>
L 07/04/2026 - 20:12:48: [navbot_stuck_logger.smx] Bot "[NAV] Bot 7<120><BOT><>" got stuck [1] at <-7896.001464 -1379.060302 -11295.968749> Eye Position <-7896.001464 -1379.060302 -11231.968749> Eye Angles <39.517822 -14.144897 0.000000> Last Known Nav Area ID <815>
L 07/04/2026 - 20:12:50: [navbot_stuck_logger.smx] Bot "[NAV] Bot 7<120><BOT><>" got stuck [2] at <-7896.001464 -1379.060302 -11295.968749> Eye Position <-7896.001464 -1379.060302 -11267.968749> Eye Angles <0.000000 -36.463623 0.000000> Last Known Nav Area ID <815>
L 07/04/2026 - 20:12:57: [navbot_stuck_logger.smx] Bot "[NAV] Bot 7<120><BOT><>" got stuck [1] at <-7896.001464 -1379.060302 -11295.968749> Eye Position <-7896.001464 -1379.060302 -11231.968749> Eye Angles <0.000000 -23.713989 0.000000> Last Known Nav Area ID <815>
L 07/04/2026 - 20:12:58: [navbot_stuck_logger.smx] Bot "[NAV] Bot 7<120><BOT><>" got stuck [2] at <-7896.001464 -1379.060302 -11295.968749> Eye Position <-7896.001464 -1379.060302 -11267.968749> Eye Angles <0.000000 -40.663269 0.000000> Last Known Nav Area ID <815>
L 07/04/2026 - 20:13:00: [navbot_stuck_logger.smx] Bot "[NAV] Bot 1<117><BOT><>" got stuck [1] at <-7385.859863 -535.574340 -11933.968749> Eye Position <-7385.859863 -535.574340 -11869.968749> Eye Angles <0.000000 -124.615066 0.000000> Last Known Nav Area ID <753>
L 07/04/2026 - 20:13:01: [navbot_stuck_logger.smx] Bot "[NAV] Bot 1<117><BOT><>" got stuck [2] at <-7385.857421 -545.678894 -11933.968749> Eye Position <-7385.857421 -545.678894 -11905.968749> Eye Angles <0.000000 -44.406738 0.000000> Last Known Nav Area ID <753>
L 07/04/2026 - 20:13:06: [navbot_stuck_logger.smx] Bot "[NAV] Bot 7<120><BOT><>" got stuck [1] at <-7896.015624 -1379.060302 -11295.968749> Eye Position <-7896.015624 -1379.060302 -11231.968749> Eye Angles <-29.168701 3.988037 0.000000> Last Known Nav Area ID <815>
L 07/04/2026 - 20:13:07: [navbot_stuck_logger.smx] Bot "[NAV] Bot 7<120><BOT><>" got stuck [2] at <-7896.015624 -1379.060302 -11295.968749> Eye Position <-7896.015624 -1379.060302 -11267.968749> Eye Angles <-28.740234 16.858520 0.000000> Last Known Nav Area ID <815>
L 07/04/2026 - 20:13:08: [navbot_stuck_logger.smx] Bot "[NAV] Bot 1<117><BOT><>" got stuck [1] at <-7392.302246 -549.614074 -11933.967773> Eye Position <-7392.302246 -549.614074 -11869.967773> Eye Angles <-20.198364 90.785522 0.000000> Last Known Nav Area ID <752>
L 07/04/2026 - 20:13:15: [navbot_stuck_logger.smx] Bot "[NAV] Bot 7<120><BOT><>" got stuck [1] at <-7896.031249 -1379.060302 -11295.968749> Eye Position <-7896.031249 -1379.060302 -11231.968749> Eye Angles <0.000000 -23.719482 0.000000> Last Known Nav Area ID <815>
L 07/04/2026 - 20:13:16: [navbot_stuck_logger.smx] Bot "[NAV] Bot 7<120><BOT><>" got stuck [2] at <-7896.031249 -1379.060302 -11295.968749> Eye Position <-7896.031249 -1379.060302 -11267.968749> Eye Angles <0.000000 -36.458129 0.000000> Last Known Nav Area ID <815>
L 07/04/2026 - 20:13:23: [navbot_stuck_logger.smx] Bot "[NAV] Bot 7<120><BOT><>" got stuck [1] at <-7896.031249 -1379.060302 -11295.968749> Eye Position <-7896.031249 -1379.060302 -11231.968749> Eye Angles <-27.306518 5.696411 0.000000> Last Known Nav Area ID <815>
L 07/04/2026 - 20:13:24: [navbot_stuck_logger.smx] Bot "[NAV] Bot 7<120><BOT><>" got stuck [2] at <-7896.002441 -1379.060302 -11295.968749> Eye Position <-7896.002441 -1379.060302 -11267.968749> Eye Angles <-29.163208 -9.459228 0.000000> Last Known Nav Area ID <815>
L 07/04/2026 - 20:13:32: [navbot_stuck_logger.smx] Bot "[NAV] Bot 7<120><BOT><>" got stuck [1] at <-7896.002441 -1379.060302 -11295.968749> Eye Position <-7896.002441 -1379.060302 -11231.968749> Eye Angles <10.327148 93.043212 0.000000> Last Known Nav Area ID <815>
L 07/04/2026 - 20:13:33: [navbot_stuck_logger.smx] Bot "[NAV] Bot 7<120><BOT><>" got stuck [2] at <-7896.002441 -1379.060302 -11295.968749> Eye Position <-7896.002441 -1379.060302 -11267.968749> Eye Angles <-13.919677 97.168579 0.000000> Last Known Nav Area ID <815>
L 07/04/2026 - 20:13:58: [navbot_stuck_logger.smx] Bot "[NAV] Bot 10<122><BOT><>" got stuck [1] at <-8837.575195 -773.329711 -11817.968749> Eye Position <-8837.575195 -773.329711 -11753.968749> Eye Angles <0.000000 -83.806335 0.000000> Last Known Nav Area ID <723>
L 07/04/2026 - 20:14:00: [navbot_stuck_logger.smx] Bot "[NAV] Bot 13<115><BOT><>" got stuck [1] at <-7377.144531 -1513.269042 -11541.000976> Eye Position <-7377.144531 -1513.269042 -11477.000976> Eye Angles <-50.092163 -179.983520 0.000000> Last Known Nav Area ID <1372>
L 07/04/2026 - 20:14:09: [navbot_stuck_logger.smx] Bot "[NAV] Bot 13<115><BOT><>" got stuck [1] at <-7377.144531 -1513.252685 -11541.000976> Eye Position <-7377.144531 -1513.252685 -11477.000976> Eye Angles <-50.092163 -179.989013 0.000000> Last Known Nav Area ID <1372>
L 07/04/2026 - 20:14:16: [navbot_stuck_logger.smx] Bot "[NAV] Bot 8<119><BOT><>" got stuck [1] at <-8804.464843 -839.943115 -11817.968749> Eye Position <-8804.464843 -839.943115 -11753.968749> Eye Angles <0.000000 62.314453 0.000000> Last Known Nav Area ID <727>
L 07/04/2026 - 20:14:18: [navbot_stuck_logger.smx] Bot "[NAV] Bot 13<115><BOT><>" got stuck [1] at <-7377.144531 -1513.244262 -11541.000976> Eye Position <-7377.144531 -1513.244262 -11477.000976> Eye Angles <-50.092163 -179.994506 0.000000> Last Known Nav Area ID <1372>
L 07/04/2026 - 20:14:28: [navbot_stuck_logger.smx] Bot "[NAV] Bot 13<115><BOT><>" got stuck [1] at <-7377.144531 -1513.362060 -11541.000976> Eye Position <-7377.144531 -1513.362060 -11477.000976> Eye Angles <-50.092163 -179.978027 0.000000> Last Known Nav Area ID <1372>
L 07/04/2026 - 20:14:37: [navbot_stuck_logger.smx] Bot "[NAV] Bot 13<115><BOT><>" got stuck [1] at <-7377.144531 -1513.651611 -11541.000976> Eye Position <-7377.144531 -1513.651611 -11477.000976> Eye Angles <-50.092163 179.999999 0.000000> Last Known Nav Area ID <1372>
L 07/04/2026 - 20:14:46: [navbot_stuck_logger.smx] Bot "[NAV] Bot 13<115><BOT><>" got stuck [1] at <-7377.144531 -1513.736938 -11541.000976> Eye Position <-7377.144531 -1513.736938 -11477.000976> Eye Angles <-50.092163 179.999999 0.000000> Last Known Nav Area ID <1372>
L 07/04/2026 - 20:14:55: [navbot_stuck_logger.smx] Bot "[NAV] Bot 13<115><BOT><>" got stuck [1] at <-7377.144531 -1513.866088 -11541.000976> Eye Position <-7377.144531 -1513.866088 -11477.000976> Eye Angles <-50.092163 179.999999 0.000000> Last Known Nav Area ID <1372>
L 07/04/2026 - 20:15:04: [navbot_stuck_logger.smx] Bot "[NAV] Bot 13<115><BOT><>" got stuck [1] at <-7377.144531 -1513.110107 -11541.000976> Eye Position <-7377.144531 -1513.110107 -11477.000976> Eye Angles <-50.092163 -179.725341 0.000000> Last Known Nav Area ID <1372>
L 07/04/2026 - 20:15:22: [navbot_stuck_logger.smx] Bot "[NAV] Bot 13<115><BOT><>" got stuck [1] at <-8221.031249 -1078.265624 -11415.968749> Eye Position <-8221.031249 -1078.265624 -11351.968749> Eye Angles <0.000000 38.603099 0.000000> Last Known Nav Area ID <1356>
L 07/04/2026 - 20:15:23: [navbot_stuck_logger.smx] Bot "[NAV] Bot 13<115><BOT><>" got stuck [2] at <-8221.031249 -1073.995117 -11415.968749> Eye Position <-8221.031249 -1073.995117 -11351.968749> Eye Angles <0.000000 38.410839 0.000000> Last Known Nav Area ID <1356>
L 07/04/2026 - 20:15:24: [navbot_stuck_logger.smx] Bot "[NAV] Bot 1<117><BOT><>" got stuck [1] at <-8440.409179 -871.276184 -11813.968749> Eye Position <-8440.409179 -871.276184 -11785.968749> Eye Angles <0.000000 -79.818298 0.000000> Last Known Nav Area ID <1993>
L 07/04/2026 - 20:15:24: [navbot_stuck_logger.smx] Bot "[NAV] Bot 13<115><BOT><>" got stuck [3] at <-8221.031249 -1069.697265 -11415.968749> Eye Position <-8221.031249 -1069.697265 -11351.968749> Eye Angles <0.000000 38.218578 0.000000> Last Known Nav Area ID <1356>
L 07/04/2026 - 20:15:25: [navbot_stuck_logger.smx] Bot "[NAV] Bot 1<117><BOT><>" got stuck [2] at <-8441.371093 -871.276184 -11813.968749> Eye Position <-8441.371093 -871.276184 -11785.968749> Eye Angles <0.000000 -93.952453 0.000000> Last Known Nav Area ID <1993>
L 07/04/2026 - 20:15:26: [navbot_stuck_logger.smx] Bot "[NAV] Bot 9<123><BOT><>" got stuck [1] at <-9066.630859 882.671569 -11817.968749> Eye Position <-9066.630859 882.671569 -11753.968749> Eye Angles <0.000000 174.416091 0.000000> Last Known Nav Area ID <365>
L 07/04/2026 - 20:15:26: [navbot_stuck_logger.smx] Bot "[NAV] Bot 1<117><BOT><>" got stuck [3] at <-8441.334960 -871.276184 -11813.968749> Eye Position <-8441.334960 -871.276184 -11785.968749> Eye Angles <0.000000 -93.952453 0.000000> Last Known Nav Area ID <1993>
L 07/04/2026 - 20:15:27: [navbot_stuck_logger.smx] Bot "[NAV] Bot 9<123><BOT><>" got stuck [2] at <-9063.456054 901.167053 -11773.115234> Eye Position <-9063.456054 901.167053 -11745.115234> Eye Angles <-36.183471 -14.741027 0.000000> Last Known Nav Area ID <706>
L 07/04/2026 - 20:15:27: [navbot_stuck_logger.smx] Bot "[NAV] Bot 1<117><BOT><>" got stuck [4] at <-8441.334960 -871.276184 -11813.968749> Eye Position <-8441.334960 -871.276184 -11785.968749> Eye Angles <0.000000 -93.952453 0.000000> Last Known Nav Area ID <1993>
L 07/04/2026 - 20:15:28: [navbot_stuck_logger.smx] Bot "[NAV] Bot 1<117><BOT><>" got stuck [5] at <-8441.334960 -871.276184 -11813.968749> Eye Position <-8441.334960 -871.276184 -11785.968749> Eye Angles <0.000000 -93.952453 0.000000> Last Known Nav Area ID <1993>
L 07/04/2026 - 20:15:29: [navbot_stuck_logger.smx] Bot "[NAV] Bot 1<117><BOT><>" got stuck [6] at <-8441.334960 -871.276184 -11813.968749> Eye Position <-8441.334960 -871.276184 -11785.968749> Eye Angles <0.000000 -93.952453 0.000000> Last Known Nav Area ID <1993>
L 07/04/2026 - 20:15:31: [navbot_stuck_logger.smx] Bot "[NAV] Bot 1<117><BOT><>" got stuck [7] at <-8441.334960 -871.276184 -11813.968749> Eye Position <-8441.334960 -871.276184 -11785.968749> Eye Angles <0.000000 -93.952453 0.000000> Last Known Nav Area ID <1993>
L 07/04/2026 - 20:15:32: [navbot_stuck_logger.smx] Bot "[NAV] Bot 1<117><BOT><>" got stuck [8] at <-8441.334960 -871.276184 -11813.968749> Eye Position <-8441.334960 -871.276184 -11785.968749> Eye Angles <0.000000 -93.952453 0.000000> Last Known Nav Area ID <1993>
L 07/04/2026 - 20:15:33: [navbot_stuck_logger.smx] Bot "[NAV] Bot 1<117><BOT><>" got stuck [9] at <-8441.334960 -871.276184 -11813.968749> Eye Position <-8441.334960 -871.276184 -11785.968749> Eye Angles <0.000000 -93.952453 0.000000> Last Known Nav Area ID <1993>
L 07/04/2026 - 20:15:34: [navbot_stuck_logger.smx] Bot "[NAV] Bot 1<117><BOT><>" got stuck [10] at <-8441.334960 -871.276184 -11813.968749> Eye Position <-8441.334960 -871.276184 -11785.968749> Eye Angles <0.000000 -93.952453 0.000000> Last Known Nav Area ID <1993>
L 07/04/2026 - 20:15:34: [navbot_stuck_logger.smx] Bot "[NAV] Bot 9<123><BOT><>" got stuck [1] at <-9063.456054 894.567138 -11773.115234> Eye Position <-9063.456054 894.567138 -11709.115234> Eye Angles <0.000000 -73.341857 0.000000> Last Known Nav Area ID <706>
L 07/04/2026 - 20:15:35: [navbot_stuck_logger.smx] Bot "[NAV] Bot 1<117><BOT><>" got stuck [11] at <-8441.334960 -871.276184 -11813.968749> Eye Position <-8441.334960 -871.276184 -11785.968749> Eye Angles <0.000000 -93.952453 0.000000> Last Known Nav Area ID <1993>
L 07/04/2026 - 20:15:35: [navbot_stuck_logger.smx] Bot "[NAV] Bot 9<123><BOT><>" got stuck [2] at <-9026.673828 869.149719 -11752.058593> Eye Position <-9026.673828 869.149719 -11724.058593> Eye Angles <-0.598754 -67.219848 0.000000> Last Known Nav Area ID <706>
L 07/04/2026 - 20:15:36: [navbot_stuck_logger.smx] Bot "[NAV] Bot 1<117><BOT><>" got stuck [12] at <-8389.227539 -868.689941 -11813.968749> Eye Position <-8389.227539 -868.689941 -11785.968749> Eye Angles <0.000000 -37.515441 0.000000> Last Known Nav Area ID <1604>
L 07/04/2026 - 20:15:37: [navbot_stuck_logger.smx] Bot "[NAV] Bot 1<117><BOT><>" got stuck [13] at <-8318.082031 -854.878967 -11832.208007> Eye Position <-8318.082031 -854.878967 -11777.143554> Eye Angles <3.691406 0.878906 0.000000> Last Known Nav Area ID <1598>
L 07/04/2026 - 20:16:25: [navbot_stuck_logger.smx] Bot "[NAV] Bot 5<118><BOT><>" got stuck [1] at <-7125.989257 -1360.031249 -11295.968749> Eye Position <-7125.989257 -1360.031249 -11231.968749> Eye Angles <67.813110 12.568359 0.000000> Last Known Nav Area ID <1029>
L 07/04/2026 - 20:16:26: [navbot_stuck_logger.smx] Bot "[NAV] Bot 5<118><BOT><>" got stuck [2] at <-7125.997070 -1360.012084 -11295.968749> Eye Position <-7125.997070 -1360.012084 -11267.968749> Eye Angles <62.517700 -4.383544 0.000000> Last Known Nav Area ID <1029>
L 07/04/2026 - 20:16:34: [navbot_stuck_logger.smx] Bot "[NAV] Bot 5<118><BOT><>" got stuck [1] at <-7119.996582 -1286.627197 -11295.968749> Eye Position <-7119.996582 -1286.627197 -11231.968749> Eye Angles <5.397143 -123.972579 0.000000> Last Known Nav Area ID <293>
L 07/04/2026 - 20:16:35: [navbot_stuck_logger.smx] Bot "[NAV] Bot 5<118><BOT><>" got stuck [2] at <-7114.626464 -1337.690185 -11295.968749> Eye Position <-7114.626464 -1337.690185 -11267.968749> Eye Angles <68.029983 -102.296325 0.000000> Last Known Nav Area ID <293>
L 07/04/2026 - 20:16:47: [navbot_stuck_logger.smx] Bot "[NAV] Bot 10<122><BOT><>" got stuck [1] at <-6239.990234 -1464.968749 -11372.031249> Eye Position <-6239.990234 -1464.968749 -11308.031249> Eye Angles <-53.673706 -90.000000 0.000000> Last Known Nav Area ID <1559>
L 07/04/2026 - 20:16:48: [navbot_stuck_logger.smx] Bot "[NAV] Bot 10<122><BOT><>" got stuck [2] at <-6239.990234 -1464.968749 -11372.031249> Eye Position <-6239.990234 -1464.968749 -11308.031249> Eye Angles <-53.673706 -90.000000 0.000000> Last Known Nav Area ID <1559>
L 07/04/2026 - 20:16:54: [navbot_stuck_logger.smx] Bot "[NAV] Bot 4<121><BOT><>" got stuck [1] at <-7192.723632 -966.022583 -11813.968749> Eye Position <-7192.723632 -966.022583 -11785.968749> Eye Angles <-46.779785 -45.851440 0.000000> Last Known Nav Area ID <195>
L 07/04/2026 - 20:16:55: [navbot_stuck_logger.smx] Bot "[NAV] Bot 4<121><BOT><>" got stuck [2] at <-7192.723632 -963.423950 -11813.968749> Eye Position <-7192.723632 -963.423950 -11785.968749> Eye Angles <-45.741577 -27.136230 0.000000> Last Known Nav Area ID <195>
L 07/04/2026 - 20:16:56: [navbot_stuck_logger.smx] Bot "[NAV] Bot 4<121><BOT><>" got stuck [3] at <-7192.723632 -964.030334 -11813.968749> Eye Position <-7192.723632 -964.030334 -11785.968749> Eye Angles <-30.025634 -87.868652 0.000000> Last Known Nav Area ID <195>
L 07/04/2026 - 20:16:57: [navbot_stuck_logger.smx] Bot "[NAV] Bot 4<121><BOT><>" got stuck [4] at <-7192.723632 -964.682006 -11813.968749> Eye Position <-7192.723632 -964.682006 -11785.968749> Eye Angles <-30.302917 -66.453674 0.000000> Last Known Nav Area ID <195>
L 07/04/2026 - 20:16:58: [navbot_stuck_logger.smx] Bot "[NAV] Bot 4<121><BOT><>" got stuck [5] at <-7192.723632 -964.939208 -11813.968749> Eye Position <-7192.723632 -964.939208 -11785.968749> Eye Angles <-24.884033 -86.055908 0.000000> Last Known Nav Area ID <195>
L 07/04/2026 - 20:16:59: [navbot_stuck_logger.smx] Bot "[NAV] Bot 4<121><BOT><>" got stuck [6] at <-7192.723632 -963.181823 -11813.968749> Eye Position <-7192.723632 -963.181823 -11785.968749> Eye Angles <14.518432 -3.361816 0.000000> Last Known Nav Area ID <195>
L 07/04/2026 - 20:17:00: [navbot_stuck_logger.smx] Bot "[NAV] Bot 4<121><BOT><>" got stuck [7] at <-7192.723632 -963.943603 -11813.968749> Eye Position <-7192.723632 -963.943603 -11785.968749> Eye Angles <19.687499 0.005493 0.000000> Last Known Nav Area ID <195>
L 07/04/2026 - 20:17:00: [navbot_stuck_logger.smx] Bot "[NAV] Bot 10<122><BOT><>" got stuck [1] at <-6239.949707 -1464.968749 -11372.031249> Eye Position <-6239.949707 -1464.968749 -11308.031249> Eye Angles <-53.673706 -90.010986 0.000000> Last Known Nav Area ID <1559>
L 07/04/2026 - 20:17:01: [navbot_stuck_logger.smx] Bot "[NAV] Bot 4<121><BOT><>" got stuck [8] at <-7192.723632 -963.908386 -11813.968749> Eye Position <-7192.723632 -963.908386 -11785.968749> Eye Angles <19.039306 -7.289428 0.000000> Last Known Nav Area ID <195>
L 07/04/2026 - 20:17:02: [navbot_stuck_logger.smx] Bot "[NAV] Bot 4<121><BOT><>" got stuck [9] at <-7192.723632 -965.757263 -11813.968749> Eye Position <-7192.723632 -965.757263 -11785.968749> Eye Angles <12.513427 -12.062988 0.000000> Last Known Nav Area ID <195>
L 07/04/2026 - 20:17:03: [navbot_stuck_logger.smx] Bot "[NAV] Bot 4<121><BOT><>" got stuck [10] at <-7192.723632 -967.101867 -11813.968749> Eye Position <-7192.723632 -967.101867 -11785.968749> Eye Angles <-0.648193 -11.870727 0.000000> Last Known Nav Area ID <195>
L 07/04/2026 - 20:17:03: [navbot_stuck_logger.smx] Bot "[NAV] Bot 5<118><BOT><>" got stuck [1] at <-7171.100097 -1345.936767 -11615.968749> Eye Position <-7171.100097 -1345.936767 -11551.968749> Eye Angles <41.643676 2.757568 0.000000> Last Known Nav Area ID <1044>
L 07/04/2026 - 20:17:04: [navbot_stuck_logger.smx] Bot "[NAV] Bot 4<121><BOT><>" got stuck [11] at <-7192.723632 -968.296508 -11813.968749> Eye Position <-7192.723632 -968.296508 -11785.968749> Eye Angles <-29.168701 -11.656494 0.000000> Last Known Nav Area ID <195>
L 07/04/2026 - 20:17:05: [navbot_stuck_logger.smx] Bot "[NAV] Bot 5<118><BOT><>" got stuck [2] at <-7164.000488 -1362.611694 -11615.968749> Eye Position <-7164.000488 -1362.611694 -11587.968749> Eye Angles <48.916625 -1.131591 0.000000> Last Known Nav Area ID <1044>
L 07/04/2026 - 20:17:05: [navbot_stuck_logger.smx] Bot "[NAV] Bot 4<121><BOT><>" got stuck [12] at <-7192.723632 -968.341003 -11813.968749> Eye Position <-7192.723632 -968.341003 -11785.968749> Eye Angles <-36.677856 -11.590576 0.000000> Last Known Nav Area ID <195>
L 07/04/2026 - 20:17:06: [navbot_stuck_logger.smx] Bot "[NAV] Bot 4<121><BOT><>" got stuck [13] at <-7192.723632 -968.578124 -11813.968749> Eye Position <-7192.723632 -968.578124 -11785.968749> Eye Angles <-36.864624 -14.221801 0.000000> Last Known Nav Area ID <195>
L 07/04/2026 - 20:17:07: [navbot_stuck_logger.smx] Bot "[NAV] Bot 4<121><BOT><>" got stuck [14] at <-7192.723632 -965.516418 -11813.968749> Eye Position <-7192.723632 -965.516418 -11785.968749> Eye Angles <-26.534606 -33.121154 0.000000> Last Known Nav Area ID <195>
L 07/04/2026 - 20:17:08: [navbot_stuck_logger.smx] Bot "[NAV] Bot 4<121><BOT><>" got stuck [15] at <-7192.723632 -966.932250 -11813.968749> Eye Position <-7192.723632 -966.932250 -11785.968749> Eye Angles <-24.323730 -87.511596 0.000000> Last Known Nav Area ID <195>
L 07/04/2026 - 20:17:09: [navbot_stuck_logger.smx] Bot "[NAV] Bot 4<121><BOT><>" got stuck [16] at <-7192.723632 -966.154296 -11813.968749> Eye Position <-7192.723632 -966.154296 -11785.968749> Eye Angles <-23.571166 -88.341064 0.000000> Last Known Nav Area ID <195>
L 07/04/2026 - 20:17:09: [navbot_stuck_logger.smx] Bot "[NAV] Bot 4<121><BOT><>" got stuck [1] at <-7192.723632 -966.116516 -11813.968749> Eye Position <-7192.723632 -966.116516 -11785.968749> Eye Angles <-23.571166 -88.341064 0.000000> Last Known Nav Area ID <195>
L 07/04/2026 - 20:17:10: [navbot_stuck_logger.smx] Bot "[NAV] Bot 4<121><BOT><>" got stuck [2] at <-7192.723632 -965.464904 -11813.968749> Eye Position <-7192.723632 -965.464904 -11785.968749> Eye Angles <-24.450073 -86.852416 0.000000> Last Known Nav Area ID <195>
L 07/04/2026 - 20:17:11: [navbot_stuck_logger.smx] Bot "[NAV] Bot 4<121><BOT><>" got stuck [3] at <-7192.723632 -964.460998 -11813.968749> Eye Position <-7192.723632 -964.460998 -11785.968749> Eye Angles <-24.922485 -86.297607 0.000000> Last Known Nav Area ID <195>
L 07/04/2026 - 20:17:12: [navbot_stuck_logger.smx] Bot "[NAV] Bot 5<118><BOT><>" got stuck [1] at <-7164.031249 -1327.356567 -11615.968749> Eye Position <-7164.031249 -1327.356567 -11551.968749> Eye Angles <38.897094 68.104248 0.000000> Last Known Nav Area ID <1044>
L 07/04/2026 - 20:17:13: [navbot_stuck_logger.smx] Bot "[NAV] Bot 4<121><BOT><>" got stuck [4] at <-7192.723632 -963.486938 -11813.968749> Eye Position <-7192.723632 -963.486938 -11785.968749> Eye Angles <-24.378662 -85.616455 0.000000> Last Known Nav Area ID <195>
L 07/04/2026 - 20:17:14: [navbot_stuck_logger.smx] Bot "[NAV] Bot 5<118><BOT><>" got stuck [2] at <-7164.031249 -1332.104370 -11615.968749> Eye Position <-7164.031249 -1332.104370 -11587.968749> Eye Angles <4.474072 31.681713 0.000000> Last Known Nav Area ID <1044>
L 07/04/2026 - 20:17:14: [navbot_stuck_logger.smx] Bot "[NAV] Bot 4<121><BOT><>" got stuck [5] at <-7192.723632 -962.164978 -11813.968749> Eye Position <-7192.723632 -962.164978 -11785.968749> Eye Angles <-56.030273 -12.653381 0.000000> Last Known Nav Area ID <195>
L 07/04/2026 - 20:17:15: [navbot_stuck_logger.smx] Bot "[NAV] Bot 4<121><BOT><>" got stuck [6] at <-7192.723632 -964.442504 -11813.968749> Eye Position <-7192.723632 -964.442504 -11785.968749> Eye Angles <-24.109497 -85.671386 0.000000> Last Known Nav Area ID <195>
L 07/04/2026 - 20:17:16: [navbot_stuck_logger.smx] Bot "[NAV] Bot 4<121><BOT><>" got stuck [7] at <-7192.723632 -963.483764 -11813.968749> Eye Position <-7192.723632 -963.483764 -11785.968749> Eye Angles <-24.296264 -85.638427 0.000000> Last Known Nav Area ID <195>
L 07/04/2026 - 20:17:17: [navbot_stuck_logger.smx] Bot "[NAV] Bot 4<121><BOT><>" got stuck [8] at <-7192.723632 -962.508666 -11813.968749> Eye Position <-7192.723632 -962.508666 -11785.968749> Eye Angles <-23.922729 -86.907348 0.000000> Last Known Nav Area ID <195>
L 07/04/2026 - 20:17:18: [navbot_stuck_logger.smx] Bot "[NAV] Bot 4<121><BOT><>" got stuck [9] at <-7192.723632 -961.317749 -11813.968749> Eye Position <-7192.723632 -961.317749 -11785.968749> Eye Angles <-22.692260 -41.160278 0.000000> Last Known Nav Area ID <195>
L 07/04/2026 - 20:17:19: [navbot_stuck_logger.smx] Bot "[NAV] Bot 4<121><BOT><>" got stuck [10] at <-7192.723632 -962.437866 -11813.968749> Eye Position <-7192.723632 -962.437866 -11785.968749> Eye Angles <-19.923706 -47.622863 0.000000> Last Known Nav Area ID <195>
L 07/04/2026 - 20:17:20: [navbot_stuck_logger.smx] Bot "[NAV] Bot 4<121><BOT><>" got stuck [11] at <-7192.723632 -962.538879 -11813.968749> Eye Position <-7192.723632 -962.538879 -11785.968749> Eye Angles <-24.499511 -86.715087 0.000000> Last Known Nav Area ID <195>
L 07/04/2026 - 20:17:21: [navbot_stuck_logger.smx] Bot "[NAV] Bot 4<121><BOT><>" got stuck [12] at <-7192.723632 -961.286560 -11813.968749> Eye Position <-7192.723632 -961.286560 -11785.968749> Eye Angles <-20.280761 -33.788452 0.000000> Last Known Nav Area ID <195>
L 07/04/2026 - 20:17:22: [navbot_stuck_logger.smx] Bot "[NAV] Bot 5<118><BOT><>" got stuck [1] at <-7173.036621 -1340.731689 -11615.968749> Eye Position <-7173.036621 -1340.731689 -11551.968749> Eye Angles <0.000000 8.885302 0.000000> Last Known Nav Area ID <1044>
L 07/04/2026 - 20:17:22: [navbot_stuck_logger.smx] Bot "[NAV] Bot 4<121><BOT><>" got stuck [13] at <-7192.723632 -962.395996 -11813.968749> Eye Position <-7192.723632 -962.395996 -11785.968749> Eye Angles <-24.537963 -86.588745 0.000000> Last Known Nav Area ID <195>
L 07/04/2026 - 20:17:23: [navbot_stuck_logger.smx] Bot "[NAV] Bot 5<118><BOT><>" got stuck [2] at <-7164.001953 -1357.951171 -11615.968749> Eye Position <-7164.001953 -1357.951171 -11587.968749> Eye Angles <4.759716 28.556102 0.000000> Last Known Nav Area ID <1044>
L 07/04/2026 - 20:17:23: [navbot_stuck_logger.smx] Bot "[NAV] Bot 4<121><BOT><>" got stuck [14] at <-7192.723632 -960.923156 -11813.968749> Eye Position <-7192.723632 -960.923156 -11785.968749> Eye Angles <-20.478515 -34.189453 0.000000> Last Known Nav Area ID <195>
L 07/04/2026 - 20:17:24: [navbot_stuck_logger.smx] Bot "[NAV] Bot 4<121><BOT><>" got stuck [15] at <-7192.723632 -962.787475 -11813.968749> Eye Position <-7192.723632 -962.787475 -11785.968749> Eye Angles <-24.570922 -85.753784 0.000000> Last Known Nav Area ID <195>
L 07/04/2026 - 20:17:25: [navbot_stuck_logger.smx] Bot "[NAV] Bot 4<121><BOT><>" got stuck [16] at <-7192.723632 -961.623535 -11813.968749> Eye Position <-7192.723632 -961.623535 -11785.968749> Eye Angles <-23.659057 -85.759277 0.000000> Last Known Nav Area ID <195>
L 07/04/2026 - 20:17:25: [navbot_stuck_logger.smx] Bot "[NAV] Bot 4<121><BOT><>" got stuck [1] at <-7192.723632 -961.412597 -11813.968749> Eye Position <-7192.723632 -961.412597 -11785.968749> Eye Angles <-23.648071 -85.759277 0.000000> Last Known Nav Area ID <195>
L 07/04/2026 - 20:17:26: [navbot_stuck_logger.smx] Bot "[NAV] Bot 4<121><BOT><>" got stuck [2] at <-7192.723632 -960.396484 -11813.968749> Eye Position <-7192.723632 -960.396484 -11785.968749> Eye Angles <-25.021362 -86.160278 0.000000> Last Known Nav Area ID <195>
L 07/04/2026 - 20:17:27: [navbot_stuck_logger.smx] Bot "[NAV] Bot 4<121><BOT><>" got stuck [3] at <-7192.723632 -961.647155 -11813.968749> Eye Position <-7192.723632 -961.647155 -11785.968749> Eye Angles <-24.768676 -86.160278 0.000000> Last Known Nav Area ID <195>
L 07/04/2026 - 20:17:28: [navbot_stuck_logger.smx] Bot "[NAV] Bot 4<121><BOT><>" got stuck [4] at <-7192.723632 -960.639221 -11813.968749> Eye Position <-7192.723632 -960.639221 -11785.968749> Eye Angles <-24.290771 -85.671386 0.000000> Last Known Nav Area ID <195>
L 07/04/2026 - 20:17:29: [navbot_stuck_logger.smx] Bot "[NAV] Bot 5<118><BOT><>" got stuck [1] at <-7166.992675 -1370.978881 -11615.968749> Eye Position <-7166.992675 -1370.978881 -11551.968749> Eye Angles <6.877441 -1.565551 0.000000> Last Known Nav Area ID <1044>
L 07/04/2026 - 20:17:29: [navbot_stuck_logger.smx] Bot "[NAV] Bot 4<121><BOT><>" got stuck [5] at <-7192.723632 -960.002258 -11813.968749> Eye Position <-7192.723632 -960.002258 -11785.968749> Eye Angles <-22.516479 -87.758789 0.000000> Last Known Nav Area ID <195>
L 07/04/2026 - 20:17:30: [navbot_stuck_logger.smx] Bot "[NAV] Bot 5<118><BOT><>" got stuck [2] at <-7131.431640 -1364.006958 -11615.968749> Eye Position <-7131.431640 -1364.006958 -11587.968749> Eye Angles <16.787109 52.514648 0.000000> Last Known Nav Area ID <950>
L 07/04/2026 - 20:17:30: [navbot_stuck_logger.smx] Bot "[NAV] Bot 4<121><BOT><>" got stuck [6] at <-7192.723632 -958.813110 -11813.968749> Eye Position <-7192.723632 -958.813110 -11785.968749> Eye Angles <-56.057739 -14.713317 0.000000> Last Known Nav Area ID <195>
L 07/04/2026 - 20:17:32: [navbot_stuck_logger.smx] Bot "[NAV] Bot 4<121><BOT><>" got stuck [7] at <-7192.723632 -959.159606 -11813.968749> Eye Position <-7192.723632 -959.159606 -11785.968749> Eye Angles <-23.703002 -78.403930 0.000000> Last Known Nav Area ID <195>
L 07/04/2026 - 20:17:33: [navbot_stuck_logger.smx] Bot "[NAV] Bot 4<121><BOT><>" got stuck [8] at <-7192.723632 -957.832214 -11813.968749> Eye Position <-7192.723632 -957.832214 -11785.968749> Eye Angles <-22.939453 -76.563720 0.000000> Last Known Nav Area ID <195>
L 07/04/2026 - 20:17:33: [navbot_stuck_logger.smx] Bot "[NAV] Bot 13<115><BOT><>" got stuck [1] at <-7896.031249 -1379.060302 -11295.968749> Eye Position <-7896.031249 -1379.060302 -11231.968749> Eye Angles <24.106639 -158.749588 0.000000> Last Known Nav Area ID <815>
L 07/04/2026 - 20:17:34: [navbot_stuck_logger.smx] Bot "[NAV] Bot 4<121><BOT><>" got stuck [9] at <-7192.723632 -958.733215 -11813.968749> Eye Position <-7192.723632 -958.733215 -11785.968749> Eye Angles <0.000000 -149.350997 0.000000> Last Known Nav Area ID <195>
L 07/04/2026 - 20:17:34: [navbot_stuck_logger.smx] Bot "[NAV] Bot 13<115><BOT><>" got stuck [2] at <-7896.008300 -1379.063110 -11295.968749> Eye Position <-7896.008300 -1379.063110 -11267.968749> Eye Angles <0.000000 -36.463623 0.000000> Last Known Nav Area ID <815>
L 07/04/2026 - 20:17:35: [navbot_stuck_logger.smx] Bot "[NAV] Bot 4<121><BOT><>" got stuck [10] at <-7192.723632 -958.770141 -11813.968749> Eye Position <-7192.723632 -958.770141 -11785.968749> Eye Angles <0.000000 -177.852172 0.000000> Last Known Nav Area ID <195>
L 07/04/2026 - 20:17:36: [navbot_stuck_logger.smx] Bot "[NAV] Bot 4<121><BOT><>" got stuck [11] at <-7192.723632 -958.207458 -11813.968749> Eye Position <-7192.723632 -958.207458 -11785.968749> Eye Angles <-3.131103 134.406738 0.000000> Last Known Nav Area ID <195>
L 07/04/2026 - 20:17:37: [navbot_stuck_logger.smx] Bot "[NAV] Bot 4<121><BOT><>" got stuck [12] at <-7192.723632 -958.362548 -11813.968749> Eye Position <-7192.723632 -958.362548 -11785.968749> Eye Angles <-1.098632 134.324340 0.000000> Last Known Nav Area ID <195>
L 07/04/2026 - 20:17:38: [navbot_stuck_logger.smx] Bot "[NAV] Bot 4<121><BOT><>" got stuck [13] at <-7192.723632 -957.239685 -11813.968749> Eye Position <-7192.723632 -957.239685 -11785.968749> Eye Angles <0.000000 -177.648925 0.000000> Last Known Nav Area ID <195>
L 07/04/2026 - 20:17:39: [navbot_stuck_logger.smx] Bot "[NAV] Bot 4<121><BOT><>" got stuck [14] at <-7192.723632 -956.659790 -11813.968749> Eye Position <-7192.723632 -956.659790 -11785.968749> Eye Angles <0.000000 -177.572021 0.000000> Last Known Nav Area ID <195>
L 07/04/2026 - 20:17:40: [navbot_stuck_logger.smx] Bot "[NAV] Bot 4<121><BOT><>" got stuck [15] at <-7192.723632 -956.978332 -11813.968749> Eye Position <-7192.723632 -956.978332 -11785.968749> Eye Angles <-83.358764 -103.848266 0.000000> Last Known Nav Area ID <195>
L 07/04/2026 - 20:17:41: [navbot_stuck_logger.smx] Bot "[NAV] Bot 4<121><BOT><>" got stuck [16] at <-7192.723632 -957.354614 -11813.968749> Eye Position <-7192.723632 -957.354614 -11785.968749> Eye Angles <-48.287536 -139.045822 0.000000> Last Known Nav Area ID <195>
L 07/04/2026 - 20:17:41: [navbot_stuck_logger.smx] Bot "[NAV] Bot 4<121><BOT><>" got stuck [1] at <-7192.723632 -957.675781 -11813.968749> Eye Position <-7192.723632 -957.675781 -11785.968749> Eye Angles <-29.369079 -157.925827 0.000000> Last Known Nav Area ID <195>
L 07/04/2026 - 20:17:41: [navbot_stuck_logger.smx] Bot "[NAV] Bot 13<115><BOT><>" got stuck [1] at <-7896.008300 -1379.063110 -11295.968749> Eye Position <-7896.008300 -1379.063110 -11231.968749> Eye Angles <0.000000 -23.703002 0.000000> Last Known Nav Area ID <815>
L 07/04/2026 - 20:17:42: [navbot_stuck_logger.smx] Bot "[NAV] Bot 4<121><BOT><>" got stuck [2] at <-7192.723632 -958.065368 -11813.968749> Eye Position <-7192.723632 -958.065368 -11785.968749> Eye Angles <0.000000 -177.758789 0.000000> Last Known Nav Area ID <195>
L 07/04/2026 - 20:17:43: [navbot_stuck_logger.smx] Bot "[NAV] Bot 13<115><BOT><>" got stuck [2] at <-7896.008300 -1379.063110 -11295.968749> Eye Position <-7896.008300 -1379.063110 -11267.968749> Eye Angles <0.000000 -36.463623 0.000000> Last Known Nav Area ID <815>
L 07/04/2026 - 20:17:43: [navbot_stuck_logger.smx] Bot "[NAV] Bot 4<121><BOT><>" got stuck [3] at <-7192.723632 -957.512512 -11813.968749> Eye Position <-7192.723632 -957.512512 -11785.968749> Eye Angles <0.000000 -177.687377 0.000000> Last Known Nav Area ID <195>
L 07/04/2026 - 20:17:44: [navbot_stuck_logger.smx] Bot "[NAV] Bot 4<121><BOT><>" got stuck [4] at <-7192.723632 -960.596374 -11813.968749> Eye Position <-7192.723632 -960.596374 -11785.968749> Eye Angles <-67.472534 52.610668 0.000000> Last Known Nav Area ID <195>
L 07/04/2026 - 20:17:45: [navbot_stuck_logger.smx] Bot "[NAV] Bot 4<121><BOT><>" got stuck [5] at <-7192.723632 -958.082641 -11813.968749> Eye Position <-7192.723632 -958.082641 -11785.968749> Eye Angles <-33.104431 54.220386 0.000000> Last Known Nav Area ID <195>
L 07/04/2026 - 20:17:46: [navbot_stuck_logger.smx] Bot "[NAV] Bot 4<121><BOT><>" got stuck [6] at <-7192.723632 -956.945495 -11813.968749> Eye Position <-7192.723632 -956.945495 -11785.968749> Eye Angles <0.000000 -177.610473 0.000000> Last Known Nav Area ID <195>
L 07/04/2026 - 20:17:47: [navbot_stuck_logger.smx] Bot "[NAV] Bot 4<121><BOT><>" got stuck [7] at <-7192.723632 -957.553039 -11813.968749> Eye Position <-7192.723632 -957.553039 -11785.968749> Eye Angles <-16.185729 -161.325881 0.000000> Last Known Nav Area ID <195>
L 07/04/2026 - 20:17:48: [navbot_stuck_logger.smx] Bot "[NAV] Bot 4<121><BOT><>" got stuck [8] at <-7192.723632 -958.118408 -11813.968749> Eye Position <-7192.723632 -958.118408 -11785.968749> Eye Angles <-83.435668 -104.013061 0.000000> Last Known Nav Area ID <195>
L 07/04/2026 - 20:17:49: [navbot_stuck_logger.smx] Bot "[NAV] Bot 4<121><BOT><>" got stuck [9] at <-7192.723632 -959.439575 -11813.968749> Eye Position <-7192.723632 -959.439575 -11785.968749> Eye Angles <0.000000 -177.940063 0.000000> Last Known Nav Area ID <195>
L 07/04/2026 - 20:17:50: [navbot_stuck_logger.smx] Bot "[NAV] Bot 13<115><BOT><>" got stuck [1] at <-7896.008300 -1379.063110 -11295.968749> Eye Position <-7896.008300 -1379.063110 -11231.968749> Eye Angles <0.000000 -23.703002 0.000000> Last Known Nav Area ID <815>
L 07/04/2026 - 20:17:51: [navbot_stuck_logger.smx] Bot "[NAV] Bot 4<121><BOT><>" got stuck [10] at <-7192.723632 -959.109191 -11813.968749> Eye Position <-7192.723632 -959.109191 -11785.968749> Eye Angles <-16.185729 165.907180 0.000000> Last Known Nav Area ID <195>
L 07/04/2026 - 20:17:51: [navbot_stuck_logger.smx] Bot "[NAV] Bot 13<115><BOT><>" got stuck [2] at <-7896.008300 -1379.063110 -11295.968749> Eye Position <-7896.008300 -1379.063110 -11267.968749> Eye Angles <19.182128 -2.911376 0.000000> Last Known Nav Area ID <815>
L 07/04/2026 - 20:17:52: [navbot_stuck_logger.smx] Bot "[NAV] Bot 4<121><BOT><>" got stuck [11] at <-7192.723632 -959.367858 -11813.968749> Eye Position <-7192.723632 -959.367858 -11785.968749> Eye Angles <-68.010864 20.950927 0.000000> Last Known Nav Area ID <195>
L 07/04/2026 - 20:17:53: [navbot_stuck_logger.smx] Bot "[NAV] Bot 4<121><BOT><>" got stuck [12] at <-7192.723632 -953.747070 -11813.968749> Eye Position <-7192.723632 -953.747070 -11785.968749> Eye Angles <0.000000 130.240280 0.000000> Last Known Nav Area ID <195>
L 07/04/2026 - 20:17:54: [navbot_stuck_logger.smx] Bot "[NAV] Bot 4<121><BOT><>" got stuck [13] at <-7192.723632 -958.410461 -11813.968749> Eye Position <-7192.723632 -958.410461 -11785.968749> Eye Angles <0.000000 -177.808227 0.000000> Last Known Nav Area ID <195>
L 07/04/2026 - 20:17:55: [navbot_stuck_logger.smx] Bot "[NAV] Bot 4<121><BOT><>" got stuck [14] at <-7192.723632 -957.869323 -11813.968749> Eye Position <-7192.723632 -957.869323 -11785.968749> Eye Angles <0.000000 -177.736816 0.000000> Last Known Nav Area ID <195>
L 07/04/2026 - 20:17:56: [navbot_stuck_logger.smx] Bot "[NAV] Bot 4<121><BOT><>" got stuck [15] at <-7192.723632 -957.310302 -11813.968749> Eye Position <-7192.723632 -957.310302 -11785.968749> Eye Angles <0.000000 -177.659912 0.000000> Last Known Nav Area ID <195>
L 07/04/2026 - 20:17:56: [navbot_stuck_logger.smx] Bot "[NAV] Bot 5<118><BOT><>" got stuck [1] at <-7419.621093 -640.878784 -11948.516601> Eye Position <-7419.621093 -640.878784 -11884.516601> Eye Angles <-14.817687 -35.065734 0.000000> Last Known Nav Area ID <1875>
L 07/04/2026 - 20:17:57: [navbot_stuck_logger.smx] Bot "[NAV] Bot 4<121><BOT><>" got stuck [16] at <-7192.723632 -956.732971 -11813.968749> Eye Position <-7192.723632 -956.732971 -11785.968749> Eye Angles <0.000000 -177.583007 0.000000> Last Known Nav Area ID <195>
L 07/04/2026 - 20:17:57: [navbot_stuck_logger.smx] Bot "[NAV] Bot 4<121><BOT><>" got stuck [1] at <-7192.723632 -956.679748 -11813.968749> Eye Position <-7192.723632 -956.679748 -11785.968749> Eye Angles <0.000000 -177.577514 0.000000> Last Known Nav Area ID <195>
L 07/04/2026 - 20:17:57: [navbot_stuck_logger.smx] Bot "[NAV] Bot 5<118><BOT><>" got stuck [2] at <-7365.749023 -689.734008 -11951.250976> Eye Position <-7365.749023 -689.734008 -11923.250976> Eye Angles <0.994262 109.544677 0.000000> Last Known Nav Area ID <1715>
L 07/04/2026 - 20:17:58: [navbot_stuck_logger.smx] Bot "[NAV] Bot 4<121><BOT><>" got stuck [2] at <-7192.723632 -958.373352 -11813.968749> Eye Position <-7192.723632 -958.373352 -11785.968749> Eye Angles <-56.101684 33.780101 0.000000> Last Known Nav Area ID <195>
L 07/04/2026 - 20:17:59: [navbot_stuck_logger.smx] Bot "[NAV] Bot 4<121><BOT><>" got stuck [3] at <-7192.723632 -958.506286 -11813.968749> Eye Position <-7192.723632 -958.506286 -11785.968749> Eye Angles <-56.101684 0.637207 0.000000> Last Known Nav Area ID <195>
L 07/04/2026 - 20:17:59: [navbot_stuck_logger.smx] Bot "[NAV] Bot 13<115><BOT><>" got stuck [1] at <-7896.008300 -1379.063110 -11295.968749> Eye Position <-7896.008300 -1379.063110 -11231.968749> Eye Angles <0.000000 -23.703002 0.000000> Last Known Nav Area ID <815>
L 07/04/2026 - 20:18:00: [navbot_stuck_logger.smx] Bot "[NAV] Bot 4<121><BOT><>" got stuck [4] at <-7192.723632 -958.415893 -11813.968749> Eye Position <-7192.723632 -958.415893 -11785.968749> Eye Angles <-56.101684 -0.043945 0.000000> Last Known Nav Area ID <195>
L 07/04/2026 - 20:18:00: [navbot_stuck_logger.smx] Bot "[NAV] Bot 13<115><BOT><>" got stuck [2] at <-7896.113769 -1379.063110 -11295.968749> Eye Position <-7896.113769 -1379.063110 -11267.968749> Eye Angles <0.000000 -58.768737 0.000000> Last Known Nav Area ID <815>
L 07/04/2026 - 20:18:01: [navbot_stuck_logger.smx] Bot "[NAV] Bot 4<121><BOT><>" got stuck [5] at <-7192.723632 -957.600585 -11813.968749> Eye Position <-7192.723632 -957.600585 -11785.968749> Eye Angles <-56.101684 0.076904 0.000000> Last Known Nav Area ID <195>
L 07/04/2026 - 20:18:02: [navbot_stuck_logger.smx] Bot "[NAV] Bot 4<121><BOT><>" got stuck [6] at <-7192.723632 -957.591918 -11813.968749> Eye Position <-7192.723632 -957.591918 -11785.968749> Eye Angles <-56.101684 0.000000 0.000000> Last Known Nav Area ID <195>
L 07/04/2026 - 20:18:03: [navbot_stuck_logger.smx] Bot "[NAV] Bot 4<121><BOT><>" got stuck [7] at <-7192.723632 -957.591918 -11813.968749> Eye Position <-7192.723632 -957.591918 -11785.968749> Eye Angles <-56.101684 0.000000 0.000000> Last Known Nav Area ID <195>
L 07/04/2026 - 20:18:04: [navbot_stuck_logger.smx] Bot "[NAV] Bot 4<121><BOT><>" got stuck [8] at <-7192.723632 -957.591918 -11813.968749> Eye Position <-7192.723632 -957.591918 -11785.968749> Eye Angles <-56.101684 0.000000 0.000000> Last Known Nav Area ID <195>
L 07/04/2026 - 20:18:05: [navbot_stuck_logger.smx] Bot "[NAV] Bot 4<121><BOT><>" got stuck [9] at <-7192.723632 -957.591918 -11813.968749> Eye Position <-7192.723632 -957.591918 -11785.968749> Eye Angles <-56.101684 0.000000 0.000000> Last Known Nav Area ID <195>
L 07/04/2026 - 20:18:06: [navbot_stuck_logger.smx] Bot "[NAV] Bot 4<121><BOT><>" got stuck [10] at <-7192.723632 -957.591918 -11813.968749> Eye Position <-7192.723632 -957.591918 -11785.968749> Eye Angles <-56.101684 0.000000 0.000000> Last Known Nav Area ID <195>
L 07/04/2026 - 20:18:08: [navbot_stuck_logger.smx] Bot "[NAV] Bot 13<115><BOT><>" got stuck [1] at <-7896.019042 -1379.060302 -11295.968749> Eye Position <-7896.019042 -1379.060302 -11231.968749> Eye Angles <56.642871 19.500732 0.000000> Last Known Nav Area ID <815>
L 07/04/2026 - 20:18:08: [navbot_stuck_logger.smx] Bot "[NAV] Bot 10<122><BOT><>" got stuck [1] at <-6379.895507 -1289.044189 -11295.968749> Eye Position <-6379.895507 -1289.044189 -11231.968749> Eye Angles <-2.955322 173.800857 0.000000> Last Known Nav Area ID <90>
L 07/04/2026 - 20:18:09: [navbot_stuck_logger.smx] Bot "[NAV] Bot 13<115><BOT><>" got stuck [2] at <-7896.019042 -1379.060302 -11295.968749> Eye Position <-7896.019042 -1379.060302 -11267.968749> Eye Angles <22.760814 -15.603454 0.000000> Last Known Nav Area ID <815>
L 07/04/2026 - 20:18:09: [navbot_stuck_logger.smx] Bot "[NAV] Bot 10<122><BOT><>" got stuck [2] at <-6379.996582 -1292.804199 -11295.968749> Eye Position <-6379.996582 -1292.804199 -11231.968749> Eye Angles <-7.684936 -178.604736 0.000000> Last Known Nav Area ID <90>
L 07/04/2026 - 20:18:10: [navbot_stuck_logger.smx] Bot "[NAV] Bot 10<122><BOT><>" got stuck [3] at <-6379.968749 -1300.062133 -11295.968749> Eye Position <-6379.968749 -1300.062133 -11231.968749> Eye Angles <-9.168090 -162.902633 0.000000> Last Known Nav Area ID <90>
L 07/04/2026 - 20:18:11: [navbot_stuck_logger.smx] Bot "[NAV] Bot 10<122><BOT><>" got stuck [4] at <-6381.060058 -1260.926635 -11295.968749> Eye Position <-6381.060058 -1260.926635 -11231.968749> Eye Angles <-8.992309 -171.018676 0.000000> Last Known Nav Area ID <981>
L 07/04/2026 - 20:18:12: [navbot_stuck_logger.smx] Bot "[NAV] Bot 10<122><BOT><>" got stuck [5] at <-6380.233886 -1263.968749 -11295.968749> Eye Position <-6380.233886 -1263.968749 -11231.968749> Eye Angles <73.567092 -79.675720 0.000000> Last Known Nav Area ID <981>
L 07/04/2026 - 20:18:13: [navbot_stuck_logger.smx] Bot "[NAV] Bot 10<122><BOT><>" got stuck [6] at <-6381.060058 -1263.968749 -11295.968749> Eye Position <-6381.060058 -1263.968749 -11231.968749> Eye Angles <-12.343139 -160.312499 0.000000> Last Known Nav Area ID <981>
L 07/04/2026 - 20:18:14: [navbot_stuck_logger.smx] Bot "[NAV] Bot 10<122><BOT><>" got stuck [7] at <-6381.060058 -1263.968749 -11295.968749> Eye Position <-6381.060058 -1263.968749 -11231.968749> Eye Angles <-9.717407 -164.569702 0.000000> Last Known Nav Area ID <981>
L 07/04/2026 - 20:18:15: [navbot_stuck_logger.smx] Bot "[NAV] Bot 10<122><BOT><>" got stuck [8] at <-6381.060058 -1263.968749 -11295.968749> Eye Position <-6381.060058 -1263.968749 -11231.968749> Eye Angles <0.000000 -148.356521 0.000000> Last Known Nav Area ID <981>
L 07/04/2026 - 20:18:16: [navbot_stuck_logger.smx] Bot "[NAV] Bot 10<122><BOT><>" got stuck [9] at <-6381.060058 -1263.968749 -11295.968749> Eye Position <-6381.060058 -1263.968749 -11231.968749> Eye Angles <0.000000 -103.936157 0.000000> Last Known Nav Area ID <981>
L 07/04/2026 - 20:18:17: [navbot_stuck_logger.smx] Bot "[NAV] Bot 13<115><BOT><>" got stuck [1] at <-7896.019042 -1379.060302 -11295.968749> Eye Position <-7896.019042 -1379.060302 -11231.968749> Eye Angles <12.417407 28.737598 0.000000> Last Known Nav Area ID <815>
L 07/04/2026 - 20:18:17: [navbot_stuck_logger.smx] Bot "[NAV] Bot 10<122><BOT><>" got stuck [10] at <-6381.060058 -1263.968749 -11295.968749> Eye Position <-6381.060058 -1263.968749 -11231.968749> Eye Angles <0.000000 -103.936157 0.000000> Last Known Nav Area ID <981>
L 07/04/2026 - 20:18:18: [navbot_stuck_logger.smx] Bot "[NAV] Bot 13<115><BOT><>" got stuck [2] at <-7896.019042 -1379.060302 -11295.968749> Eye Position <-7896.019042 -1379.060302 -11267.968749> Eye Angles <21.115722 140.822753 0.000000> Last Known Nav Area ID <815>
L 07/04/2026 - 20:18:18: [navbot_stuck_logger.smx] Bot "[NAV] Bot 10<122><BOT><>" got stuck [11] at <-6381.060058 -1263.968749 -11295.968749> Eye Position <-6381.060058 -1263.968749 -11231.968749> Eye Angles <56.642871 -160.579025 0.000000> Last Known Nav Area ID <981>
L 07/04/2026 - 20:18:19: [navbot_stuck_logger.smx] Bot "[NAV] Bot 10<122><BOT><>" got stuck [12] at <-6380.967285 -1263.968749 -11295.968749> Eye Position <-6380.967285 -1263.968749 -11231.968749> Eye Angles <15.356030 143.747970 0.000000> Last Known Nav Area ID <981>
L 07/04/2026 - 20:18:21: [navbot_stuck_logger.smx] Bot "[NAV] Bot 10<122><BOT><>" got stuck [13] at <-6379.737792 -1285.601440 -11295.968749> Eye Position <-6379.737792 -1285.601440 -11231.968749> Eye Angles <0.000000 -145.879318 0.000000> Last Known Nav Area ID <90>
L 07/04/2026 - 20:18:22: [navbot_stuck_logger.smx] Bot "[NAV] Bot 10<122><BOT><>" got stuck [14] at <-6379.578613 -1288.704345 -11295.968749> Eye Position <-6379.578613 -1288.704345 -11231.968749> Eye Angles <0.000000 -149.252120 0.000000> Last Known Nav Area ID <90>
L 07/04/2026 - 20:18:23: [navbot_stuck_logger.smx] Bot "[NAV] Bot 10<122><BOT><>" got stuck [15] at <-6379.612792 -1294.271362 -11295.968749> Eye Position <-6379.612792 -1294.271362 -11231.968749> Eye Angles <2.700000 -149.098312 0.000000> Last Known Nav Area ID <90>
L 07/04/2026 - 20:18:24: [navbot_stuck_logger.smx] Bot "[NAV] Bot 10<122><BOT><>" got stuck [16] at <-6379.968749 -1265.832397 -11295.968749> Eye Position <-6379.968749 -1265.832397 -11231.968749> Eye Angles <68.153686 51.965332 0.000000> Last Known Nav Area ID <981>
L 07/04/2026 - 20:18:24: [navbot_stuck_logger.smx] Bot "[NAV] Bot 10<122><BOT><>" got stuck [1] at <-6379.220703 -1271.816162 -11295.968749> Eye Position <-6379.220703 -1271.816162 -11231.968749> Eye Angles <67.939453 52.575073 0.000000> Last Known Nav Area ID <981>
L 07/04/2026 - 20:18:25: [navbot_stuck_logger.smx] Bot "[NAV] Bot 10<122><BOT><>" got stuck [2] at <-6379.991210 -1267.437622 -11295.968749> Eye Position <-6379.991210 -1267.437622 -11231.968749> Eye Angles <72.290039 82.386474 0.000000> Last Known Nav Area ID <981>
L 07/04/2026 - 20:18:26: [navbot_stuck_logger.smx] Bot "[NAV] Bot 10<122><BOT><>" got stuck [3] at <-6381.060058 -1263.968749 -11295.968749> Eye Position <-6381.060058 -1263.968749 -11231.968749> Eye Angles <0.000000 174.147140 0.000000> Last Known Nav Area ID <981>
L 07/04/2026 - 20:18:26: [navbot_stuck_logger.smx] Bot "[NAV] Bot 13<115><BOT><>" got stuck [1] at <-7896.019042 -1379.060302 -11295.968749> Eye Position <-7896.019042 -1379.060302 -11231.968749> Eye Angles <47.735595 114.010620 0.000000> Last Known Nav Area ID <815>
L 07/04/2026 - 20:18:27: [navbot_stuck_logger.smx] Bot "[NAV] Bot 13<115><BOT><>" got stuck [2] at <-7896.001464 -1379.060302 -11295.968749> Eye Position <-7896.001464 -1379.060302 -11267.968749> Eye Angles <37.825927 135.922851 0.000000> Last Known Nav Area ID <815>
L 07/04/2026 - 20:18:34: [navbot_stuck_logger.smx] Bot "[NAV] Bot 13<115><BOT><>" got stuck [1] at <-7896.031249 -1379.060302 -11295.968749> Eye Position <-7896.031249 -1379.060302 -11231.968749> Eye Angles <9.791674 166.972854 0.000000> Last Known Nav Area ID <815>
L 07/04/2026 - 20:18:35: [navbot_stuck_logger.smx] Bot "[NAV] Bot 13<115><BOT><>" got stuck [2] at <-7896.005371 -1379.060302 -11295.968749> Eye Position <-7896.005371 -1379.060302 -11267.968749> Eye Angles <-12.420043 128.979492 0.000000> Last Known Nav Area ID <815>
L 07/04/2026 - 20:20:36: [navbot_stuck_logger.smx] Bot "[NAV] Bot 3<130><BOT><>" got stuck [1] at <-7125.968749 -1360.031249 -11295.968749> Eye Position <-7125.968749 -1360.031249 -11231.968749> Eye Angles <0.000000 106.550903 0.000000> Last Known Nav Area ID <1029>
L 07/04/2026 - 20:20:37: [navbot_stuck_logger.smx] Bot "[NAV] Bot 3<130><BOT><>" got stuck [2] at <-7128.060058 -1379.940917 -11295.968749> Eye Position <-7128.060058 -1379.940917 -11267.968749> Eye Angles <0.000000 141.616622 0.000000> Last Known Nav Area ID <1029>
L 07/04/2026 - 20:21:08: [navbot_stuck_logger.smx] Bot "[NAV] Bot 15<127><BOT><>" got stuck [1] at <-7377.139648 -1514.128906 -11541.031249> Eye Position <-7377.139648 -1514.128906 -11477.031249> Eye Angles <-50.092163 -179.989013 0.000000> Last Known Nav Area ID <1372>
L 07/04/2026 - 20:21:15: [navbot_stuck_logger.smx] Bot "[NAV] Bot 12<129><BOT><>" got stuck [1] at <-6236.043457 -1464.968749 -11372.031249> Eye Position <-6236.043457 -1464.968749 -11308.031249> Eye Angles <-53.673706 -89.989013 0.000000> Last Known Nav Area ID <1559>
L 07/04/2026 - 20:21:15: [navbot_stuck_logger.smx] Bot "[NAV] Bot 17<126><BOT><>" got stuck [1] at <-7377.140624 -1519.798706 -11541.022460> Eye Position <-7377.140624 -1519.798706 -11477.022460> Eye Angles <-50.092163 179.999999 0.000000> Last Known Nav Area ID <1372>
L 07/04/2026 - 20:21:23: [navbot_stuck_logger.smx] Bot "[NAV] Bot 12<129><BOT><>" got stuck [1] at <-6236.052734 -1464.968749 -11372.031249> Eye Position <-6236.052734 -1464.968749 -11308.031249> Eye Angles <-53.673706 -89.989013 0.000000> Last Known Nav Area ID <1559>
L 07/04/2026 - 20:21:24: [navbot_stuck_logger.smx] Bot "[NAV] Bot 12<129><BOT><>" got stuck [2] at <-6238.763671 -1464.968749 -11402.941406> Eye Position <-6238.763671 -1464.968749 -11338.941406> Eye Angles <-15.839416 -127.751876 0.000000> Last Known Nav Area ID <1559>
L 07/04/2026 - 20:21:27: [navbot_stuck_logger.smx] Bot "[NAV] Bot 17<126><BOT><>" got stuck [1] at <-7338.429687 -1500.655029 -11615.968749> Eye Position <-7338.429687 -1500.655029 -11551.968749> Eye Angles <-17.534179 38.402709 0.000000> Last Known Nav Area ID <1372>
L 07/04/2026 - 20:21:37: [navbot_stuck_logger.smx] Bot "[NAV] Bot 12<129><BOT><>" got stuck [1] at <-6269.642578 -1170.805908 -11455.968749> Eye Position <-6269.642578 -1170.805908 -11391.968749> Eye Angles <0.000000 35.744018 0.000000> Last Known Nav Area ID <1378>
L 07/04/2026 - 20:21:38: [navbot_stuck_logger.smx] Bot "[NAV] Bot 12<129><BOT><>" got stuck [2] at <-6269.848632 -1170.506713 -11455.968749> Eye Position <-6269.848632 -1170.506713 -11391.968749> Eye Angles <0.000000 35.386962 0.000000> Last Known Nav Area ID <1378>
L 07/04/2026 - 20:21:39: [navbot_stuck_logger.smx] Bot "[NAV] Bot 12<129><BOT><>" got stuck [3] at <-6269.996093 -1170.297729 -11455.968749> Eye Position <-6269.996093 -1170.297729 -11391.968749> Eye Angles <0.000000 35.134277 0.000000> Last Known Nav Area ID <1378>
L 07/04/2026 - 20:21:40: [navbot_stuck_logger.smx] Bot "[NAV] Bot 12<129><BOT><>" got stuck [4] at <-6322.451171 -1213.770263 -11455.968749> Eye Position <-6322.451171 -1213.770263 -11391.968749> Eye Angles <0.000000 145.659591 0.000000> Last Known Nav Area ID <1462>
L 07/04/2026 - 20:22:19: [navbot_stuck_logger.smx] Bot "[NAV] Bot 1<134><BOT><>" got stuck [1] at <-7896.003417 -1379.060302 -11295.968749> Eye Position <-7896.003417 -1379.060302 -11231.968749> Eye Angles <53.173828 100.250244 0.000000> Last Known Nav Area ID <815>
L 07/04/2026 - 20:22:26: [navbot_stuck_logger.smx] Bot "[NAV] Bot 12<129><BOT><>" got stuck [1] at <-7896.031249 -1379.060302 -11295.968749> Eye Position <-7896.031249 -1379.060302 -11231.968749> Eye Angles <58.249511 105.897216 0.000000> Last Known Nav Area ID <815>
L 07/04/2026 - 20:22:27: [navbot_stuck_logger.smx] Bot "[NAV] Bot 1<134><BOT><>" got stuck [1] at <-7896.031249 -1379.061523 -11295.968749> Eye Position <-7896.031249 -1379.061523 -11231.968749> Eye Angles <63.814086 119.536743 0.000000> Last Known Nav Area ID <815>
L 07/04/2026 - 20:22:36: [navbot_stuck_logger.smx] Bot "[NAV] Bot 1<134><BOT><>" got stuck [1] at <-7896.006347 -1379.061523 -11295.968749> Eye Position <-7896.006347 -1379.061523 -11231.968749> Eye Angles <44.197998 161.152954 0.000000> Last Known Nav Area ID <815>
L 07/04/2026 - 20:22:37: [navbot_stuck_logger.smx] Bot "[NAV] Bot 1<134><BOT><>" got stuck [2] at <-7914.908203 -1379.061523 -11295.968749> Eye Position <-7914.908203 -1379.061523 -11267.968749> Eye Angles <60.430297 156.752929 0.000000> Last Known Nav Area ID <1496>
L 07/04/2026 - 20:22:43: [navbot_stuck_logger.smx] Bot "[NAV] Bot 1<134><BOT><>" got stuck [1] at <-7896.031249 -1379.061523 -11295.968749> Eye Position <-7896.031249 -1379.061523 -11231.968749> Eye Angles <0.000000 -132.448318 0.000000> Last Known Nav Area ID <815>
L 07/04/2026 - 20:22:44: [navbot_stuck_logger.smx] Bot "[NAV] Bot 1<134><BOT><>" got stuck [2] at <-7940.735351 -1379.061523 -11295.968749> Eye Position <-7940.735351 -1379.061523 -11267.968749> Eye Angles <0.000000 -68.219604 0.000000> Last Known Nav Area ID <1497>
L 07/04/2026 - 20:23:32: [navbot_stuck_logger.smx] Bot "[NAV] Bot 2<133><BOT><>" got stuck [1] at <-9069.561523 878.209350 -11817.968749> Eye Position <-9069.561523 878.209350 -11753.968749> Eye Angles <0.000000 81.861984 0.000000> Last Known Nav Area ID <365>
L 07/04/2026 - 20:23:33: [navbot_stuck_logger.smx] Bot "[NAV] Bot 2<133><BOT><>" got stuck [2] at <-9063.456054 890.706420 -11773.115234> Eye Position <-9063.456054 890.706420 -11745.115234> Eye Angles <13.307299 25.150341 0.000000> Last Known Nav Area ID <706>
L 07/04/2026 - 20:23:33: [navbot_stuck_logger.smx] Bot "[NAV] Bot 13<132><BOT><>" got stuck [1] at <-7623.364257 -1479.179199 -11200.025390> Eye Position <-7623.364257 -1479.179199 -11136.025390> Eye Angles <-50.174560 90.000000 0.000000> Last Known Nav Area ID <2137>
L 07/04/2026 - 20:23:34: [navbot_stuck_logger.smx] Bot "[NAV] Bot 11<125><BOT><>" got stuck [1] at <-9066.199218 875.967041 -11817.968749> Eye Position <-9066.199218 875.967041 -11753.968749> Eye Angles <14.386596 -54.918029 0.000000> Last Known Nav Area ID <365>
L 07/04/2026 - 20:23:34: [navbot_stuck_logger.smx] Bot "[NAV] Bot 13<132><BOT><>" got stuck [2] at <-7623.364257 -1479.179199 -11200.025390> Eye Position <-7623.364257 -1479.179199 -11136.025390> Eye Angles <-50.174560 90.000000 0.000000> Last Known Nav Area ID <2137>
L 07/04/2026 - 20:23:40: [navbot_stuck_logger.smx] Bot "[NAV] Bot 2<133><BOT><>" got stuck [1] at <-9066.199218 872.671630 -11817.968749> Eye Position <-9066.199218 872.671630 -11753.968749> Eye Angles <12.843017 -15.054138 0.000000> Last Known Nav Area ID <365>
L 07/04/2026 - 20:23:41: [navbot_stuck_logger.smx] Bot "[NAV] Bot 2<133><BOT><>" got stuck [2] at <-9052.532226 857.412536 -11817.968749> Eye Position <-9052.532226 857.412536 -11789.968749> Eye Angles <-20.107849 -117.397262 0.000000> Last Known Nav Area ID <23>
L 07/04/2026 - 20:23:42: [navbot_stuck_logger.smx] Bot "[NAV] Bot 2<133><BOT><>" got stuck [3] at <-9039.747070 857.412536 -11817.968749> Eye Position <-9039.747070 857.412536 -11789.968749> Eye Angles <0.000000 122.272338 0.000000> Last Known Nav Area ID <23>
L 07/04/2026 - 20:23:47: [navbot_stuck_logger.smx] Bot "[NAV] Bot 11<125><BOT><>" got stuck [1] at <-9066.199218 876.501281 -11817.968749> Eye Position <-9066.199218 876.501281 -11753.968749> Eye Angles <2.793164 95.407913 0.000000> Last Known Nav Area ID <365>
L 07/04/2026 - 20:23:48: [navbot_stuck_logger.smx] Bot "[NAV] Bot 11<125><BOT><>" got stuck [2] at <-9063.456054 902.860412 -11773.115234> Eye Position <-9063.456054 902.860412 -11745.115234> Eye Angles <0.000000 59.172363 0.000000> Last Known Nav Area ID <706>
L 07/04/2026 - 20:23:55: [navbot_stuck_logger.smx] Bot "[NAV] Bot 11<125><BOT><>" got stuck [1] at <-9066.199218 880.232849 -11817.968749> Eye Position <-9066.199218 880.232849 -11753.968749> Eye Angles <28.179931 122.497558 0.000000> Last Known Nav Area ID <365>
L 07/04/2026 - 20:23:56: [navbot_stuck_logger.smx] Bot "[NAV] Bot 11<125><BOT><>" got stuck [2] at <-9063.456054 895.548156 -11773.115234> Eye Position <-9063.456054 895.548156 -11745.115234> Eye Angles <0.000000 -137.502029 0.000000> Last Known Nav Area ID <706>
L 07/04/2026 - 20:23:57: [navbot_stuck_logger.smx] Bot "[NAV] Bot 3<130><BOT><>" got stuck [1] at <-7171.008300 -1121.637084 -11615.968749> Eye Position <-7171.008300 -1121.637084 -11551.968749> Eye Angles <59.430541 -111.859939 0.000000> Last Known Nav Area ID <823>
L 07/04/2026 - 20:24:03: [navbot_stuck_logger.smx] Bot "[NAV] Bot 11<125><BOT><>" got stuck [1] at <-9064.378906 915.225891 -11773.115234> Eye Position <-9064.378906 915.225891 -11709.115234> Eye Angles <0.000000 16.366992 0.000000> Last Known Nav Area ID <706>
L 07/04/2026 - 20:24:04: [navbot_stuck_logger.smx] Bot "[NAV] Bot 11<125><BOT><>" got stuck [2] at <-9037.095703 908.794616 -11736.104492> Eye Position <-9037.095703 908.794616 -11692.795898> Eye Angles <-0.785522 2.010498 0.000000> Last Known Nav Area ID <267>
L 07/04/2026 - 20:24:28: [navbot_stuck_logger.smx] Bot "[NAV] Bot 6<128><BOT><>" got stuck [1] at <-8584.580078 -718.938049 -11817.980468> Eye Position <-8584.580078 -718.938049 -11753.980468> Eye Angles <-4.317626 -123.535766 0.000000> Last Known Nav Area ID <737>
L 07/04/2026 - 20:24:29: [navbot_stuck_logger.smx] Bot "[NAV] Bot 6<128><BOT><>" got stuck [2] at <-8602.144531 -760.610534 -11781.728515> Eye Position <-8602.144531 -760.610534 -11753.728515> Eye Angles <1.488647 -149.521286 0.000000> Last Known Nav Area ID <1822>
L 07/04/2026 - 20:24:32: [navbot_stuck_logger.smx] Bot "[NAV] Bot 1<134><BOT><>" got stuck [1] at <-9066.199218 879.145874 -11817.968749> Eye Position <-9066.199218 879.145874 -11753.968749> Eye Angles <12.293701 -93.861694 0.000000> Last Known Nav Area ID <365>
L 07/04/2026 - 20:24:32: [navbot_stuck_logger.smx] Bot "[NAV] Bot 2<133><BOT><>" got stuck [1] at <-8838.821289 -777.287048 -11817.968749> Eye Position <-8838.821289 -777.287048 -11753.968749> Eye Angles <36.622924 -164.135742 0.000000> Last Known Nav Area ID <724>
L 07/04/2026 - 20:24:33: [navbot_stuck_logger.smx] Bot "[NAV] Bot 1<134><BOT><>" got stuck [2] at <-9063.453124 894.064453 -11773.115234> Eye Position <-9063.453124 894.064453 -11745.115234> Eye Angles <0.000000 -57.128906 0.000000> Last Known Nav Area ID <706>
L 07/04/2026 - 20:24:33: [navbot_stuck_logger.smx] Bot "[NAV] Bot 2<133><BOT><>" got stuck [2] at <-8847.083007 -789.966918 -11787.660156> Eye Position <-8847.083007 -789.966918 -11759.660156> Eye Angles <0.115356 -139.726760 0.000000> Last Known Nav Area ID <724>
L 07/04/2026 - 20:24:40: [navbot_stuck_logger.smx] Bot "[NAV] Bot 1<134><BOT><>" got stuck [1] at <-9063.456054 915.408813 -11773.115234> Eye Position <-9063.456054 915.408813 -11709.115234> Eye Angles <0.000000 -17.520568 0.000000> Last Known Nav Area ID <706>
L 07/04/2026 - 20:24:40: [navbot_stuck_logger.smx] Bot "[NAV] Bot 2<133><BOT><>" got stuck [1] at <-8848.728515 -781.109863 -11817.968749> Eye Position <-8848.728515 -781.109863 -11753.968749> Eye Angles <0.000000 -45.203247 0.000000> Last Known Nav Area ID <725>
L 07/04/2026 - 20:24:47: [navbot_stuck_logger.smx] Bot "[NAV] Bot 2<133><BOT><>" got stuck [1] at <-8843.192382 -778.973571 -11817.968749> Eye Position <-8843.192382 -778.973571 -11753.968749> Eye Angles <0.000000 -69.024230 0.000000> Last Known Nav Area ID <724>
L 07/04/2026 - 20:24:48: [navbot_stuck_logger.smx] Bot "[NAV] Bot 2<133><BOT><>" got stuck [2] at <-8829.120117 -802.864685 -11792.413085> Eye Position <-8829.120117 -802.864685 -11764.413085> Eye Angles <0.000000 -52.728881 0.000000> Last Known Nav Area ID <1278>
L 07/04/2026 - 20:24:53: [navbot_stuck_logger.smx] Bot "[NAV] Bot 1<134><BOT><>" got stuck [1] at <-8904.031249 163.871612 -11685.671874> Eye Position <-8904.031249 163.871612 -11621.671874> Eye Angles <60.397338 108.591720 0.000000> Last Known Nav Area ID <1790>
L 07/04/2026 - 20:24:54: [navbot_stuck_logger.smx] Bot "[NAV] Bot 1<134><BOT><>" got stuck [2] at <-8844.863281 162.101867 -11698.535156> Eye Position <-8844.863281 162.101867 -11670.535156> Eye Angles <25.485424 -178.266799 0.000000> Last Known Nav Area ID <1693>
L 07/04/2026 - 20:25:00: [navbot_stuck_logger.smx] Bot "[NAV] Bot 15<127><BOT><>" got stuck [1] at <-8904.031249 154.287689 -11685.671874> Eye Position <-8904.031249 154.287689 -11621.671874> Eye Angles <0.000000 -2.373046 0.000000> Last Known Nav Area ID <1790>
L 07/04/2026 - 20:25:01: [navbot_stuck_logger.smx] Bot "[NAV] Bot 15<127><BOT><>" got stuck [2] at <-8847.541992 147.061401 -11697.195312> Eye Position <-8847.541992 147.061401 -11669.195312> Eye Angles <-21.362915 -165.690307 0.000000> Last Known Nav Area ID <1693>
L 07/04/2026 - 20:25:24: [navbot_stuck_logger.smx] Bot "[NAV] Bot 2<133><BOT><>" got stuck [1] at <-8804.466796 -839.946960 -11817.968749> Eye Position <-8804.466796 -839.946960 -11753.968749> Eye Angles <0.000000 -20.964538 0.000000> Last Known Nav Area ID <727>
L 07/04/2026 - 20:25:53: [navbot_stuck_logger.smx] Bot "[NAV] Bot 12<129><BOT><>" got stuck [1] at <-8804.465820 -839.944580 -11817.968749> Eye Position <-8804.465820 -839.944580 -11753.968749> Eye Angles <0.000000 71.183059 0.000000> Last Known Nav Area ID <727>
L 07/04/2026 - 20:25:54: [navbot_stuck_logger.smx] Bot "[NAV] Bot 3<130><BOT><>" got stuck [1] at <-7896.031249 -1379.060302 -11295.968749> Eye Position <-7896.031249 -1379.060302 -11231.968749> Eye Angles <0.000000 -24.581909 0.000000> Last Known Nav Area ID <815>
L 07/04/2026 - 20:25:55: [navbot_stuck_logger.smx] Bot "[NAV] Bot 3<130><BOT><>" got stuck [2] at <-7919.941894 -1379.060302 -11295.968749> Eye Position <-7919.941894 -1379.060302 -11267.968749> Eye Angles <6.731762 -5.534240 0.000000> Last Known Nav Area ID <1496>
L 07/04/2026 - 20:25:56: [navbot_stuck_logger.smx] Bot "[NAV] Bot 2<133><BOT><>" got stuck [1] at <-7419.673828 -639.983642 -11948.510742> Eye Position <-7419.673828 -639.983642 -11884.510742> Eye Angles <-14.746276 -35.065734 0.000000> Last Known Nav Area ID <1875>
L 07/04/2026 - 20:25:57: [navbot_stuck_logger.smx] Bot "[NAV] Bot 2<133><BOT><>" got stuck [2] at <-7364.499023 -690.056945 -11951.407226> Eye Position <-7364.499023 -690.056945 -11923.407226> Eye Angles <0.933837 111.368408 0.000000> Last Known Nav Area ID <1715>
L 07/04/2026 - 20:26:02: [navbot_stuck_logger.smx] Bot "[NAV] Bot 3<130><BOT><>" got stuck [1] at <-7896.031249 -1379.060302 -11295.968749> Eye Position <-7896.031249 -1379.060302 -11231.968749> Eye Angles <0.000000 -24.581909 0.000000> Last Known Nav Area ID <815>
L 07/04/2026 - 20:26:02: [navbot_stuck_logger.smx] Bot "[NAV] Bot 12<129><BOT><>" got stuck [1] at <-8820.955078 -769.415405 -11817.968749> Eye Position <-8820.955078 -769.415405 -11753.968749> Eye Angles <0.000000 -53.550231 0.000000> Last Known Nav Area ID <723>
L 07/04/2026 - 20:26:03: [navbot_stuck_logger.smx] Bot "[NAV] Bot 3<130><BOT><>" got stuck [2] at <-7903.465332 -1379.060302 -11295.968749> Eye Position <-7903.465332 -1379.060302 -11267.968749> Eye Angles <0.000000 -59.647644 0.000000> Last Known Nav Area ID <1496>
L 07/04/2026 - 20:26:09: [navbot_stuck_logger.smx] Bot "[NAV] Bot 12<129><BOT><>" got stuck [1] at <-8856.608398 -784.151306 -11817.968749> Eye Position <-8856.608398 -784.151306 -11753.968749> Eye Angles <35.065723 37.279247 0.000000> Last Known Nav Area ID <725>
L 07/04/2026 - 20:26:10: [navbot_stuck_logger.smx] Bot "[NAV] Bot 3<130><BOT><>" got stuck [1] at <-7896.031249 -1379.060302 -11295.968749> Eye Position <-7896.031249 -1379.060302 -11231.968749> Eye Angles <0.000000 -24.581909 0.000000> Last Known Nav Area ID <815>
L 07/04/2026 - 20:26:10: [navbot_stuck_logger.smx] Bot "[NAV] Bot 12<129><BOT><>" got stuck [2] at <-8809.615234 -822.369079 -11792.413085> Eye Position <-8809.615234 -822.369079 -11764.413085> Eye Angles <22.582397 -151.597702 0.000000> Last Known Nav Area ID <728>
L 07/04/2026 - 20:26:11: [navbot_stuck_logger.smx] Bot "[NAV] Bot 3<130><BOT><>" got stuck [2] at <-7917.761230 -1379.060302 -11295.968749> Eye Position <-7917.761230 -1379.060302 -11267.968749> Eye Angles <10.412182 -40.652038 0.000000> Last Known Nav Area ID <1496>
L 07/04/2026 - 20:26:12: [navbot_stuck_logger.smx] Bot "[NAV] Bot 15<127><BOT><>" got stuck [1] at <-7419.673828 -641.273742 -11948.510742> Eye Position <-7419.673828 -641.273742 -11884.510742> Eye Angles <-14.746276 -35.065734 0.000000> Last Known Nav Area ID <1875>
L 07/04/2026 - 20:26:13: [navbot_stuck_logger.smx] Bot "[NAV] Bot 15<127><BOT><>" got stuck [2] at <-7365.615234 -689.357421 -11951.267578> Eye Position <-7365.615234 -689.357421 -11923.267578> Eye Angles <0.955810 109.923706 0.000000> Last Known Nav Area ID <1715>
L 07/04/2026 - 20:26:17: [navbot_stuck_logger.smx] Bot "[NAV] Bot 3<130><BOT><>" got stuck [1] at <-7896.015624 -1379.060302 -11295.968749> Eye Position <-7896.015624 -1379.060302 -11231.968749> Eye Angles <0.000000 -24.592895 0.000000> Last Known Nav Area ID <815>
L 07/04/2026 - 20:26:18: [navbot_stuck_logger.smx] Bot "[NAV] Bot 3<130><BOT><>" got stuck [2] at <-7903.475097 -1379.060302 -11295.968749> Eye Position <-7903.475097 -1379.060302 -11267.968749> Eye Angles <0.000000 -59.658630 0.000000> Last Known Nav Area ID <1496>
L 07/04/2026 - 20:26:25: [navbot_stuck_logger.smx] Bot "[NAV] Bot 3<130><BOT><>" got stuck [1] at <-7896.031249 -1379.060302 -11295.968749> Eye Position <-7896.031249 -1379.060302 -11231.968749> Eye Angles <0.000000 -24.581909 0.000000> Last Known Nav Area ID <815>
L 07/04/2026 - 20:26:26: [navbot_stuck_logger.smx] Bot "[NAV] Bot 3<130><BOT><>" got stuck [2] at <-7903.465332 -1379.060302 -11295.968749> Eye Position <-7903.465332 -1379.060302 -11267.968749> Eye Angles <-5.108642 -59.647644 0.000000> Last Known Nav Area ID <1496>
L 07/04/2026 - 20:26:33: [navbot_stuck_logger.smx] Bot "[NAV] Bot 3<130><BOT><>" got stuck [1] at <-7896.031249 -1379.060302 -11295.968749> Eye Position <-7896.031249 -1379.060302 -11231.968749> Eye Angles <0.000000 -24.581909 0.000000> Last Known Nav Area ID <815>
L 07/04/2026 - 20:26:34: [navbot_stuck_logger.smx] Bot "[NAV] Bot 3<130><BOT><>" got stuck [2] at <-7903.465332 -1379.060302 -11295.968749> Eye Position <-7903.465332 -1379.060302 -11267.968749> Eye Angles <0.000000 -59.647644 0.000000> Last Known Nav Area ID <1496>
L 07/04/2026 - 20:27:29: [navbot_stuck_logger.smx] Bot "[NAV] Bot 15<148><BOT><>" got stuck [1] at <-7125.990722 -1360.031249 -11295.968749> Eye Position <-7125.990722 -1360.031249 -11231.968749> Eye Angles <0.000000 106.534423 0.000000> Last Known Nav Area ID <1029>
L 07/04/2026 - 20:28:02: [navbot_stuck_logger.smx] Bot "[NAV] Bot 17<147><BOT><>" got stuck [1] at <-7125.970214 -1360.031249 -11295.968749> Eye Position <-7125.970214 -1360.031249 -11231.968749> Eye Angles <29.069824 -163.026123 0.000000> Last Known Nav Area ID <1029>
L 07/04/2026 - 20:28:03: [navbot_stuck_logger.smx] Bot "[NAV] Bot 17<147><BOT><>" got stuck [2] at <-7125.980957 -1360.013671 -11295.968749> Eye Position <-7125.980957 -1360.013671 -11267.968749> Eye Angles <2.161450 161.897171 0.000000> Last Known Nav Area ID <1029>
L 07/04/2026 - 20:28:11: [navbot_stuck_logger.smx] Bot "[NAV] Bot 17<147><BOT><>" got stuck [1] at <-7128.060058 -1364.031249 -11295.968749> Eye Position <-7128.060058 -1364.031249 -11231.968749> Eye Angles <68.664550 0.719604 0.000000> Last Known Nav Area ID <1029>
L 07/04/2026 - 20:28:12: [navbot_stuck_logger.smx] Bot "[NAV] Bot 17<147><BOT><>" got stuck [2] at <-7128.075683 -1364.005126 -11295.968749> Eye Position <-7128.075683 -1364.005126 -11267.968749> Eye Angles <57.019042 34.321289 0.000000> Last Known Nav Area ID <1029>
L 07/04/2026 - 20:28:18: [navbot_stuck_logger.smx] Bot "[NAV] Bot 17<147><BOT><>" got stuck [1] at <-7128.060058 -1364.005126 -11295.968749> Eye Position <-7128.060058 -1364.005126 -11231.968749> Eye Angles <20.011596 76.783447 0.000000> Last Known Nav Area ID <1029>
L 07/04/2026 - 20:28:19: [navbot_stuck_logger.smx] Bot "[NAV] Bot 17<147><BOT><>" got stuck [2] at <-7128.060058 -1364.005126 -11295.968749> Eye Position <-7128.060058 -1364.005126 -11267.968749> Eye Angles <-11.217041 52.536621 0.000000> Last Known Nav Area ID <1029>
L 07/04/2026 - 20:28:20: [navbot_stuck_logger.smx] Bot "[NAV] Bot 17<147><BOT><>" got stuck [3] at <-7128.060058 -1376.364746 -11295.968749> Eye Position <-7128.060058 -1376.364746 -11231.968749> Eye Angles <37.150268 77.349243 0.000000> Last Known Nav Area ID <1029>
L 07/04/2026 - 20:28:21: [navbot_stuck_logger.smx] Bot "[NAV] Bot 17<147><BOT><>" got stuck [4] at <-7128.060058 -1379.965820 -11295.968749> Eye Position <-7128.060058 -1379.965820 -11267.968749> Eye Angles <-13.628540 75.805664 0.000000> Last Known Nav Area ID <1029>
L 07/04/2026 - 20:28:56: [navbot_stuck_logger.smx] Bot "[NAV] Bot 15<148><BOT><>" got stuck [1] at <-7212.603027 -1175.897216 -11455.968749> Eye Position <-7212.603027 -1175.897216 -11391.968749> Eye Angles <31.997680 -32.585449 0.000000> Last Known Nav Area ID <1323>
L 07/04/2026 - 20:28:57: [navbot_stuck_logger.smx] Bot "[NAV] Bot 15<148><BOT><>" got stuck [2] at <-7226.202148 -1166.269165 -11455.968749> Eye Position <-7226.202148 -1166.269165 -11427.968749> Eye Angles <28.179931 -19.061279 0.000000> Last Known Nav Area ID <1323>
L 07/04/2026 - 20:29:35: [navbot_stuck_logger.smx] Bot "[NAV] Bot 15<148><BOT><>" got stuck [1] at <-6879.382324 -1088.000976 -11615.968749> Eye Position <-6879.382324 -1088.000976 -11551.968749> Eye Angles <59.276733 90.016479 0.000000> Last Known Nav Area ID <1515>
L 07/04/2026 - 20:29:36: [navbot_stuck_logger.smx] Bot "[NAV] Bot 15<148><BOT><>" got stuck [2] at <-6879.396972 -1088.000976 -11615.968749> Eye Position <-6879.396972 -1088.000976 -11551.968749> Eye Angles <59.276733 89.994506 0.000000> Last Known Nav Area ID <1515>
L 07/04/2026 - 20:29:37: [navbot_stuck_logger.smx] Bot "[NAV] Bot 15<148><BOT><>" got stuck [3] at <-6879.390136 -1088.000976 -11615.968749> Eye Position <-6879.390136 -1088.000976 -11551.968749> Eye Angles <59.276733 90.005493 0.000000> Last Known Nav Area ID <1515>
L 07/04/2026 - 20:30:19: [navbot_stuck_logger.smx] Bot "[NAV] Bot 9<161><BOT><>" got stuck [1] at <-7896.031249 -1379.060302 -11295.968749> Eye Position <-7896.031249 -1379.060302 -11231.968749> Eye Angles <0.000000 -23.719482 0.000000> Last Known Nav Area ID <815>
L 07/04/2026 - 20:30:20: [navbot_stuck_logger.smx] Bot "[NAV] Bot 9<161><BOT><>" got stuck [2] at <-7896.031249 -1379.060302 -11295.968749> Eye Position <-7896.031249 -1379.060302 -11267.968749> Eye Angles <0.000000 -36.458129 0.000000> Last Known Nav Area ID <815>
L 07/04/2026 - 20:30:22: [navbot_stuck_logger.smx] Bot "[NAV] Bot 1<155><BOT><>" got stuck [1] at <-7896.031249 -1379.060302 -11295.968749> Eye Position <-7896.031249 -1379.060302 -11231.968749> Eye Angles <0.000000 -23.719482 0.000000> Last Known Nav Area ID <815>
L 07/04/2026 - 20:30:23: [navbot_stuck_logger.smx] Bot "[NAV] Bot 1<155><BOT><>" got stuck [2] at <-7896.031249 -1379.060302 -11295.968749> Eye Position <-7896.031249 -1379.060302 -11267.968749> Eye Angles <0.000000 -23.719482 0.000000> Last Known Nav Area ID <815>
L 07/04/2026 - 20:30:28: [navbot_stuck_logger.smx] Bot "[NAV] Bot 9<161><BOT><>" got stuck [1] at <-7896.031249 -1379.060302 -11295.968749> Eye Position <-7896.031249 -1379.060302 -11231.968749> Eye Angles <0.000000 -23.719482 0.000000> Last Known Nav Area ID <815>
L 07/04/2026 - 20:30:29: [navbot_stuck_logger.smx] Bot "[NAV] Bot 9<161><BOT><>" got stuck [2] at <-7896.012695 -1379.060302 -11295.968749> Eye Position <-7896.012695 -1379.060302 -11267.968749> Eye Angles <67.324218 20.264282 0.000000> Last Known Nav Area ID <815>
L 07/04/2026 - 20:30:31: [navbot_stuck_logger.smx] Bot "[NAV] Bot 1<155><BOT><>" got stuck [1] at <-7896.031249 -1379.060302 -11295.968749> Eye Position <-7896.031249 -1379.060302 -11231.968749> Eye Angles <87.385253 -11.722412 0.000000> Last Known Nav Area ID <815>
L 07/04/2026 - 20:30:32: [navbot_stuck_logger.smx] Bot "[NAV] Bot 1<155><BOT><>" got stuck [2] at <-7896.010742 -1379.060302 -11295.968749> Eye Position <-7896.010742 -1379.060302 -11267.968749> Eye Angles <82.045898 2.691650 0.000000> Last Known Nav Area ID <815>
L 07/04/2026 - 20:30:37: [navbot_stuck_logger.smx] Bot "[NAV] Bot 9<161><BOT><>" got stuck [1] at <-7896.012695 -1379.060302 -11295.968749> Eye Position <-7896.012695 -1379.060302 -11231.968749> Eye Angles <0.000000 -23.719482 0.000000> Last Known Nav Area ID <815>
L 07/04/2026 - 20:30:38: [navbot_stuck_logger.smx] Bot "[NAV] Bot 9<161><BOT><>" got stuck [2] at <-7896.012695 -1379.060302 -11295.968749> Eye Position <-7896.012695 -1379.060302 -11267.968749> Eye Angles <0.000000 -23.719482 0.000000> Last Known Nav Area ID <815>
L 07/04/2026 - 20:30:40: [navbot_stuck_logger.smx] Bot "[NAV] Bot 1<155><BOT><>" got stuck [1] at <-7896.010742 -1379.060302 -11295.968749> Eye Position <-7896.010742 -1379.060302 -11231.968749> Eye Angles <0.000000 -23.719482 0.000000> Last Known Nav Area ID <815>
L 07/04/2026 - 20:30:41: [navbot_stuck_logger.smx] Bot "[NAV] Bot 1<155><BOT><>" got stuck [2] at <-7896.121093 -1379.060302 -11295.968749> Eye Position <-7896.121093 -1379.060302 -11267.968749> Eye Angles <0.000000 -58.785217 0.000000> Last Known Nav Area ID <815>
L 07/04/2026 - 20:30:45: [navbot_stuck_logger.smx] Bot "[NAV] Bot 9<161><BOT><>" got stuck [1] at <-7896.031249 -1379.060302 -11295.968749> Eye Position <-7896.031249 -1379.060302 -11231.968749> Eye Angles <0.000000 -23.801879 0.000000> Last Known Nav Area ID <815>
L 07/04/2026 - 20:30:46: [navbot_stuck_logger.smx] Bot "[NAV] Bot 9<161><BOT><>" got stuck [2] at <-7896.031249 -1379.060302 -11295.968749> Eye Position <-7896.031249 -1379.060302 -11267.968749> Eye Angles <0.000000 -24.461059 0.000000> Last Known Nav Area ID <815>
L 07/04/2026 - 20:30:48: [navbot_stuck_logger.smx] Bot "[NAV] Bot 1<155><BOT><>" got stuck [1] at <-7896.031249 -1379.060302 -11295.968749> Eye Position <-7896.031249 -1379.060302 -11231.968749> Eye Angles <0.000000 -23.796386 0.000000> Last Known Nav Area ID <815>
L 07/04/2026 - 20:30:49: [navbot_stuck_logger.smx] Bot "[NAV] Bot 1<155><BOT><>" got stuck [2] at <-7896.031249 -1379.060302 -11295.968749> Eye Position <-7896.031249 -1379.060302 -11267.968749> Eye Angles <0.000000 -36.458129 0.000000> Last Known Nav Area ID <815>
L 07/04/2026 - 20:30:54: [navbot_stuck_logger.smx] Bot "[NAV] Bot 9<161><BOT><>" got stuck [1] at <-7896.004882 -1379.060302 -11295.968749> Eye Position <-7896.004882 -1379.060302 -11231.968749> Eye Angles <0.000000 -23.713989 0.000000> Last Known Nav Area ID <815>
L 07/04/2026 - 20:30:55: [navbot_stuck_logger.smx] Bot "[NAV] Bot 9<161><BOT><>" got stuck [2] at <-7896.004882 -1379.060302 -11295.968749> Eye Position <-7896.004882 -1379.060302 -11267.968749> Eye Angles <-12.249755 -14.139404 0.000000> Last Known Nav Area ID <815>
L 07/04/2026 - 20:30:57: [navbot_stuck_logger.smx] Bot "[NAV] Bot 5<156><BOT><>" got stuck [1] at <-6881.214843 -1016.867858 -11922.224609> Eye Position <-6881.214843 -1016.867858 -11858.224609> Eye Angles <11.455883 -23.771789 0.000000> Last Known Nav Area ID <1481>
L 07/04/2026 - 20:30:57: [navbot_stuck_logger.smx] Bot "[NAV] Bot 1<155><BOT><>" got stuck [1] at <-7896.031249 -1379.060302 -11295.968749> Eye Position <-7896.031249 -1379.060302 -11231.968749> Eye Angles <0.000000 -64.157287 0.000000> Last Known Nav Area ID <815>
L 07/04/2026 - 20:30:58: [navbot_stuck_logger.smx] Bot "[NAV] Bot 1<155><BOT><>" got stuck [2] at <-7896.003417 -1379.060424 -11295.968749> Eye Position <-7896.003417 -1379.060424 -11267.968749> Eye Angles <0.000000 -36.463623 0.000000> Last Known Nav Area ID <815>
L 07/04/2026 - 20:31:03: [navbot_stuck_logger.smx] Bot "[NAV] Bot 9<161><BOT><>" got stuck [1] at <-7896.031249 -1379.063354 -11295.968749> Eye Position <-7896.031249 -1379.063354 -11231.968749> Eye Angles <0.000000 -23.703002 0.000000> Last Known Nav Area ID <815>
L 07/04/2026 - 20:31:04: [navbot_stuck_logger.smx] Bot "[NAV] Bot 9<161><BOT><>" got stuck [2] at <-7896.031249 -1379.063354 -11295.968749> Eye Position <-7896.031249 -1379.063354 -11267.968749> Eye Angles <0.000000 -36.452636 0.000000> Last Known Nav Area ID <815>
L 07/04/2026 - 20:31:06: [navbot_stuck_logger.smx] Bot "[NAV] Bot 1<155><BOT><>" got stuck [1] at <-7896.003417 -1379.063354 -11295.968749> Eye Position <-7896.003417 -1379.063354 -11231.968749> Eye Angles <0.000000 -23.697509 0.000000> Last Known Nav Area ID <815>
L 07/04/2026 - 20:31:07: [navbot_stuck_logger.smx] Bot "[NAV] Bot 1<155><BOT><>" got stuck [2] at <-7896.003417 -1379.063354 -11295.968749> Eye Position <-7896.003417 -1379.063354 -11267.968749> Eye Angles <0.000000 -36.463623 0.000000> Last Known Nav Area ID <815>
L 07/04/2026 - 20:31:12: [navbot_stuck_logger.smx] Bot "[NAV] Bot 9<161><BOT><>" got stuck [1] at <-7896.031249 -1379.063354 -11295.968749> Eye Position <-7896.031249 -1379.063354 -11231.968749> Eye Angles <0.000000 -23.703002 0.000000> Last Known Nav Area ID <815>
L 07/04/2026 - 20:31:13: [navbot_stuck_logger.smx] Bot "[NAV] Bot 9<161><BOT><>" got stuck [2] at <-7896.031249 -1379.063354 -11295.968749> Eye Position <-7896.031249 -1379.063354 -11267.968749> Eye Angles <0.000000 -36.452636 0.000000> Last Known Nav Area ID <815>
L 07/04/2026 - 20:31:14: [navbot_stuck_logger.smx] Bot "[NAV] Bot 1<155><BOT><>" got stuck [1] at <-7896.003417 -1379.063354 -11295.968749> Eye Position <-7896.003417 -1379.063354 -11231.968749> Eye Angles <0.000000 -23.697509 0.000000> Last Known Nav Area ID <815>
L 07/04/2026 - 20:31:15: [navbot_stuck_logger.smx] Bot "[NAV] Bot 1<155><BOT><>" got stuck [2] at <-7896.003417 -1379.063354 -11295.968749> Eye Position <-7896.003417 -1379.063354 -11267.968749> Eye Angles <0.000000 -36.463623 0.000000> Last Known Nav Area ID <815>
L 07/04/2026 - 20:31:42: [navbot_stuck_logger.smx] Bot "[NAV] Bot 8<166><BOT><>" got stuck [1] at <-8804.465820 -839.945678 -11817.968749> Eye Position <-8804.465820 -839.945678 -11753.968749> Eye Angles <0.000000 62.314453 0.000000> Last Known Nav Area ID <727>
L 07/04/2026 - 20:31:43: [navbot_stuck_logger.smx] Bot "[NAV] Bot 8<166><BOT><>" got stuck [2] at <-8829.333984 -801.046081 -11792.413085> Eye Position <-8829.333984 -801.046081 -11764.413085> Eye Angles <6.520385 -70.164184 0.000000> Last Known Nav Area ID <1278>
L 07/04/2026 - 20:32:42: [navbot_stuck_logger.smx] Bot "[NAV] Bot 7<167><BOT><>" got stuck [1] at <-7178.459960 -1364.840332 -11615.968749> Eye Position <-7178.459960 -1364.840332 -11551.968749> Eye Angles <-7.119140 72.949218 0.000000> Last Known Nav Area ID <1044>
L 07/04/2026 - 20:32:42: [navbot_stuck_logger.smx] Bot "[NAV] Bot 8<166><BOT><>" got stuck [1] at <-8266.894531 -904.612976 -11813.968749> Eye Position <-8266.894531 -904.612976 -11785.968749> Eye Angles <-42.791748 89.978027 0.000000> Last Known Nav Area ID <1528>
L 07/04/2026 - 20:32:43: [navbot_stuck_logger.smx] Bot "[NAV] Bot 7<167><BOT><>" got stuck [2] at <-7164.031249 -1350.957885 -11615.968749> Eye Position <-7164.031249 -1350.957885 -11587.968749> Eye Angles <-58.244018 46.389770 0.000000> Last Known Nav Area ID <1044>
L 07/04/2026 - 20:32:43: [navbot_stuck_logger.smx] Bot "[NAV] Bot 8<166><BOT><>" got stuck [2] at <-8266.883789 -904.612976 -11813.968749> Eye Position <-8266.883789 -904.612976 -11785.968749> Eye Angles <-42.791748 90.021972 0.000000> Last Known Nav Area ID <1528>
L 07/04/2026 - 20:32:44: [navbot_stuck_logger.smx] Bot "[NAV] Bot 8<166><BOT><>" got stuck [3] at <-8266.894531 -904.612976 -11813.968749> Eye Position <-8266.894531 -904.612976 -11785.968749> Eye Angles <-42.791748 89.978027 0.000000> Last Known Nav Area ID <1528>
L 07/04/2026 - 20:32:45: [navbot_stuck_logger.smx] Bot "[NAV] Bot 8<166><BOT><>" got stuck [4] at <-8266.883789 -904.612976 -11813.968749> Eye Position <-8266.883789 -904.612976 -11785.968749> Eye Angles <-42.791748 90.021972 0.000000> Last Known Nav Area ID <1528>
L 07/04/2026 - 20:32:46: [navbot_stuck_logger.smx] Bot "[NAV] Bot 8<166><BOT><>" got stuck [5] at <-8266.894531 -904.612976 -11813.968749> Eye Position <-8266.894531 -904.612976 -11785.968749> Eye Angles <-42.791748 89.978027 0.000000> Last Known Nav Area ID <1528>
L 07/04/2026 - 20:32:47: [navbot_stuck_logger.smx] Bot "[NAV] Bot 8<166><BOT><>" got stuck [6] at <-8266.883789 -904.612976 -11813.968749> Eye Position <-8266.883789 -904.612976 -11785.968749> Eye Angles <-42.791748 90.021972 0.000000> Last Known Nav Area ID <1528>
L 07/04/2026 - 20:32:48: [navbot_stuck_logger.smx] Bot "[NAV] Bot 8<166><BOT><>" got stuck [7] at <-8266.894531 -904.612976 -11813.968749> Eye Position <-8266.894531 -904.612976 -11785.968749> Eye Angles <-42.791748 89.978027 0.000000> Last Known Nav Area ID <1528>
L 07/04/2026 - 20:32:49: [navbot_stuck_logger.smx] Bot "[NAV] Bot 8<166><BOT><>" got stuck [8] at <-8266.883789 -904.612976 -11813.968749> Eye Position <-8266.883789 -904.612976 -11785.968749> Eye Angles <-42.791748 90.021972 0.000000> Last Known Nav Area ID <1528>
L 07/04/2026 - 20:32:50: [navbot_stuck_logger.smx] Bot "[NAV] Bot 8<166><BOT><>" got stuck [9] at <-8266.894531 -904.612976 -11813.968749> Eye Position <-8266.894531 -904.612976 -11785.968749> Eye Angles <-42.791748 89.978027 0.000000> Last Known Nav Area ID <1528>
L 07/04/2026 - 20:32:51: [navbot_stuck_logger.smx] Bot "[NAV] Bot 8<166><BOT><>" got stuck [10] at <-8266.883789 -904.612976 -11813.968749> Eye Position <-8266.883789 -904.612976 -11785.968749> Eye Angles <-42.791748 90.021972 0.000000> Last Known Nav Area ID <1528>
L 07/04/2026 - 20:32:52: [navbot_stuck_logger.smx] Bot "[NAV] Bot 8<166><BOT><>" got stuck [11] at <-8266.894531 -904.612976 -11813.968749> Eye Position <-8266.894531 -904.612976 -11785.968749> Eye Angles <-42.791748 89.978027 0.000000> Last Known Nav Area ID <1528>
L 07/04/2026 - 20:32:54: [navbot_stuck_logger.smx] Bot "[NAV] Bot 8<166><BOT><>" got stuck [12] at <-8266.883789 -904.612976 -11813.968749> Eye Position <-8266.883789 -904.612976 -11785.968749> Eye Angles <-42.791748 90.021972 0.000000> Last Known Nav Area ID <1528>
L 07/04/2026 - 20:32:55: [navbot_stuck_logger.smx] Bot "[NAV] Bot 8<166><BOT><>" got stuck [13] at <-8266.894531 -904.612976 -11813.968749> Eye Position <-8266.894531 -904.612976 -11785.968749> Eye Angles <-42.791748 89.978027 0.000000> Last Known Nav Area ID <1528>
L 07/04/2026 - 20:32:56: [navbot_stuck_logger.smx] Bot "[NAV] Bot 8<166><BOT><>" got stuck [14] at <-8266.883789 -904.612976 -11813.968749> Eye Position <-8266.883789 -904.612976 -11785.968749> Eye Angles <-42.791748 90.021972 0.000000> Last Known Nav Area ID <1528>
L 07/04/2026 - 20:32:57: [navbot_stuck_logger.smx] Bot "[NAV] Bot 8<166><BOT><>" got stuck [15] at <-8266.382812 -904.612976 -11813.968749> Eye Position <-8266.382812 -904.612976 -11785.968749> Eye Angles <-42.802734 49.391895 0.000000> Last Known Nav Area ID <1528>
L 07/04/2026 - 20:32:58: [navbot_stuck_logger.smx] Bot "[NAV] Bot 8<166><BOT><>" got stuck [16] at <-8267.254882 -904.612976 -11813.968749> Eye Position <-8267.254882 -904.612976 -11785.968749> Eye Angles <-42.780761 89.983520 0.000000> Last Known Nav Area ID <1528>
L 07/04/2026 - 20:32:58: [navbot_stuck_logger.smx] Bot "[NAV] Bot 8<166><BOT><>" got stuck [1] at <-8267.254882 -904.612976 -11813.968749> Eye Position <-8267.254882 -904.612976 -11785.968749> Eye Angles <-42.780761 89.983520 0.000000> Last Known Nav Area ID <1528>
L 07/04/2026 - 20:32:59: [navbot_stuck_logger.smx] Bot "[NAV] Bot 8<166><BOT><>" got stuck [2] at <-8267.248046 -904.612976 -11813.968749> Eye Position <-8267.248046 -904.612976 -11785.968749> Eye Angles <-42.780761 90.016479 0.000000> Last Known Nav Area ID <1528>
L 07/04/2026 - 20:33:00: [navbot_stuck_logger.smx] Bot "[NAV] Bot 8<166><BOT><>" got stuck [3] at <-8267.254882 -904.612976 -11813.968749> Eye Position <-8267.254882 -904.612976 -11785.968749> Eye Angles <-42.780761 89.983520 0.000000> Last Known Nav Area ID <1528>
L 07/04/2026 - 20:33:01: [navbot_stuck_logger.smx] Bot "[NAV] Bot 8<166><BOT><>" got stuck [4] at <-8267.248046 -904.612976 -11813.968749> Eye Position <-8267.248046 -904.612976 -11785.968749> Eye Angles <-42.780761 90.016479 0.000000> Last Known Nav Area ID <1528>
L 07/04/2026 - 20:33:02: [navbot_stuck_logger.smx] Bot "[NAV] Bot 8<166><BOT><>" got stuck [5] at <-8267.254882 -904.612976 -11813.968749> Eye Position <-8267.254882 -904.612976 -11785.968749> Eye Angles <-42.780761 89.983520 0.000000> Last Known Nav Area ID <1528>
L 07/04/2026 - 20:33:03: [navbot_stuck_logger.smx] Bot "[NAV] Bot 8<166><BOT><>" got stuck [6] at <-8266.976562 -904.612976 -11813.968749> Eye Position <-8266.976562 -904.612976 -11785.968749> Eye Angles <-42.764282 92.534988 0.000000> Last Known Nav Area ID <1528>
L 07/04/2026 - 20:33:04: [navbot_stuck_logger.smx] Bot "[NAV] Bot 8<166><BOT><>" got stuck [7] at <-8267.235351 -904.612976 -11813.968749> Eye Position <-8267.235351 -904.612976 -11785.968749> Eye Angles <-42.769775 90.944824 0.000000> Last Known Nav Area ID <1528>
L 07/04/2026 - 20:33:05: [navbot_stuck_logger.smx] Bot "[NAV] Bot 8<166><BOT><>" got stuck [8] at <-8267.363281 -904.612976 -11813.968749> Eye Position <-8267.363281 -904.612976 -11785.968749> Eye Angles <-42.775268 90.373535 0.000000> Last Known Nav Area ID <1528>
L 07/04/2026 - 20:33:06: [navbot_stuck_logger.smx] Bot "[NAV] Bot 8<166><BOT><>" got stuck [9] at <-8267.436523 -904.612976 -11813.968749> Eye Position <-8267.436523 -904.612976 -11785.968749> Eye Angles <-42.775268 90.054931 0.000000> Last Known Nav Area ID <1528>
L 07/04/2026 - 20:33:07: [navbot_stuck_logger.smx] Bot "[NAV] Bot 8<166><BOT><>" got stuck [10] at <-8267.453124 -904.612976 -11813.968749> Eye Position <-8267.453124 -904.612976 -11785.968749> Eye Angles <-42.775268 89.978027 0.000000> Last Known Nav Area ID <1528>
L 07/04/2026 - 20:33:08: [navbot_stuck_logger.smx] Bot "[NAV] Bot 8<166><BOT><>" got stuck [11] at <-8267.708984 -904.612976 -11813.968749> Eye Position <-8267.708984 -904.612976 -11785.968749> Eye Angles <-42.769775 87.129928 0.000000> Last Known Nav Area ID <1528>
L 07/04/2026 - 20:33:09: [navbot_stuck_logger.smx] Bot "[NAV] Bot 8<166><BOT><>" got stuck [12] at <-8266.567382 -904.612976 -11813.968749> Eye Position <-8266.567382 -904.612976 -11785.968749> Eye Angles <-46.274414 -39.517822 0.000000> Last Known Nav Area ID <1528>
L 07/04/2026 - 20:33:10: [navbot_stuck_logger.smx] Bot "[NAV] Bot 8<166><BOT><>" got stuck [13] at <-8266.189453 -904.612976 -11813.968749> Eye Position <-8266.189453 -904.612976 -11785.968749> Eye Angles <-42.500610 -48.817749 0.000000> Last Known Nav Area ID <1528>
L 07/04/2026 - 20:33:12: [navbot_stuck_logger.smx] Bot "[NAV] Bot 8<166><BOT><>" got stuck [14] at <-8264.713867 -904.612976 -11813.968749> Eye Position <-8264.713867 -904.612976 -11785.968749> Eye Angles <-42.764282 -61.523437 0.000000> Last Known Nav Area ID <1528>
L 07/04/2026 - 20:33:13: [navbot_stuck_logger.smx] Bot "[NAV] Bot 8<166><BOT><>" got stuck [15] at <-8261.521484 -904.612976 -11813.968749> Eye Position <-8261.521484 -904.612976 -11785.968749> Eye Angles <-52.965087 -68.016357 0.000000> Last Known Nav Area ID <1528>
L 07/04/2026 - 20:33:14: [navbot_stuck_logger.smx] Bot "[NAV] Bot 8<166><BOT><>" got stuck [16] at <-8258.610351 -904.612976 -11813.968749> Eye Position <-8258.610351 -904.612976 -11785.968749> Eye Angles <-58.787841 -54.025268 0.000000> Last Known Nav Area ID <1528>
L 07/04/2026 - 20:33:14: [navbot_stuck_logger.smx] Bot "[NAV] Bot 8<166><BOT><>" got stuck [1] at <-8258.467773 -904.612976 -11813.968749> Eye Position <-8258.467773 -904.612976 -11785.968749> Eye Angles <-58.793334 -54.052734 0.000000> Last Known Nav Area ID <1528>
L 07/04/2026 - 20:33:15: [navbot_stuck_logger.smx] Bot "[NAV] Bot 8<166><BOT><>" got stuck [2] at <-8258.257812 -904.612976 -11813.968749> Eye Position <-8258.257812 -904.612976 -11785.968749> Eye Angles <-48.180541 -45.955810 0.000000> Last Known Nav Area ID <1528>
L 07/04/2026 - 20:33:16: [navbot_stuck_logger.smx] Bot "[NAV] Bot 8<166><BOT><>" got stuck [3] at <-8257.317382 -904.612976 -11813.968749> Eye Position <-8257.317382 -904.612976 -11785.968749> Eye Angles <-42.407226 -52.673950 0.000000> Last Known Nav Area ID <1528>
L 07/04/2026 - 20:33:17: [navbot_stuck_logger.smx] Bot "[NAV] Bot 8<166><BOT><>" got stuck [4] at <-8257.426757 -904.612976 -11813.968749> Eye Position <-8257.426757 -904.612976 -11785.968749> Eye Angles <-35.513305 -71.452209 0.000000> Last Known Nav Area ID <1528>
L 07/04/2026 - 20:33:18: [navbot_stuck_logger.smx] Bot "[NAV] Bot 8<166><BOT><>" got stuck [5] at <-8254.220703 -904.612976 -11813.968749> Eye Position <-8254.220703 -904.612976 -11785.968749> Eye Angles <-35.474853 -71.570434 0.000000> Last Known Nav Area ID <1528>
L 07/04/2026 - 20:33:19: [navbot_stuck_logger.smx] Bot "[NAV] Bot 8<166><BOT><>" got stuck [6] at <-8251.710937 -904.612976 -11813.968749> Eye Position <-8251.710937 -904.612976 -11785.968749> Eye Angles <-42.209472 -66.571655 0.000000> Last Known Nav Area ID <1528>
L 07/04/2026 - 20:33:20: [navbot_stuck_logger.smx] Bot "[NAV] Bot 8<166><BOT><>" got stuck [7] at <-8250.808593 -904.612976 -11813.968749> Eye Position <-8250.808593 -904.612976 -11785.968749> Eye Angles <-42.588500 -41.473388 0.000000> Last Known Nav Area ID <1528>
L 07/04/2026 - 20:33:21: [navbot_stuck_logger.smx] Bot "[NAV] Bot 8<166><BOT><>" got stuck [8] at <-8250.361328 -904.612976 -11813.968749> Eye Position <-8250.361328 -904.612976 -11785.968749> Eye Angles <-20.170898 -57.480468 0.000000> Last Known Nav Area ID <1528>
L 07/04/2026 - 20:33:22: [navbot_stuck_logger.smx] Bot "[NAV] Bot 8<166><BOT><>" got stuck [9] at <-8248.658203 -904.612976 -11813.968749> Eye Position <-8248.658203 -904.612976 -11785.968749> Eye Angles <-13.793334 -52.684936 0.000000> Last Known Nav Area ID <1529>
L 07/04/2026 - 20:33:23: [navbot_stuck_logger.smx] Bot "[NAV] Bot 8<166><BOT><>" got stuck [10] at <-8248.190429 -904.612976 -11813.968749> Eye Position <-8248.190429 -904.612976 -11785.968749> Eye Angles <-7.520141 -40.704345 0.000000> Last Known Nav Area ID <1529>
L 07/04/2026 - 20:33:24: [navbot_stuck_logger.smx] Bot "[NAV] Bot 8<166><BOT><>" got stuck [11] at <-8249.112304 -904.612976 -11813.968749> Eye Position <-8249.112304 -904.612976 -11785.968749> Eye Angles <-1.032714 -43.016967 0.000000> Last Known Nav Area ID <1529>
L 07/04/2026 - 20:33:25: [navbot_stuck_logger.smx] Bot "[NAV] Bot 8<166><BOT><>" got stuck [12] at <-8247.988281 -904.612976 -11813.968749> Eye Position <-8247.988281 -904.612976 -11785.968749> Eye Angles <5.256958 -64.390869 0.000000> Last Known Nav Area ID <1529>
L 07/04/2026 - 20:33:26: [navbot_stuck_logger.smx] Bot "[NAV] Bot 8<166><BOT><>" got stuck [13] at <-8245.449218 -904.612976 -11813.968749> Eye Position <-8245.449218 -904.612976 -11785.968749> Eye Angles <-29.803283 -29.588806 0.000000> Last Known Nav Area ID <1529>
L 07/04/2026 - 20:33:27: [navbot_stuck_logger.smx] Bot "[NAV] Bot 8<166><BOT><>" got stuck [14] at <-8246.808593 -904.612976 -11813.968749> Eye Position <-8246.808593 -904.612976 -11785.968749> Eye Angles <-43.236694 90.038452 0.000000> Last Known Nav Area ID <1529>
L 07/04/2026 - 20:33:28: [navbot_stuck_logger.smx] Bot "[NAV] Bot 8<166><BOT><>" got stuck [15] at <-8246.820312 -904.612976 -11813.968749> Eye Position <-8246.820312 -904.612976 -11785.968749> Eye Angles <-43.236694 89.978027 0.000000> Last Known Nav Area ID <1529>
L 07/04/2026 - 20:33:29: [navbot_stuck_logger.smx] Bot "[NAV] Bot 8<166><BOT><>" got stuck [16] at <-8246.811523 -904.612976 -11813.968749> Eye Position <-8246.811523 -904.612976 -11785.968749> Eye Angles <-43.236694 90.016479 0.000000> Last Known Nav Area ID <1529>
L 07/04/2026 - 20:33:30: [navbot_stuck_logger.smx] Bot "[NAV] Bot 8<166><BOT><>" got stuck [1] at <-8246.811523 -904.612976 -11813.968749> Eye Position <-8246.811523 -904.612976 -11785.968749> Eye Angles <-43.236694 90.016479 0.000000> Last Known Nav Area ID <1529>
L 07/04/2026 - 20:33:31: [navbot_stuck_logger.smx] Bot "[NAV] Bot 8<166><BOT><>" got stuck [2] at <-8248.003906 -904.612976 -11813.968749> Eye Position <-8248.003906 -904.612976 -11785.968749> Eye Angles <-43.796997 -159.397781 0.000000> Last Known Nav Area ID <1529>
L 07/04/2026 - 20:33:32: [navbot_stuck_logger.smx] Bot "[NAV] Bot 8<166><BOT><>" got stuck [3] at <-8248.527343 -904.612976 -11813.968749> Eye Position <-8248.527343 -904.612976 -11785.968749> Eye Angles <-48.175048 -86.770019 0.000000> Last Known Nav Area ID <1529>
L 07/04/2026 - 20:33:33: [navbot_stuck_logger.smx] Bot "[NAV] Bot 8<166><BOT><>" got stuck [4] at <-8250.046874 -904.612976 -11813.968749> Eye Position <-8250.046874 -904.612976 -11785.968749> Eye Angles <-71.098022 -80.458374 0.000000> Last Known Nav Area ID <1529>
L 07/04/2026 - 20:33:34: [navbot_stuck_logger.smx] Bot "[NAV] Bot 8<166><BOT><>" got stuck [5] at <-8249.840820 -904.612976 -11813.968749> Eye Position <-8249.840820 -904.612976 -11785.968749> Eye Angles <-58.749389 -4.776184 0.000000> Last Known Nav Area ID <1529>
L 07/04/2026 - 20:33:35: [navbot_stuck_logger.smx] Bot "[NAV] Bot 8<166><BOT><>" got stuck [6] at <-8245.705078 -904.612976 -11813.968749> Eye Position <-8245.705078 -904.612976 -11785.968749> Eye Angles <-4.149963 -78.118286 0.000000> Last Known Nav Area ID <1529>
L 07/04/2026 - 20:33:36: [navbot_stuck_logger.smx] Bot "[NAV] Bot 8<166><BOT><>" got stuck [7] at <-8244.616210 -904.612976 -11813.968749> Eye Position <-8244.616210 -904.612976 -11785.968749> Eye Angles <-7.113647 -92.757568 0.000000> Last Known Nav Area ID <1529>
L 07/04/2026 - 20:33:37: [navbot_stuck_logger.smx] Bot "[NAV] Bot 8<166><BOT><>" got stuck [8] at <-8244.012695 -904.612976 -11813.968749> Eye Position <-8244.012695 -904.612976 -11785.968749> Eye Angles <-42.168395 -128.960372 0.000000> Last Known Nav Area ID <1529>
L 07/04/2026 - 20:33:38: [navbot_stuck_logger.smx] Bot "[NAV] Bot 8<166><BOT><>" got stuck [9] at <-8241.349609 -904.612976 -11813.968749> Eye Position <-8241.349609 -904.612976 -11785.968749> Eye Angles <-43.170776 89.923095 0.000000> Last Known Nav Area ID <1529>
L 07/04/2026 - 20:33:39: [navbot_stuck_logger.smx] Bot "[NAV] Bot 8<166><BOT><>" got stuck [10] at <-8241.331054 -904.612976 -11813.968749> Eye Position <-8241.331054 -904.612976 -11785.968749> Eye Angles <-43.170776 90.010986 0.000000> Last Known Nav Area ID <1529>
L 07/04/2026 - 20:33:40: [navbot_stuck_logger.smx] Bot "[NAV] Bot 8<166><BOT><>" got stuck [11] at <-8241.334960 -904.612976 -11813.968749> Eye Position <-8241.334960 -904.612976 -11785.968749> Eye Angles <-43.170776 89.994506 0.000000> Last Known Nav Area ID <1529>
L 07/04/2026 - 20:33:41: [navbot_stuck_logger.smx] Bot "[NAV] Bot 8<166><BOT><>" got stuck [12] at <-8241.058593 -904.612976 -11813.968749> Eye Position <-8241.058593 -904.612976 -11785.968749> Eye Angles <-26.957580 73.792312 0.000000> Last Known Nav Area ID <1529>
L 07/04/2026 - 20:33:42: [navbot_stuck_logger.smx] Bot "[NAV] Bot 8<166><BOT><>" got stuck [13] at <-8241.177734 -904.612976 -11813.968749> Eye Position <-8241.177734 -904.612976 -11785.968749> Eye Angles <-43.170776 90.241699 0.000000> Last Known Nav Area ID <1529>
L 07/04/2026 - 20:33:43: [navbot_stuck_logger.smx] Bot "[NAV] Bot 8<166><BOT><>" got stuck [14] at <-8241.228515 -904.612976 -11813.968749> Eye Position <-8241.228515 -904.612976 -11785.968749> Eye Angles <-43.170776 90.010986 0.000000> Last Known Nav Area ID <1529>
L 07/04/2026 - 20:33:44: [navbot_stuck_logger.smx] Bot "[NAV] Bot 8<166><BOT><>" got stuck [15] at <-8241.232421 -904.612976 -11813.968749> Eye Position <-8241.232421 -904.612976 -11785.968749> Eye Angles <-43.170776 89.994506 0.000000> Last Known Nav Area ID <1529>
L 07/04/2026 - 20:33:45: [navbot_stuck_logger.smx] Bot "[NAV] Bot 8<166><BOT><>" got stuck [16] at <-8241.229492 -904.612976 -11813.968749> Eye Position <-8241.229492 -904.612976 -11785.968749> Eye Angles <-43.170776 90.005493 0.000000> Last Known Nav Area ID <1529>
L 07/04/2026 - 20:33:45: [navbot_stuck_logger.smx] Bot "[NAV] Bot 8<166><BOT><>" got stuck [1] at <-8241.229492 -904.612976 -11813.968749> Eye Position <-8241.229492 -904.612976 -11785.968749> Eye Angles <-43.170776 90.005493 0.000000> Last Known Nav Area ID <1529>
L 07/04/2026 - 20:33:46: [navbot_stuck_logger.smx] Bot "[NAV] Bot 8<166><BOT><>" got stuck [2] at <-8241.232421 -904.612976 -11813.968749> Eye Position <-8241.232421 -904.612976 -11785.968749> Eye Angles <-43.170776 89.994506 0.000000> Last Known Nav Area ID <1529>
L 07/04/2026 - 20:33:48: [navbot_stuck_logger.smx] Bot "[NAV] Bot 8<166><BOT><>" got stuck [3] at <-8240.888671 -904.612976 -11813.968749> Eye Position <-8240.888671 -904.612976 -11785.968749> Eye Angles <-43.154296 92.197265 0.000000> Last Known Nav Area ID <1529>
L 07/04/2026 - 20:33:49: [navbot_stuck_logger.smx] Bot "[NAV] Bot 8<166><BOT><>" got stuck [4] at <-8241.165039 -904.612976 -11813.968749> Eye Position <-8241.165039 -904.612976 -11785.968749> Eye Angles <-43.170776 90.972290 0.000000> Last Known Nav Area ID <1529>
L 07/04/2026 - 20:33:50: [navbot_stuck_logger.smx] Bot "[NAV] Bot 8<166><BOT><>" got stuck [5] at <-8241.286132 -904.612976 -11813.968749> Eye Position <-8241.286132 -904.612976 -11785.968749> Eye Angles <-5.905151 89.450683 0.000000> Last Known Nav Area ID <1529>
L 07/04/2026 - 20:33:51: [navbot_stuck_logger.smx] Bot "[NAV] Bot 8<166><BOT><>" got stuck [6] at <-8240.939453 -904.612976 -11813.968749> Eye Position <-8240.939453 -904.612976 -11785.968749> Eye Angles <-10.085449 88.934326 0.000000> Last Known Nav Area ID <1529>
L 07/04/2026 - 20:33:52: [navbot_stuck_logger.smx] Bot "[NAV] Bot 8<166><BOT><>" got stuck [7] at <-8241.518554 -904.612976 -11813.968749> Eye Position <-8241.518554 -904.612976 -11785.968749> Eye Angles <0.598754 93.927612 0.000000> Last Known Nav Area ID <1529>
L 07/04/2026 - 20:33:53: [navbot_stuck_logger.smx] Bot "[NAV] Bot 8<166><BOT><>" got stuck [8] at <-8242.440429 -904.612976 -11813.968749> Eye Position <-8242.440429 -904.612976 -11785.968749> Eye Angles <2.647705 91.845703 0.000000> Last Known Nav Area ID <1529>
L 07/04/2026 - 20:33:54: [navbot_stuck_logger.smx] Bot "[NAV] Bot 8<166><BOT><>" got stuck [9] at <-8243.051757 -904.612976 -11813.968749> Eye Position <-8243.051757 -904.612976 -11785.968749> Eye Angles <1.389770 109.970504 0.000000> Last Known Nav Area ID <1529>
L 07/04/2026 - 20:33:55: [navbot_stuck_logger.smx] Bot "[NAV] Bot 8<166><BOT><>" got stuck [10] at <-8239.437499 -904.612976 -11813.968749> Eye Position <-8239.437499 -904.612976 -11785.968749> Eye Angles <-0.626220 136.799118 0.000000> Last Known Nav Area ID <1529>
L 07/04/2026 - 20:33:56: [navbot_stuck_logger.smx] Bot "[NAV] Bot 8<166><BOT><>" got stuck [11] at <-8245.416015 -904.612976 -11813.968749> Eye Position <-8245.416015 -904.612976 -11785.968749> Eye Angles <-0.895385 171.348266 0.000000> Last Known Nav Area ID <1529>
L 07/04/2026 - 20:33:57: [navbot_stuck_logger.smx] Bot "[NAV] Bot 8<166><BOT><>" got stuck [12] at <-8245.714843 -904.612976 -11813.968749> Eye Position <-8245.714843 -904.612976 -11785.968749> Eye Angles <-1.159057 -168.348999 0.000000> Last Known Nav Area ID <1529>
L 07/04/2026 - 20:33:58: [navbot_stuck_logger.smx] Bot "[NAV] Bot 8<166><BOT><>" got stuck [13] at <-8243.096679 -904.612976 -11813.968749> Eye Position <-8243.096679 -904.612976 -11785.968749> Eye Angles <-2.850952 -118.558959 0.000000> Last Known Nav Area ID <1529>
L 07/04/2026 - 20:33:59: [navbot_stuck_logger.smx] Bot "[NAV] Bot 8<166><BOT><>" got stuck [14] at <-8247.974609 -904.612976 -11813.968749> Eye Position <-8247.974609 -904.612976 -11785.968749> Eye Angles <-7.064208 -95.660827 0.000000> Last Known Nav Area ID <1529>
L 07/04/2026 - 20:34:00: [navbot_stuck_logger.smx] Bot "[NAV] Bot 8<166><BOT><>" got stuck [15] at <-8249.278320 -904.612976 -11813.968749> Eye Position <-8249.278320 -904.612976 -11785.968749> Eye Angles <-1.741333 -97.053222 0.000000> Last Known Nav Area ID <1529>
L 07/04/2026 - 20:34:01: [navbot_stuck_logger.smx] Bot "[NAV] Bot 8<166><BOT><>" got stuck [16] at <-8249.596679 -904.612976 -11813.968749> Eye Position <-8249.596679 -904.612976 -11785.968749> Eye Angles <-43.264160 70.315353 0.000000> Last Known Nav Area ID <1529>
L 07/04/2026 - 20:34:01: [navbot_stuck_logger.smx] Bot "[NAV] Bot 8<166><BOT><>" got stuck [1] at <-8252.106445 -904.612976 -11813.968749> Eye Position <-8252.106445 -904.612976 -11785.968749> Eye Angles <-42.989501 81.963500 0.000000> Last Known Nav Area ID <1528>
L 07/04/2026 - 20:34:02: [navbot_stuck_logger.smx] Bot "[NAV] Bot 8<166><BOT><>" got stuck [2] at <-8250.032226 -904.612976 -11813.968749> Eye Position <-8250.032226 -904.612976 -11785.968749> Eye Angles <-43.258666 88.439941 0.000000> Last Known Nav Area ID <1528>
L 07/04/2026 - 20:34:03: [navbot_stuck_logger.smx] Bot "[NAV] Bot 8<166><BOT><>" got stuck [3] at <-8249.838867 -904.612976 -11813.968749> Eye Position <-8249.838867 -904.612976 -11785.968749> Eye Angles <-43.264160 89.307861 0.000000> Last Known Nav Area ID <1529>
L 07/04/2026 - 20:34:04: [navbot_stuck_logger.smx] Bot "[NAV] Bot 8<166><BOT><>" got stuck [4] at <-8249.777343 -904.612976 -11813.968749> Eye Position <-8249.777343 -904.612976 -11785.968749> Eye Angles <-43.269653 89.582519 0.000000> Last Known Nav Area ID <1529>
L 07/04/2026 - 20:34:05: [navbot_stuck_logger.smx] Bot "[NAV] Bot 8<166><BOT><>" got stuck [5] at <-8246.355468 -904.612976 -11813.968749> Eye Position <-8246.355468 -904.612976 -11785.968749> Eye Angles <-27.449340 -58.645019 0.000000> Last Known Nav Area ID <1529>
L 07/04/2026 - 20:34:07: [navbot_stuck_logger.smx] Bot "[NAV] Bot 8<166><BOT><>" got stuck [6] at <-8239.059570 -904.612976 -11813.968749> Eye Position <-8239.059570 -904.612976 -11785.968749> Eye Angles <-29.838867 -73.405151 0.000000> Last Known Nav Area ID <1529>
L 07/04/2026 - 20:34:08: [navbot_stuck_logger.smx] Bot "[NAV] Bot 8<166><BOT><>" got stuck [7] at <-8237.699218 -904.612976 -11813.968749> Eye Position <-8237.699218 -904.612976 -11785.968749> Eye Angles <-34.420166 -8.835876 0.000000> Last Known Nav Area ID <1529>
L 07/04/2026 - 20:34:09: [navbot_stuck_logger.smx] Bot "[NAV] Bot 8<166><BOT><>" got stuck [8] at <-8234.541992 -904.612976 -11813.968749> Eye Position <-8234.541992 -904.612976 -11785.968749> Eye Angles <-48.696899 -49.356079 0.000000> Last Known Nav Area ID <1529>
L 07/04/2026 - 20:34:10: [navbot_stuck_logger.smx] Bot "[NAV] Bot 8<166><BOT><>" got stuck [9] at <-8234.131835 -904.612976 -11813.968749> Eye Position <-8234.131835 -904.612976 -11785.968749> Eye Angles <-60.441284 -52.734374 0.000000> Last Known Nav Area ID <1529>
L 07/04/2026 - 20:34:11: [navbot_stuck_logger.smx] Bot "[NAV] Bot 8<166><BOT><>" got stuck [10] at <-8231.712890 -904.612976 -11813.968749> Eye Position <-8231.712890 -904.612976 -11785.968749> Eye Angles <-54.382324 -74.322509 0.000000> Last Known Nav Area ID <1529>
L 07/04/2026 - 20:34:28: [navbot_stuck_logger.smx] Bot "[NAV] Bot 11<172><BOT><>" got stuck [1] at <-6172.789062 -988.197021 -11977.968749> Eye Position <-6172.789062 -988.197021 -11913.968749> Eye Angles <0.000000 -49.485290 0.000000> Last Known Nav Area ID <1741>
L 07/04/2026 - 20:34:39: [navbot_stuck_logger.smx] Bot "[NAV] Bot 17<173><BOT><>" got stuck [1] at <-6239.975097 -1464.968749 -11372.031249> Eye Position <-6239.975097 -1464.968749 -11308.031249> Eye Angles <-53.673706 -90.000000 0.000000> Last Known Nav Area ID <1559>
L 07/04/2026 - 20:34:40: [navbot_stuck_logger.smx] Bot "[NAV] Bot 17<173><BOT><>" got stuck [2] at <-6229.686523 -1464.968749 -11386.416015> Eye Position <-6229.686523 -1464.968749 -11322.416015> Eye Angles <-53.673706 -90.000000 0.000000> Last Known Nav Area ID <1559>
L 07/04/2026 - 20:34:55: [navbot_stuck_logger.smx] Bot "[NAV] Bot 14<171><BOT><>" got stuck [1] at <-8804.465820 -839.945678 -11817.968749> Eye Position <-8804.465820 -839.945678 -11753.968749> Eye Angles <28.800659 97.396652 0.000000> Last Known Nav Area ID <727>
L 07/04/2026 - 20:35:15: [navbot_stuck_logger.smx] Bot "[NAV] Bot 14<171><BOT><>" got stuck [1] at <-9068.190429 877.022827 -11817.968749> Eye Position <-9068.190429 877.022827 -11753.968749> Eye Angles <0.000000 71.672164 0.000000> Last Known Nav Area ID <365>
L 07/04/2026 - 20:35:16: [navbot_stuck_logger.smx] Bot "[NAV] Bot 14<171><BOT><>" got stuck [2] at <-9063.456054 899.012878 -11773.115234> Eye Position <-9063.456054 899.012878 -11745.115234> Eye Angles <0.000000 11.329541 0.000000> Last Known Nav Area ID <706>
L 07/04/2026 - 20:36:29: [navbot_stuck_logger.smx] Bot "[NAV] Bot 17<173><BOT><>" got stuck [1] at <-8220.251953 -904.612976 -11813.968749> Eye Position <-8220.251953 -904.612976 -11785.968749> Eye Angles <1.625976 153.627319 0.000000> Last Known Nav Area ID <1530>
L 07/04/2026 - 20:36:30: [navbot_stuck_logger.smx] Bot "[NAV] Bot 17<173><BOT><>" got stuck [2] at <-8219.844726 -904.612976 -11813.968749> Eye Position <-8219.844726 -904.612976 -11785.968749> Eye Angles <1.625976 153.638305 0.000000> Last Known Nav Area ID <1530>
L 07/04/2026 - 20:36:31: [navbot_stuck_logger.smx] Bot "[NAV] Bot 17<173><BOT><>" got stuck [3] at <-8219.321289 -904.612976 -11813.968749> Eye Position <-8219.321289 -904.612976 -11785.968749> Eye Angles <0.000000 -73.767700 0.000000> Last Known Nav Area ID <1530>
L 07/04/2026 - 20:36:32: [navbot_stuck_logger.smx] Bot "[NAV] Bot 17<173><BOT><>" got stuck [4] at <-8216.670898 -904.612976 -11813.968749> Eye Position <-8216.670898 -904.612976 -11785.968749> Eye Angles <0.000000 -45.250061 0.000000> Last Known Nav Area ID <1530>
L 07/04/2026 - 20:36:34: [navbot_stuck_logger.smx] Bot "[NAV] Bot 17<173><BOT><>" got stuck [5] at <-8217.274414 -904.612976 -11813.968749> Eye Position <-8217.274414 -904.612976 -11785.968749> Eye Angles <0.000000 -45.233581 0.000000> Last Known Nav Area ID <1530>
L 07/04/2026 - 20:36:35: [navbot_stuck_logger.smx] Bot "[NAV] Bot 17<173><BOT><>" got stuck [6] at <-8217.883789 -904.612976 -11813.968749> Eye Position <-8217.883789 -904.612976 -11785.968749> Eye Angles <0.000000 -45.217102 0.000000> Last Known Nav Area ID <1530>
L 07/04/2026 - 20:36:36: [navbot_stuck_logger.smx] Bot "[NAV] Bot 17<173><BOT><>" got stuck [7] at <-8217.432617 -904.612976 -11813.968749> Eye Position <-8217.432617 -904.612976 -11785.968749> Eye Angles <0.000000 -45.239074 0.000000> Last Known Nav Area ID <1530>
L 07/04/2026 - 20:36:37: [navbot_stuck_logger.smx] Bot "[NAV] Bot 17<173><BOT><>" got stuck [8] at <-8218.462890 -904.612976 -11813.968749> Eye Position <-8218.462890 -904.612976 -11785.968749> Eye Angles <-5.399780 -33.398437 0.000000> Last Known Nav Area ID <1530>
L 07/04/2026 - 20:36:38: [navbot_stuck_logger.smx] Bot "[NAV] Bot 17<173><BOT><>" got stuck [9] at <-8219.997070 -904.612976 -11813.968749> Eye Position <-8219.997070 -904.612976 -11785.968749> Eye Angles <0.000000 -47.408874 0.000000> Last Known Nav Area ID <1530>
L 07/04/2026 - 20:36:39: [navbot_stuck_logger.smx] Bot "[NAV] Bot 17<173><BOT><>" got stuck [10] at <-8217.169921 -904.612976 -11813.968749> Eye Position <-8217.169921 -904.612976 -11785.968749> Eye Angles <0.000000 -45.233581 0.000000> Last Known Nav Area ID <1530>
L 07/04/2026 - 20:36:40: [navbot_stuck_logger.smx] Bot "[NAV] Bot 17<173><BOT><>" got stuck [11] at <-8218.402343 -904.612976 -11813.968749> Eye Position <-8218.402343 -904.612976 -11785.968749> Eye Angles <-53.945739 43.805347 0.000000> Last Known Nav Area ID <1530>
L 07/04/2026 - 20:36:41: [navbot_stuck_logger.smx] Bot "[NAV] Bot 17<173><BOT><>" got stuck [12] at <-8218.313476 -904.612976 -11813.968749> Eye Position <-8218.313476 -904.612976 -11785.968749> Eye Angles <-68.269042 72.526245 0.000000> Last Known Nav Area ID <1530>
L 07/04/2026 - 20:36:42: [navbot_stuck_logger.smx] Bot "[NAV] Bot 17<173><BOT><>" got stuck [13] at <-8219.932617 -904.612976 -11813.968749> Eye Position <-8219.932617 -904.612976 -11785.968749> Eye Angles <-42.407226 83.452148 0.000000> Last Known Nav Area ID <1530>
L 07/04/2026 - 20:36:43: [navbot_stuck_logger.smx] Bot "[NAV] Bot 17<173><BOT><>" got stuck [14] at <-8220.714843 -904.612976 -11813.968749> Eye Position <-8220.714843 -904.612976 -11785.968749> Eye Angles <-39.850280 86.791992 0.000000> Last Known Nav Area ID <1530>
L 07/04/2026 - 20:36:44: [navbot_stuck_logger.smx] Bot "[NAV] Bot 17<173><BOT><>" got stuck [15] at <-8220.086914 -904.612976 -11813.968749> Eye Position <-8220.086914 -904.612976 -11785.968749> Eye Angles <-42.572021 88.450927 0.000000> Last Known Nav Area ID <1530>
L 07/04/2026 - 20:36:45: [navbot_stuck_logger.smx] Bot "[NAV] Bot 17<173><BOT><>" got stuck [16] at <-8219.863281 -904.612976 -11813.968749> Eye Position <-8219.863281 -904.612976 -11785.968749> Eye Angles <-42.583007 89.450683 0.000000> Last Known Nav Area ID <1530>
L 07/04/2026 - 20:36:45: [navbot_stuck_logger.smx] Bot "[NAV] Bot 17<173><BOT><>" got stuck [1] at <-8219.849609 -904.612976 -11813.968749> Eye Position <-8219.849609 -904.612976 -11785.968749> Eye Angles <-42.583007 89.511108 0.000000> Last Known Nav Area ID <1530>
L 07/04/2026 - 20:36:46: [navbot_stuck_logger.smx] Bot "[NAV] Bot 17<173><BOT><>" got stuck [2] at <-8219.757812 -904.612976 -11813.968749> Eye Position <-8219.757812 -904.612976 -11785.968749> Eye Angles <-42.583007 89.917602 0.000000> Last Known Nav Area ID <1530>
L 07/04/2026 - 20:36:47: [navbot_stuck_logger.smx] Bot "[NAV] Bot 4<168><BOT><>" got stuck [1] at <-8804.464843 -839.943115 -11817.975585> Eye Position <-8804.464843 -839.943115 -11753.975585> Eye Angles <16.185718 78.500167 0.000000> Last Known Nav Area ID <727>
L 07/04/2026 - 20:36:47: [navbot_stuck_logger.smx] Bot "[NAV] Bot 17<173><BOT><>" got stuck [3] at <-8220.241210 -904.612976 -11813.968749> Eye Position <-8220.241210 -904.612976 -11785.968749> Eye Angles <-42.539062 86.863403 0.000000> Last Known Nav Area ID <1530>
L 07/04/2026 - 20:36:48: [navbot_stuck_logger.smx] Bot "[NAV] Bot 4<168><BOT><>" got stuck [2] at <-8804.464843 -839.943115 -11817.975585> Eye Position <-8804.464843 -839.943115 -11789.975585> Eye Angles <-35.354003 106.314697 0.000000> Last Known Nav Area ID <727>
L 07/04/2026 - 20:36:48: [navbot_stuck_logger.smx] Bot "[NAV] Bot 17<173><BOT><>" got stuck [4] at <-8219.788085 -904.612976 -11813.968749> Eye Position <-8219.788085 -904.612976 -11785.968749> Eye Angles <-42.577514 88.873901 0.000000> Last Known Nav Area ID <1530>
L 07/04/2026 - 20:36:49: [navbot_stuck_logger.smx] Bot "[NAV] Bot 4<168><BOT><>" got stuck [3] at <-8804.466796 -839.946716 -11817.975585> Eye Position <-8804.466796 -839.946716 -11789.975585> Eye Angles <0.000000 62.341918 0.000000> Last Known Nav Area ID <727>
L 07/04/2026 - 20:36:49: [navbot_stuck_logger.smx] Bot "[NAV] Bot 17<173><BOT><>" got stuck [5] at <-8219.620117 -904.612976 -11813.968749> Eye Position <-8219.620117 -904.612976 -11785.968749> Eye Angles <-42.583007 89.626464 0.000000> Last Known Nav Area ID <1530>
L 07/04/2026 - 20:36:50: [navbot_stuck_logger.smx] Bot "[NAV] Bot 4<168><BOT><>" got stuck [4] at <-8804.466796 -839.945739 -11817.975585> Eye Position <-8804.466796 -839.945739 -11789.975585> Eye Angles <0.000000 62.341918 0.000000> Last Known Nav Area ID <727>
L 07/04/2026 - 20:36:50: [navbot_stuck_logger.smx] Bot "[NAV] Bot 17<173><BOT><>" got stuck [6] at <-8219.542968 -904.612976 -11813.968749> Eye Position <-8219.542968 -904.612976 -11785.968749> Eye Angles <-42.583007 89.961547 0.000000> Last Known Nav Area ID <1530>
L 07/04/2026 - 20:36:51: [navbot_stuck_logger.smx] Bot "[NAV] Bot 4<168><BOT><>" got stuck [5] at <-8804.466796 -839.945190 -11817.975585> Eye Position <-8804.466796 -839.945190 -11789.975585> Eye Angles <0.000000 62.341918 0.000000> Last Known Nav Area ID <727>
L 07/04/2026 - 20:36:51: [navbot_stuck_logger.smx] Bot "[NAV] Bot 17<173><BOT><>" got stuck [7] at <-8219.533203 -904.612976 -11813.968749> Eye Position <-8219.533203 -904.612976 -11785.968749> Eye Angles <-42.583007 90.010986 0.000000> Last Known Nav Area ID <1530>
L 07/04/2026 - 20:36:52: [navbot_stuck_logger.smx] Bot "[NAV] Bot 4<168><BOT><>" got stuck [6] at <-8804.467773 -839.943298 -11817.975585> Eye Position <-8804.467773 -839.943298 -11789.975585> Eye Angles <-16.185729 80.785324 0.000000> Last Known Nav Area ID <727>
L 07/04/2026 - 20:36:53: [navbot_stuck_logger.smx] Bot "[NAV] Bot 17<173><BOT><>" got stuck [8] at <-8219.538085 -904.612976 -11813.968749> Eye Position <-8219.538085 -904.612976 -11785.968749> Eye Angles <-42.583007 89.989013 0.000000> Last Known Nav Area ID <1530>
L 07/04/2026 - 20:36:53: [navbot_stuck_logger.smx] Bot "[NAV] Bot 4<168><BOT><>" got stuck [7] at <-8804.467773 -839.943298 -11817.975585> Eye Position <-8804.467773 -839.943298 -11789.975585> Eye Angles <-35.354003 106.309204 0.000000> Last Known Nav Area ID <727>
L 07/04/2026 - 20:36:54: [navbot_stuck_logger.smx] Bot "[NAV] Bot 17<173><BOT><>" got stuck [9] at <-8219.732421 -904.612976 -11813.968749> Eye Position <-8219.732421 -904.612976 -11785.968749> Eye Angles <-26.369812 106.196701 0.000000> Last Known Nav Area ID <1530>
L 07/04/2026 - 20:36:54: [navbot_stuck_logger.smx] Bot "[NAV] Bot 4<168><BOT><>" got stuck [8] at <-8804.467773 -839.942749 -11817.975585> Eye Position <-8804.467773 -839.942749 -11789.975585> Eye Angles <0.000000 62.341918 0.000000> Last Known Nav Area ID <727>
L 07/04/2026 - 20:36:55: [navbot_stuck_logger.smx] Bot "[NAV] Bot 17<173><BOT><>" got stuck [10] at <-8218.710937 -904.612976 -11813.968749> Eye Position <-8218.710937 -904.612976 -11785.968749> Eye Angles <-42.588500 90.010986 0.000000> Last Known Nav Area ID <1530>
L 07/04/2026 - 20:36:55: [navbot_stuck_logger.smx] Bot "[NAV] Bot 4<168><BOT><>" got stuck [9] at <-8804.467773 -839.943115 -11817.975585> Eye Position <-8804.467773 -839.943115 -11789.975585> Eye Angles <0.000000 62.341918 0.000000> Last Known Nav Area ID <727>
L 07/04/2026 - 20:36:57: [navbot_stuck_logger.smx] Bot "[NAV] Bot 4<168><BOT><>" got stuck [10] at <-8804.467773 -839.942077 -11817.975585> Eye Position <-8804.467773 -839.942077 -11789.975585> Eye Angles <0.000000 62.341918 0.000000> Last Known Nav Area ID <727>
L 07/04/2026 - 20:36:58: [navbot_stuck_logger.smx] Bot "[NAV] Bot 4<168><BOT><>" got stuck [11] at <-8804.467773 -839.942749 -11817.975585> Eye Position <-8804.467773 -839.942749 -11789.975585> Eye Angles <0.000000 62.341918 0.000000> Last Known Nav Area ID <727>
L 07/04/2026 - 20:36:59: [navbot_stuck_logger.smx] Bot "[NAV] Bot 4<168><BOT><>" got stuck [12] at <-8757.352539 -871.657592 -11817.975585> Eye Position <-8757.352539 -871.657592 -11789.975585> Eye Angles <-5.322875 -101.766357 0.000000> Last Known Nav Area ID <63>
L 07/04/2026 - 20:37:22: [navbot_stuck_logger.smx] Bot "[NAV] Bot 14<171><BOT><>" got stuck [1] at <-8062.495605 -1399.968749 -11446.981445> Eye Position <-8062.495605 -1399.968749 -11418.981445> Eye Angles <-14.584350 -90.016479 0.000000> Last Known Nav Area ID <793>
L 07/04/2026 - 20:37:23: [navbot_stuck_logger.smx] Bot "[NAV] Bot 14<171><BOT><>" got stuck [2] at <-8064.745605 -1448.213256 -11447.016601> Eye Position <-8064.745605 -1448.213256 -11419.016601> Eye Angles <3.935742 11.214404 0.000000> Last Known Nav Area ID <386>
L 07/04/2026 - 20:37:34: [navbot_stuck_logger.smx] Bot "[NAV] Bot 17<173><BOT><>" got stuck [1] at <-8576.200195 -785.963745 -11817.981445> Eye Position <-8576.200195 -785.963745 -11753.981445> Eye Angles <0.000000 83.292846 0.000000> Last Known Nav Area ID <1823>
L 07/04/2026 - 20:37:36: [navbot_stuck_logger.smx] Bot "[NAV] Bot 17<173><BOT><>" got stuck [2] at <-8586.569335 -711.519531 -11817.968749> Eye Position <-8586.569335 -711.519531 -11789.968749> Eye Angles <0.000000 129.306442 0.000000> Last Known Nav Area ID <737>
L 07/04/2026 - 20:37:36: [navbot_stuck_logger.smx] Bot "[NAV] Bot 7<167><BOT><>" got stuck [1] at <-7328.677734 -631.572448 -11848.968749> Eye Position <-7328.677734 -631.572448 -11784.968749> Eye Angles <61.045532 -135.247192 0.000000> Last Known Nav Area ID <1291>
L 07/04/2026 - 20:37:37: [navbot_stuck_logger.smx] Bot "[NAV] Bot 7<167><BOT><>" got stuck [2] at <-7354.090820 -661.990722 -11829.803710> Eye Position <-7354.090820 -661.990722 -11801.803710> Eye Angles <78.299560 152.635696 0.000000> Last Known Nav Area ID <1291>
L 07/04/2026 - 20:37:42: [navbot_stuck_logger.smx] Bot "[NAV] Bot 17<173><BOT><>" got stuck [1] at <-8557.627929 -778.189147 -11817.968749> Eye Position <-8557.627929 -778.189147 -11753.968749> Eye Angles <2.523998 154.509078 0.000000> Last Known Nav Area ID <1540>
L 07/04/2026 - 20:37:52: [navbot_stuck_logger.smx] Bot "[NAV] Bot 17<173><BOT><>" got stuck [1] at <-8579.267578 -738.767761 -11817.968749> Eye Position <-8579.267578 -738.767761 -11753.968749> Eye Angles <0.000000 -174.064529 0.000000> Last Known Nav Area ID <737>
L 07/04/2026 - 20:37:56: [navbot_stuck_logger.smx] Bot "[NAV] Bot 4<168><BOT><>" got stuck [1] at <-7896.020507 -1379.060302 -11295.968749> Eye Position <-7896.020507 -1379.060302 -11231.968749> Eye Angles <0.000000 -72.789916 0.000000> Last Known Nav Area ID <815>
L 07/04/2026 - 20:37:57: [navbot_stuck_logger.smx] Bot "[NAV] Bot 10<169><BOT><>" got stuck [1] at <-9066.199218 874.962036 -11817.968749> Eye Position <-9066.199218 874.962036 -11753.968749> Eye Angles <0.000000 169.983108 0.000000> Last Known Nav Area ID <365>
L 07/04/2026 - 20:37:57: [navbot_stuck_logger.smx] Bot "[NAV] Bot 4<168><BOT><>" got stuck [2] at <-7896.005859 -1379.013916 -11295.968749> Eye Position <-7896.005859 -1379.013916 -11267.968749> Eye Angles <0.000000 -37.658264 0.000000> Last Known Nav Area ID <815>
L 07/04/2026 - 20:37:58: [navbot_stuck_logger.smx] Bot "[NAV] Bot 10<169><BOT><>" got stuck [2] at <-9063.456054 904.096557 -11773.115234> Eye Position <-9063.456054 904.096557 -11745.115234> Eye Angles <0.000000 56.596069 0.000000> Last Known Nav Area ID <706>
L 07/04/2026 - 20:37:59: [navbot_stuck_logger.smx] Bot "[NAV] Bot 17<173><BOT><>" got stuck [1] at <-8554.447265 -726.972656 -11817.968749> Eye Position <-8554.447265 -726.972656 -11753.968749> Eye Angles <18.220825 -60.270996 0.000000> Last Known Nav Area ID <1539>
L 07/04/2026 - 20:38:00: [navbot_stuck_logger.smx] Bot "[NAV] Bot 17<173><BOT><>" got stuck [2] at <-8572.857421 -789.637695 -11817.968749> Eye Position <-8572.857421 -789.637695 -11789.968749> Eye Angles <0.000000 -24.694396 0.000000> Last Known Nav Area ID <1538>
L 07/04/2026 - 20:38:00: [navbot_stuck_logger.smx] Bot "[NAV] Bot 11<172><BOT><>" got stuck [1] at <-7419.673828 -641.273742 -11948.510742> Eye Position <-7419.673828 -641.273742 -11884.510742> Eye Angles <-14.746276 -35.065734 0.000000> Last Known Nav Area ID <1875>
L 07/04/2026 - 20:38:00: [navbot_stuck_logger.smx] Bot "[NAV] Bot 7<167><BOT><>" got stuck [1] at <-8824.355468 -772.959289 -11817.968749> Eye Position <-8824.355468 -772.959289 -11753.968749> Eye Angles <0.000000 138.293258 0.000000> Last Known Nav Area ID <723>
L 07/04/2026 - 20:38:01: [navbot_stuck_logger.smx] Bot "[NAV] Bot 11<172><BOT><>" got stuck [2] at <-7365.615234 -689.357421 -11951.267578> Eye Position <-7365.615234 -689.357421 -11923.267578> Eye Angles <0.955810 109.923706 0.000000> Last Known Nav Area ID <1715>
L 07/04/2026 - 20:38:01: [navbot_stuck_logger.smx] Bot "[NAV] Bot 7<167><BOT><>" got stuck [2] at <-8879.070312 -773.892333 -11817.968749> Eye Position <-8879.070312 -773.892333 -11789.968749> Eye Angles <0.000000 -102.878601 0.000000> Last Known Nav Area ID <96>
L 07/04/2026 - 20:38:04: [navbot_stuck_logger.smx] Bot "[NAV] Bot 4<168><BOT><>" got stuck [1] at <-7896.031249 -1379.060302 -11295.968749> Eye Position <-7896.031249 -1379.060302 -11231.968749> Eye Angles <39.495849 -14.128417 0.000000> Last Known Nav Area ID <815>
L 07/04/2026 - 20:38:04: [navbot_stuck_logger.smx] Bot "[NAV] Bot 10<169><BOT><>" got stuck [1] at <-9063.456054 913.429382 -11773.115234> Eye Position <-9063.456054 913.429382 -11709.115234> Eye Angles <0.000000 -10.291320 0.000000> Last Known Nav Area ID <706>
L 07/04/2026 - 20:38:05: [navbot_stuck_logger.smx] Bot "[NAV] Bot 4<168><BOT><>" got stuck [2] at <-7896.005859 -1379.060302 -11295.968749> Eye Position <-7896.005859 -1379.060302 -11267.968749> Eye Angles <0.000000 -14.139404 0.000000> Last Known Nav Area ID <815>
L 07/04/2026 - 20:38:07: [navbot_stuck_logger.smx] Bot "[NAV] Bot 17<173><BOT><>" got stuck [1] at <-8561.329101 -772.367980 -11817.968749> Eye Position <-8561.329101 -772.367980 -11753.968749> Eye Angles <0.000000 -134.909255 0.000000> Last Known Nav Area ID <1540>
L 07/04/2026 - 20:38:08: [navbot_stuck_logger.smx] Bot "[NAV] Bot 17<173><BOT><>" got stuck [2] at <-8601.411132 -825.059448 -11817.968749> Eye Position <-8601.411132 -825.059448 -11789.968749> Eye Angles <0.000000 176.541946 0.000000> Last Known Nav Area ID <19>
L 07/04/2026 - 20:38:08: [navbot_stuck_logger.smx] Bot "[NAV] Bot 7<167><BOT><>" got stuck [1] at <-8836.403320 -776.353576 -11817.968749> Eye Position <-8836.403320 -776.353576 -11753.968749> Eye Angles <0.000000 140.166427 0.000000> Last Known Nav Area ID <724>
L 07/04/2026 - 20:38:09: [navbot_stuck_logger.smx] Bot "[NAV] Bot 7<167><BOT><>" got stuck [2] at <-8898.284179 -779.167968 -11808.369140> Eye Position <-8898.284179 -779.167968 -11780.369140> Eye Angles <-3.812255 -27.347839 0.000000> Last Known Nav Area ID <725>
L 07/04/2026 - 20:38:10: [navbot_stuck_logger.smx] Bot "[NAV] Bot 7<167><BOT><>" got stuck [3] at <-8884.888671 -772.918212 -11809.465820> Eye Position <-8884.888671 -772.918212 -11745.465820> Eye Angles <17.682495 -112.728073 0.000000> Last Known Nav Area ID <96>
L 07/04/2026 - 20:38:12: [navbot_stuck_logger.smx] Bot "[NAV] Bot 4<168><BOT><>" got stuck [1] at <-7896.020507 -1379.060302 -11295.968749> Eye Position <-7896.020507 -1379.060302 -11231.968749> Eye Angles <0.000000 -72.789916 0.000000> Last Known Nav Area ID <815>
L 07/04/2026 - 20:38:13: [navbot_stuck_logger.smx] Bot "[NAV] Bot 4<168><BOT><>" got stuck [2] at <-7896.005859 -1379.013916 -11295.968749> Eye Position <-7896.005859 -1379.013916 -11267.968749> Eye Angles <0.000000 -37.658264 0.000000> Last Known Nav Area ID <815>
L 07/04/2026 - 20:38:15: [navbot_stuck_logger.smx] Bot "[NAV] Bot 17<173><BOT><>" got stuck [1] at <-8580.486328 -734.220886 -11817.968749> Eye Position <-8580.486328 -734.220886 -11753.968749> Eye Angles <0.000000 -16.619689 0.000000> Last Known Nav Area ID <737>
L 07/04/2026 - 20:38:16: [navbot_stuck_logger.smx] Bot "[NAV] Bot 17<173><BOT><>" got stuck [2] at <-8616.768554 -782.950256 -11778.904296> Eye Position <-8616.768554 -782.950256 -11750.904296> Eye Angles <9.783325 53.665576 0.000000> Last Known Nav Area ID <736>
L 07/04/2026 - 20:38:19: [navbot_stuck_logger.smx] Bot "[NAV] Bot 4<168><BOT><>" got stuck [1] at <-7896.031249 -1379.060302 -11295.968749> Eye Position <-7896.031249 -1379.060302 -11231.968749> Eye Angles <0.000000 -72.784423 0.000000> Last Known Nav Area ID <815>
L 07/04/2026 - 20:38:21: [navbot_stuck_logger.smx] Bot "[NAV] Bot 4<168><BOT><>" got stuck [2] at <-7896.016601 -1379.060302 -11295.968749> Eye Position <-7896.016601 -1379.060302 -11267.968749> Eye Angles <-23.840332 -145.610153 0.000000> Last Known Nav Area ID <815>
L 07/04/2026 - 20:38:26: [navbot_stuck_logger.smx] Bot "[NAV] Bot 9<170><BOT><>" got stuck [1] at <-7119.968749 -1354.813842 -11295.968749> Eye Position <-7119.968749 -1354.813842 -11231.968749> Eye Angles <32.368579 10.483593 0.000000> Last Known Nav Area ID <1658>
L 07/04/2026 - 20:38:27: [navbot_stuck_logger.smx] Bot "[NAV] Bot 9<170><BOT><>" got stuck [2] at <-7119.999023 -1342.146118 -11295.968749> Eye Position <-7119.999023 -1342.146118 -11267.968749> Eye Angles <46.675415 35.609546 0.000000> Last Known Nav Area ID <1658>
L 07/04/2026 - 20:39:27: [navbot_stuck_logger.smx] Bot "[NAV] Bot 5<183><BOT><>" got stuck [1] at <-7128.060058 -1364.031249 -11295.968749> Eye Position <-7128.060058 -1364.031249 -11231.968749> Eye Angles <0.000000 103.980102 0.000000> Last Known Nav Area ID <1029>
L 07/04/2026 - 20:39:28: [navbot_stuck_logger.smx] Bot "[NAV] Bot 5<183><BOT><>" got stuck [2] at <-7128.060058 -1364.010986 -11295.968749> Eye Position <-7128.060058 -1364.010986 -11267.968749> Eye Angles <57.351490 58.037914 0.000000> Last Known Nav Area ID <1029>
L 07/04/2026 - 20:39:35: [navbot_stuck_logger.smx] Bot "[NAV] Bot 5<183><BOT><>" got stuck [1] at <-7128.060058 -1364.010986 -11295.968749> Eye Position <-7128.060058 -1364.010986 -11231.968749> Eye Angles <0.000000 103.985595 0.000000> Last Known Nav Area ID <1029>
L 07/04/2026 - 20:39:36: [navbot_stuck_logger.smx] Bot "[NAV] Bot 5<183><BOT><>" got stuck [2] at <-7128.060058 -1364.010986 -11295.968749> Eye Position <-7128.060058 -1364.010986 -11267.968749> Eye Angles <0.000000 132.874145 0.000000> Last Known Nav Area ID <1029>
L 07/04/2026 - 20:39:39: [navbot_stuck_logger.smx] Bot "[NAV] Bot 2<181><BOT><>" got stuck [1] at <-7125.991210 -1360.031249 -11295.968749> Eye Position <-7125.991210 -1360.031249 -11231.968749> Eye Angles <0.000000 106.534423 0.000000> Last Known Nav Area ID <1029>
L 07/04/2026 - 20:39:40: [navbot_stuck_logger.smx] Bot "[NAV] Bot 2<181><BOT><>" got stuck [2] at <-7125.911621 -1360.012573 -11295.968749> Eye Position <-7125.911621 -1360.012573 -11267.968749> Eye Angles <-11.019287 33.565868 0.000000> Last Known Nav Area ID <1029>
L 07/04/2026 - 20:39:44: [navbot_stuck_logger.smx] Bot "[NAV] Bot 5<183><BOT><>" got stuck [1] at <-7128.060058 -1364.010986 -11295.968749> Eye Position <-7128.060058 -1364.010986 -11231.968749> Eye Angles <0.000000 103.985595 0.000000> Last Known Nav Area ID <1029>
L 07/04/2026 - 20:39:45: [navbot_stuck_logger.smx] Bot "[NAV] Bot 5<183><BOT><>" got stuck [2] at <-7128.060058 -1364.010986 -11295.968749> Eye Position <-7128.060058 -1364.010986 -11267.968749> Eye Angles <0.000000 132.874145 0.000000> Last Known Nav Area ID <1029>
L 07/04/2026 - 20:39:48: [navbot_stuck_logger.smx] Bot "[NAV] Bot 2<181><BOT><>" got stuck [1] at <-7125.968749 -1360.012573 -11295.968749> Eye Position <-7125.968749 -1360.012573 -11231.968749> Eye Angles <46.510620 9.777832 0.000000> Last Known Nav Area ID <1029>
L 07/04/2026 - 20:39:49: [navbot_stuck_logger.smx] Bot "[NAV] Bot 2<181><BOT><>" got stuck [2] at <-7125.999023 -1360.012573 -11295.968749> Eye Position <-7125.999023 -1360.012573 -11267.968749> Eye Angles <29.959716 4.103393 0.000000> Last Known Nav Area ID <1029>
L 07/04/2026 - 20:40:20: [navbot_stuck_logger.smx] Bot "[NAV] Bot 2<188><BOT><>" got stuck [1] at <-7124.599121 -1360.031249 -11295.968749> Eye Position <-7124.599121 -1360.031249 -11231.968749> Eye Angles <37.452392 -3.806762 0.000000> Last Known Nav Area ID <1658>
L 07/04/2026 - 20:40:21: [navbot_stuck_logger.smx] Bot "[NAV] Bot 2<188><BOT><>" got stuck [2] at <-7125.991210 -1360.005859 -11295.968749> Eye Position <-7125.991210 -1360.005859 -11267.968749> Eye Angles <0.000000 12.483325 0.000000> Last Known Nav Area ID <1029>
L 07/04/2026 - 20:40:52: [navbot_stuck_logger.smx] Bot "[NAV] Bot 2<188><BOT><>" got stuck [1] at <-7125.968749 -1360.031249 -11295.968749> Eye Position <-7125.968749 -1360.031249 -11231.968749> Eye Angles <0.000000 106.550903 0.000000> Last Known Nav Area ID <1029>
L 07/04/2026 - 20:40:53: [navbot_stuck_logger.smx] Bot "[NAV] Bot 2<188><BOT><>" got stuck [2] at <-7125.979492 -1360.013061 -11295.968749> Eye Position <-7125.979492 -1360.013061 -11267.968749> Eye Angles <0.000000 135.708618 0.000000> Last Known Nav Area ID <1029>
L 07/04/2026 - 20:41:00: [navbot_stuck_logger.smx] Bot "[NAV] Bot 2<188><BOT><>" got stuck [1] at <-7124.515136 -1360.013061 -11295.968749> Eye Position <-7124.515136 -1360.013061 -11231.968749> Eye Angles <52.640991 50.883178 0.000000> Last Known Nav Area ID <1658>
L 07/04/2026 - 20:41:01: [navbot_stuck_logger.smx] Bot "[NAV] Bot 2<188><BOT><>" got stuck [2] at <-7125.998535 -1360.031249 -11295.968749> Eye Position <-7125.998535 -1360.031249 -11267.968749> Eye Angles <42.637939 71.663818 0.000000> Last Known Nav Area ID <1029>
L 07/04/2026 - 20:41:02: [navbot_stuck_logger.smx] Bot "[NAV] Bot 8<191><BOT><>" got stuck [1] at <-7125.994140 -1360.031249 -11295.968749> Eye Position <-7125.994140 -1360.031249 -11231.968749> Eye Angles <69.741210 64.706619 0.000000> Last Known Nav Area ID <1029>
L 07/04/2026 - 20:41:04: [navbot_stuck_logger.smx] Bot "[NAV] Bot 8<191><BOT><>" got stuck [2] at <-7125.998046 -1360.014648 -11295.968749> Eye Position <-7125.998046 -1360.014648 -11267.968749> Eye Angles <62.080883 6.446337 0.000000> Last Known Nav Area ID <1029>
L 07/04/2026 - 20:41:04: [navbot_stuck_logger.smx] Bot "[NAV] Bot 1<189><BOT><>" got stuck [1] at <-7127.593261 -1364.031249 -11295.968749> Eye Position <-7127.593261 -1364.031249 -11231.968749> Eye Angles <35.815429 41.874389 0.000000> Last Known Nav Area ID <1029>
L 07/04/2026 - 20:41:07: [navbot_stuck_logger.smx] Bot "[NAV] Bot 2<188><BOT><>" got stuck [1] at <-7125.969238 -1360.031249 -11295.968749> Eye Position <-7125.969238 -1360.031249 -11231.968749> Eye Angles <18.058666 78.914794 0.000000> Last Known Nav Area ID <1029>
L 07/04/2026 - 20:41:08: [navbot_stuck_logger.smx] Bot "[NAV] Bot 2<188><BOT><>" got stuck [2] at <-7128.060058 -1364.031249 -11295.968749> Eye Position <-7128.060058 -1364.031249 -11232.035156> Eye Angles <2.227600 74.492797 0.000000> Last Known Nav Area ID <1029>
L 07/04/2026 - 20:41:09: [navbot_stuck_logger.smx] Bot "[NAV] Bot 8<191><BOT><>" got stuck [1] at <-7128.060058 -1364.031249 -11295.968749> Eye Position <-7128.060058 -1364.031249 -11231.968749> Eye Angles <21.928710 60.996093 0.000000> Last Known Nav Area ID <1029>
L 07/04/2026 - 20:41:10: [navbot_stuck_logger.smx] Bot "[NAV] Bot 1<189><BOT><>" got stuck [1] at <-7128.060058 -1364.031249 -11295.968749> Eye Position <-7128.060058 -1364.031249 -11231.968749> Eye Angles <0.000000 96.061813 0.000000> Last Known Nav Area ID <1029>
L 07/04/2026 - 20:41:10: [navbot_stuck_logger.smx] Bot "[NAV] Bot 8<191><BOT><>" got stuck [2] at <-7128.060058 -1364.031249 -11295.968749> Eye Position <-7128.060058 -1364.031249 -11267.968749> Eye Angles <3.655590 96.061813 0.000000> Last Known Nav Area ID <1029>
L 07/04/2026 - 20:41:14: [navbot_stuck_logger.smx] Bot "[NAV] Bot 2<188><BOT><>" got stuck [1] at <-7128.060058 -1364.031249 -11295.968749> Eye Position <-7128.060058 -1364.031249 -11231.968749> Eye Angles <0.000000 103.980102 0.000000> Last Known Nav Area ID <1029>
L 07/04/2026 - 20:41:14: [navbot_stuck_logger.smx] Bot "[NAV] Bot 9<195><BOT><>" got stuck [1] at <-7125.968749 -1360.031249 -11295.968749> Eye Position <-7125.968749 -1360.031249 -11231.968749> Eye Angles <0.000000 106.550903 0.000000> Last Known Nav Area ID <1029>
L 07/04/2026 - 20:41:15: [navbot_stuck_logger.smx] Bot "[NAV] Bot 2<188><BOT><>" got stuck [2] at <-7128.060058 -1364.031249 -11295.968749> Eye Position <-7128.060058 -1364.031249 -11267.968749> Eye Angles <0.000000 132.868652 0.000000> Last Known Nav Area ID <1029>
L 07/04/2026 - 20:41:15: [navbot_stuck_logger.smx] Bot "[NAV] Bot 9<195><BOT><>" got stuck [2] at <-7125.987792 -1360.001953 -11295.968749> Eye Position <-7125.987792 -1360.001953 -11267.968749> Eye Angles <-8.327636 -162.987670 0.000000> Last Known Nav Area ID <1029>
L 07/04/2026 - 20:41:16: [navbot_stuck_logger.smx] Bot "[NAV] Bot 1<189><BOT><>" got stuck [1] at <-7125.968749 -1360.031249 -11295.968749> Eye Position <-7125.968749 -1360.031249 -11231.968749> Eye Angles <1.342968 31.396289 0.000000> Last Known Nav Area ID <1029>
L 07/04/2026 - 20:41:16: [navbot_stuck_logger.smx] Bot "[NAV] Bot 8<191><BOT><>" got stuck [1] at <-7128.060058 -1364.031249 -11295.968749> Eye Position <-7128.060058 -1364.031249 -11231.968749> Eye Angles <35.073852 49.930004 0.000000> Last Known Nav Area ID <1029>
L 07/04/2026 - 20:41:17: [navbot_stuck_logger.smx] Bot "[NAV] Bot 1<189><BOT><>" got stuck [2] at <-7125.968749 -1360.029663 -11295.968749> Eye Position <-7125.968749 -1360.029663 -11267.968749> Eye Angles <0.000000 139.282028 0.000000> Last Known Nav Area ID <1029>
L 07/04/2026 - 20:41:17: [navbot_stuck_logger.smx] Bot "[NAV] Bot 8<191><BOT><>" got stuck [2] at <-7128.060058 -1364.031249 -11295.968749> Eye Position <-7128.060058 -1364.031249 -11267.968749> Eye Angles <-10.469970 2.158813 0.000000> Last Known Nav Area ID <1029>
L 07/04/2026 - 20:41:22: [navbot_stuck_logger.smx] Bot "[NAV] Bot 2<188><BOT><>" got stuck [1] at <-7125.981445 -1360.031249 -11295.968749> Eye Position <-7125.981445 -1360.031249 -11231.968749> Eye Angles <59.479980 140.254104 0.000000> Last Known Nav Area ID <1029>
L 07/04/2026 - 20:41:22: [navbot_stuck_logger.smx] Bot "[NAV] Bot 9<195><BOT><>" got stuck [1] at <-7125.985839 -1360.001953 -11295.968749> Eye Position <-7125.985839 -1360.001953 -11231.968749> Eye Angles <59.479980 54.283447 0.000000> Last Known Nav Area ID <1029>
L 07/04/2026 - 20:41:23: [navbot_stuck_logger.smx] Bot "[NAV] Bot 2<188><BOT><>" got stuck [2] at <-7125.994140 -1360.009155 -11295.968749> Eye Position <-7125.994140 -1360.009155 -11267.968749> Eye Angles <23.925365 89.349166 0.000000> Last Known Nav Area ID <1029>
L 07/04/2026 - 20:41:23: [navbot_stuck_logger.smx] Bot "[NAV] Bot 9<195><BOT><>" got stuck [2] at <-7125.992187 -1360.001953 -11295.968749> Eye Position <-7125.992187 -1360.001953 -11267.968749> Eye Angles <25.106395 89.349166 0.000000> Last Known Nav Area ID <1029>
L 07/04/2026 - 20:41:24: [navbot_stuck_logger.smx] Bot "[NAV] Bot 1<189><BOT><>" got stuck [1] at <-7125.970703 -1360.029663 -11295.968749> Eye Position <-7125.970703 -1360.029663 -11231.968749> Eye Angles <0.000000 106.550903 0.000000> Last Known Nav Area ID <1029>
L 07/04/2026 - 20:41:25: [navbot_stuck_logger.smx] Bot "[NAV] Bot 8<191><BOT><>" got stuck [1] at <-7128.060058 -1364.031249 -11295.968749> Eye Position <-7128.060058 -1364.031249 -11231.968749> Eye Angles <0.000000 103.980102 0.000000> Last Known Nav Area ID <1029>
L 07/04/2026 - 20:41:25: [navbot_stuck_logger.smx] Bot "[NAV] Bot 1<189><BOT><>" got stuck [2] at <-7125.981933 -1360.005126 -11295.968749> Eye Position <-7125.981933 -1360.005126 -11267.968749> Eye Angles <-8.327636 -162.993164 0.000000> Last Known Nav Area ID <1029>
L 07/04/2026 - 20:41:26: [navbot_stuck_logger.smx] Bot "[NAV] Bot 8<191><BOT><>" got stuck [2] at <-7128.060058 -1364.011474 -11295.968749> Eye Position <-7128.060058 -1364.011474 -11267.968749> Eye Angles <0.000000 132.874145 0.000000> Last Known Nav Area ID <1029>
L 07/04/2026 - 20:41:31: [navbot_stuck_logger.smx] Bot "[NAV] Bot 2<188><BOT><>" got stuck [1] at <-7125.968749 -1360.009155 -11295.968749> Eye Position <-7125.968749 -1360.009155 -11231.968749> Eye Angles <0.000000 106.556396 0.000000> Last Known Nav Area ID <1029>
L 07/04/2026 - 20:41:31: [navbot_stuck_logger.smx] Bot "[NAV] Bot 9<195><BOT><>" got stuck [1] at <-7125.968749 -1360.001953 -11295.968749> Eye Position <-7125.968749 -1360.001953 -11231.968749> Eye Angles <0.000000 106.556396 0.000000> Last Known Nav Area ID <1029>
L 07/04/2026 - 20:41:32: [navbot_stuck_logger.smx] Bot "[NAV] Bot 2<188><BOT><>" got stuck [2] at <-7125.979492 -1360.009155 -11295.968749> Eye Position <-7125.979492 -1360.009155 -11267.968749> Eye Angles <-8.327636 141.622116 0.000000> Last Known Nav Area ID <1029>
L 07/04/2026 - 20:41:32: [navbot_stuck_logger.smx] Bot "[NAV] Bot 9<195><BOT><>" got stuck [2] at <-7125.979492 -1360.001953 -11295.968749> Eye Position <-7125.979492 -1360.001953 -11267.968749> Eye Angles <0.000000 106.550903 0.000000> Last Known Nav Area ID <1029>
L 07/04/2026 - 20:41:33: [navbot_stuck_logger.smx] Bot "[NAV] Bot 1<189><BOT><>" got stuck [1] at <-7125.968749 -1360.005126 -11295.968749> Eye Position <-7125.968749 -1360.005126 -11231.968749> Eye Angles <0.000000 106.556396 0.000000> Last Known Nav Area ID <1029>
L 07/04/2026 - 20:41:33: [navbot_stuck_logger.smx] Bot "[NAV] Bot 8<191><BOT><>" got stuck [1] at <-7128.060058 -1364.011474 -11295.968749> Eye Position <-7128.060058 -1364.011474 -11231.968749> Eye Angles <0.000000 103.985595 0.000000> Last Known Nav Area ID <1029>
L 07/04/2026 - 20:41:34: [navbot_stuck_logger.smx] Bot "[NAV] Bot 1<189><BOT><>" got stuck [2] at <-7125.979980 -1360.033935 -11295.968749> Eye Position <-7125.979980 -1360.033935 -11267.968749> Eye Angles <0.000000 141.622116 0.000000> Last Known Nav Area ID <1029>
L 07/04/2026 - 20:41:34: [navbot_stuck_logger.smx] Bot "[NAV] Bot 8<191><BOT><>" got stuck [2] at <-7128.060058 -1364.011474 -11295.968749> Eye Position <-7128.060058 -1364.011474 -11267.968749> Eye Angles <-10.469970 2.131347 0.000000> Last Known Nav Area ID <1029>
L 07/04/2026 - 20:41:40: [navbot_stuck_logger.smx] Bot "[NAV] Bot 9<195><BOT><>" got stuck [1] at <-7194.581054 -1331.101318 -11295.968749> Eye Position <-7194.581054 -1331.101318 -11231.968749> Eye Angles <66.873779 15.886230 0.000000> Last Known Nav Area ID <233>
L 07/04/2026 - 20:41:40: [navbot_stuck_logger.smx] Bot "[NAV] Bot 2<188><BOT><>" got stuck [1] at <-7179.009765 -1362.580322 -11295.968749> Eye Position <-7179.009765 -1362.580322 -11231.968749> Eye Angles <67.247314 24.949951 0.000000> Last Known Nav Area ID <233>
L 07/04/2026 - 20:41:54: [navbot_stuck_logger.smx] Bot "[NAV] Bot 9<195><BOT><>" got stuck [1] at <-7164.031249 -1348.931518 -11615.968749> Eye Position <-7164.031249 -1348.931518 -11551.968749> Eye Angles <-83.457641 -34.420166 0.000000> Last Known Nav Area ID <1044>
L 07/04/2026 - 20:41:58: [navbot_stuck_logger.smx] Bot "[NAV] Bot 4<193><BOT><>" got stuck [1] at <-6624.192382 -1433.429931 -11111.968749> Eye Position <-6624.192382 -1433.429931 -11047.968749> Eye Angles <68.214111 179.994506 0.000000> Last Known Nav Area ID <460>
L 07/04/2026 - 20:43:21: [navbot_stuck_logger.smx] Bot "[NAV] Bot 3<202><BOT><>" got stuck [1] at <-7896.031249 -1379.060302 -11295.968749> Eye Position <-7896.031249 -1379.060302 -11231.968749> Eye Angles <0.000000 -23.719482 0.000000> Last Known Nav Area ID <815>
L 07/04/2026 - 20:43:22: [navbot_stuck_logger.smx] Bot "[NAV] Bot 3<202><BOT><>" got stuck [2] at <-7896.031249 -1379.060302 -11295.968749> Eye Position <-7896.031249 -1379.060302 -11267.968749> Eye Angles <0.000000 -36.458129 0.000000> Last Known Nav Area ID <815>
L 07/04/2026 - 20:43:28: [navbot_stuck_logger.smx] Bot "[NAV] Bot 2<205><BOT><>" got stuck [1] at <-7896.031249 -1379.060302 -11295.968749> Eye Position <-7896.031249 -1379.060302 -11231.968749> Eye Angles <0.000000 -23.719482 0.000000> Last Known Nav Area ID <815>
L 07/04/2026 - 20:43:29: [navbot_stuck_logger.smx] Bot "[NAV] Bot 2<205><BOT><>" got stuck [2] at <-7911.432128 -1352.844848 -11295.968749> Eye Position <-7911.432128 -1352.844848 -11231.968749> Eye Angles <4.897046 11.390185 0.000000> Last Known Nav Area ID <1496>
L 07/04/2026 - 20:43:53: [navbot_stuck_logger.smx] Bot "[NAV] Bot 14<196><BOT><>" got stuck [1] at <-7896.031249 -1379.060302 -11295.968749> Eye Position <-7896.031249 -1379.060302 -11231.968749> Eye Angles <73.751220 66.302490 0.000000> Last Known Nav Area ID <815>
L 07/04/2026 - 20:43:54: [navbot_stuck_logger.smx] Bot "[NAV] Bot 14<196><BOT><>" got stuck [2] at <-7896.000488 -1379.060302 -11295.968749> Eye Position <-7896.000488 -1379.060302 -11267.968749> Eye Angles <85.193481 13.419799 0.000000> Last Known Nav Area ID <815>
L 07/04/2026 - 20:44:14: [navbot_stuck_logger.smx] Bot "[NAV] Bot 12<201><BOT><>" got stuck [1] at <-7161.939941 -1364.031249 -11615.968749> Eye Position <-7161.939941 -1364.031249 -11551.968749> Eye Angles <9.453735 13.551635 0.000000> Last Known Nav Area ID <1044>
L 07/04/2026 - 20:44:15: [navbot_stuck_logger.smx] Bot "[NAV] Bot 12<201><BOT><>" got stuck [2] at <-7151.023925 -1372.636840 -11615.968749> Eye Position <-7151.023925 -1372.636840 -11587.968749> Eye Angles <-19.072265 48.543090 0.000000> Last Known Nav Area ID <1044>
L 07/04/2026 - 20:44:31: [navbot_stuck_logger.smx] Bot "[NAV] Bot 12<201><BOT><>" got stuck [1] at <-7184.031249 -1060.774536 -12069.031249> Eye Position <-7184.031249 -1060.774536 -12005.031249> Eye Angles <-66.450805 -38.531677 0.000000> Last Known Nav Area ID <1612>
L 07/04/2026 - 20:44:32: [navbot_stuck_logger.smx] Bot "[NAV] Bot 12<201><BOT><>" got stuck [2] at <-7193.902343 -1126.329956 -12069.031249> Eye Position <-7193.902343 -1126.329956 -12005.031249> Eye Angles <-70.609130 -3.955078 0.000000> Last Known Nav Area ID <1612>
L 07/04/2026 - 20:44:33: [navbot_stuck_logger.smx] Bot "[NAV] Bot 12<201><BOT><>" got stuck [3] at <-7184.009765 -1164.513671 -12069.031249> Eye Position <-7184.009765 -1164.513671 -12005.031249> Eye Angles <-82.551269 24.694408 0.000000> Last Known Nav Area ID <1612>
L 07/04/2026 - 20:44:34: [navbot_stuck_logger.smx] Bot "[NAV] Bot 12<201><BOT><>" got stuck [4] at <-7184.031249 -1113.605102 -12069.031249> Eye Position <-7184.031249 -1113.605102 -12005.031249> Eye Angles <-4.312133 105.606079 0.000000> Last Known Nav Area ID <1612>
L 07/04/2026 - 20:44:35: [navbot_stuck_logger.smx] Bot "[NAV] Bot 12<201><BOT><>" got stuck [5] at <-7184.031249 -1111.708618 -12073.924804> Eye Position <-7184.031249 -1111.708618 -12009.924804> Eye Angles <-3.740844 92.592773 0.000000> Last Known Nav Area ID <1612>
L 07/04/2026 - 20:44:49: [navbot_stuck_logger.smx] Bot "[NAV] Bot 2<205><BOT><>" got stuck [1] at <-6950.538085 -1373.774658 -11126.989257> Eye Position <-6950.538085 -1373.774658 -11062.989257> Eye Angles <9.909667 43.008617 0.000000> Last Known Nav Area ID <1664>
L 07/04/2026 - 20:45:21: [navbot_stuck_logger.smx] Bot "[NAV] Bot 13<204><BOT><>" got stuck [1] at <-7201.143554 -1192.853515 -11455.968749> Eye Position <-7201.143554 -1192.853515 -11391.968749> Eye Angles <39.553417 97.580566 0.000000> Last Known Nav Area ID <1323>
L 07/04/2026 - 20:45:22: [navbot_stuck_logger.smx] Bot "[NAV] Bot 13<204><BOT><>" got stuck [2] at <-7238.093749 -1150.986816 -11455.968749> Eye Position <-7238.093749 -1150.986816 -11427.968749> Eye Angles <0.000000 58.889354 0.000000> Last Known Nav Area ID <1219>
L 07/04/2026 - 20:45:43: [navbot_stuck_logger.smx] Bot "[NAV] Bot 3<202><BOT><>" got stuck [1] at <-7896.006835 -1379.060302 -11295.968749> Eye Position <-7896.006835 -1379.060302 -11231.968749> Eye Angles <0.000000 -26.680297 0.000000> Last Known Nav Area ID <815>
L 07/04/2026 - 20:45:44: [navbot_stuck_logger.smx] Bot "[NAV] Bot 3<202><BOT><>" got stuck [2] at <-7896.006835 -1379.060302 -11295.968749> Eye Position <-7896.006835 -1379.060302 -11267.968749> Eye Angles <0.000000 -33.310546 0.000000> Last Known Nav Area ID <815>
L 07/04/2026 - 20:45:52: [navbot_stuck_logger.smx] Bot "[NAV] Bot 3<202><BOT><>" got stuck [1] at <-7919.309570 -1331.363159 -11295.968749> Eye Position <-7919.309570 -1331.363159 -11231.968749> Eye Angles <54.931640 98.206787 0.000000> Last Known Nav Area ID <1496>
L 07/04/2026 - 20:45:56: [navbot_stuck_logger.smx] Bot "[NAV] Bot 13<204><BOT><>" got stuck [1] at <-6948.222167 -1375.362060 -11125.445312> Eye Position <-6948.222167 -1375.362060 -11061.445312> Eye Angles <4.240722 -14.106445 0.000000> Last Known Nav Area ID <1664>
L 07/04/2026 - 20:46:21: [navbot_stuck_logger.smx] Bot "[NAV] Bot 13<204><BOT><>" got stuck [1] at <-7896.031249 -1378.772216 -11295.968749> Eye Position <-7896.031249 -1378.772216 -11231.968749> Eye Angles <48.103637 50.679931 0.000000> Last Known Nav Area ID <815>
L 07/04/2026 - 20:46:53: [navbot_stuck_logger.smx] Bot "[NAV] Bot 14<196><BOT><>" got stuck [1] at <-7377.139648 -1519.251708 -11541.031249> Eye Position <-7377.139648 -1519.251708 -11477.031249> Eye Angles <-50.092163 179.999999 0.000000> Last Known Nav Area ID <1372>
L 07/04/2026 - 20:47:02: [navbot_stuck_logger.smx] Bot "[NAV] Bot 14<196><BOT><>" got stuck [1] at <-7377.139648 -1519.244018 -11541.031249> Eye Position <-7377.139648 -1519.244018 -11477.031249> Eye Angles <-50.092163 179.999999 0.000000> Last Known Nav Area ID <1372>
L 07/04/2026 - 20:47:03: [navbot_stuck_logger.smx] Bot "[NAV] Bot 14<196><BOT><>" got stuck [2] at <-7369.991210 -1509.668090 -11579.010742> Eye Position <-7369.991210 -1509.668090 -11515.010742> Eye Angles <-50.092163 179.999999 0.000000> Last Known Nav Area ID <1372>
L 07/04/2026 - 20:48:45: [navbot_stuck_logger.smx] Bot "[NAV] Bot 13<204><BOT><>" got stuck [1] at <-9063.456054 915.050781 -11773.115234> Eye Position <-9063.456054 915.050781 -11709.115234> Eye Angles <56.931152 -120.228881 0.000000> Last Known Nav Area ID <706>
L 07/04/2026 - 20:48:46: [navbot_stuck_logger.smx] Bot "[NAV] Bot 13<204><BOT><>" got stuck [2] at <-9015.471679 877.126953 -11748.468749> Eye Position <-9015.471679 877.126953 -11684.535156> Eye Angles <13.779492 -113.458450 0.000000> Last Known Nav Area ID <267>
L 07/04/2026 - 20:49:06: [navbot_stuck_logger.smx] Bot "[NAV] Bot 15<199><BOT><>" got stuck [1] at <-7377.139648 -1511.401367 -11541.031249> Eye Position <-7377.139648 -1511.401367 -11477.031249> Eye Angles <-50.163574 179.999999 0.000000> Last Known Nav Area ID <1372>
L 07/04/2026 - 20:49:07: [navbot_stuck_logger.smx] Bot "[NAV] Bot 15<199><BOT><>" got stuck [2] at <-7377.139648 -1511.401367 -11541.031249> Eye Position <-7377.139648 -1511.401367 -11477.031249> Eye Angles <-50.163574 179.999999 0.000000> Last Known Nav Area ID <1372>
L 07/04/2026 - 20:49:08: [navbot_stuck_logger.smx] Bot "[NAV] Bot 15<199><BOT><>" got stuck [3] at <-7377.139648 -1511.401367 -11541.031249> Eye Position <-7377.139648 -1511.401367 -11477.031249> Eye Angles <-50.163574 179.999999 0.000000> Last Known Nav Area ID <1372>
L 07/04/2026 - 20:49:08: [navbot_stuck_logger.smx] Bot "[NAV] Bot 6<200><BOT><>" got stuck [1] at <-9066.196289 884.670776 -11817.968749> Eye Position <-9066.196289 884.670776 -11753.968749> Eye Angles <0.000000 88.731079 0.000000> Last Known Nav Area ID <365>
L 07/04/2026 - 20:49:15: [navbot_stuck_logger.smx] Bot "[NAV] Bot 15<199><BOT><>" got stuck [1] at <-7377.139648 -1511.377807 -11541.031249> Eye Position <-7377.139648 -1511.377807 -11477.031249> Eye Angles <-50.092163 -179.989013 0.000000> Last Known Nav Area ID <1372>
L 07/04/2026 - 20:49:16: [navbot_stuck_logger.smx] Bot "[NAV] Bot 15<199><BOT><>" got stuck [2] at <-7377.139648 -1511.390136 -11541.031249> Eye Position <-7377.139648 -1511.390136 -11477.031249> Eye Angles <-50.092163 -179.994506 0.000000> Last Known Nav Area ID <1372>
L 07/04/2026 - 20:49:17: [navbot_stuck_logger.smx] Bot "[NAV] Bot 15<199><BOT><>" got stuck [3] at <-7377.139648 -1511.394653 -11541.031249> Eye Position <-7377.139648 -1511.394653 -11477.031249> Eye Angles <-50.092163 179.999999 0.000000> Last Known Nav Area ID <1372>
L 07/04/2026 - 20:49:19: [navbot_stuck_logger.smx] Bot "[NAV] Bot 13<204><BOT><>" got stuck [1] at <-9066.773437 884.670776 -11817.968749> Eye Position <-9066.773437 884.670776 -11753.968749> Eye Angles <0.000000 14.076342 0.000000> Last Known Nav Area ID <365>
L 07/04/2026 - 20:49:20: [navbot_stuck_logger.smx] Bot "[NAV] Bot 13<204><BOT><>" got stuck [2] at <-9026.937499 882.710083 -11745.956054> Eye Position <-9026.937499 882.710083 -11682.022460> Eye Angles <5.267944 -0.604248 0.000000> Last Known Nav Area ID <706>
L 07/04/2026 - 20:49:24: [navbot_stuck_logger.smx] Bot "[NAV] Bot 15<199><BOT><>" got stuck [1] at <-7377.139648 -1511.386962 -11541.031249> Eye Position <-7377.139648 -1511.386962 -11477.031249> Eye Angles <-50.092163 -179.994506 0.000000> Last Known Nav Area ID <1372>
L 07/04/2026 - 20:49:25: [navbot_stuck_logger.smx] Bot "[NAV] Bot 15<199><BOT><>" got stuck [2] at <-7377.139648 -1511.415283 -11541.031249> Eye Position <-7377.139648 -1511.415283 -11477.031249> Eye Angles <-50.092163 179.983520 0.000000> Last Known Nav Area ID <1372>
L 07/04/2026 - 20:49:26: [navbot_stuck_logger.smx] Bot "[NAV] Bot 15<199><BOT><>" got stuck [3] at <-7377.139648 -1511.396728 -11541.031249> Eye Position <-7377.139648 -1511.396728 -11477.031249> Eye Angles <-50.092163 179.994506 0.000000> Last Known Nav Area ID <1372>
L 07/04/2026 - 20:49:32: [navbot_stuck_logger.smx] Bot "[NAV] Bot 13<204><BOT><>" got stuck [1] at <-8904.031249 155.873016 -11685.671874> Eye Position <-8904.031249 155.873016 -11621.671874> Eye Angles <0.000000 -3.246459 0.000000> Last Known Nav Area ID <1790>
L 07/04/2026 - 20:49:33: [navbot_stuck_logger.smx] Bot "[NAV] Bot 15<199><BOT><>" got stuck [1] at <-7377.139648 -1511.395019 -11541.031249> Eye Position <-7377.139648 -1511.395019 -11477.031249> Eye Angles <-50.092163 179.999999 0.000000> Last Known Nav Area ID <1372>
L 07/04/2026 - 20:49:33: [navbot_stuck_logger.smx] Bot "[NAV] Bot 13<204><BOT><>" got stuck [2] at <-8844.584960 151.501113 -11698.672851> Eye Position <-8844.584960 151.501113 -11670.672851> Eye Angles <-5.037231 -1.939086 0.000000> Last Known Nav Area ID <1693>
L 07/04/2026 - 20:49:34: [navbot_stuck_logger.smx] Bot "[NAV] Bot 15<199><BOT><>" got stuck [2] at <-7377.139648 -1511.395019 -11541.031249> Eye Position <-7377.139648 -1511.395019 -11477.031249> Eye Angles <-50.092163 179.999999 0.000000> Last Known Nav Area ID <1372>
L 07/04/2026 - 20:49:35: [navbot_stuck_logger.smx] Bot "[NAV] Bot 15<199><BOT><>" got stuck [3] at <-7377.139648 -1511.395019 -11541.031249> Eye Position <-7377.139648 -1511.395019 -11477.031249> Eye Angles <-50.092163 179.999999 0.000000> Last Known Nav Area ID <1372>
L 07/04/2026 - 20:49:36: [navbot_stuck_logger.smx] Bot "[NAV] Bot 15<199><BOT><>" got stuck [4] at <-7324.543945 -1492.745483 -11615.968749> Eye Position <-7324.543945 -1492.745483 -11551.968749> Eye Angles <-14.960510 144.868362 0.000000> Last Known Nav Area ID <1545>
L 07/04/2026 - 20:49:47: [navbot_stuck_logger.smx] Bot "[NAV] Bot 17<198><BOT><>" got stuck [1] at <-6879.381347 -1088.004882 -11615.968749> Eye Position <-6879.381347 -1088.004882 -11551.968749> Eye Angles <59.271240 90.021972 0.000000> Last Known Nav Area ID <1515>
L 07/04/2026 - 20:49:48: [navbot_stuck_logger.smx] Bot "[NAV] Bot 17<198><BOT><>" got stuck [2] at <-6879.403320 -1088.004882 -11615.968749> Eye Position <-6879.403320 -1088.004882 -11551.968749> Eye Angles <59.271240 89.983520 0.000000> Last Known Nav Area ID <1515>
L 07/04/2026 - 20:49:49: [navbot_stuck_logger.smx] Bot "[NAV] Bot 17<198><BOT><>" got stuck [3] at <-6879.400878 -1088.004882 -11615.968749> Eye Position <-6879.400878 -1088.004882 -11551.968749> Eye Angles <59.271240 89.989013 0.000000> Last Known Nav Area ID <1515>
L 07/04/2026 - 20:49:50: [navbot_stuck_logger.smx] Bot "[NAV] Bot 17<198><BOT><>" got stuck [4] at <-6879.401855 -1088.004882 -11615.968749> Eye Position <-6879.401855 -1088.004882 -11551.968749> Eye Angles <59.271240 89.989013 0.000000> Last Known Nav Area ID <1515>
L 07/04/2026 - 20:49:51: [navbot_stuck_logger.smx] Bot "[NAV] Bot 17<198><BOT><>" got stuck [5] at <-6879.407226 -1088.004882 -11615.968749> Eye Position <-6879.407226 -1088.004882 -11551.968749> Eye Angles <59.271240 89.983520 0.000000> Last Known Nav Area ID <1515>
L 07/04/2026 - 20:49:52: [navbot_stuck_logger.smx] Bot "[NAV] Bot 17<198><BOT><>" got stuck [6] at <-6879.406249 -1088.004882 -11615.968749> Eye Position <-6879.406249 -1088.004882 -11551.968749> Eye Angles <59.271240 89.978027 0.000000> Last Known Nav Area ID <1515>
L 07/04/2026 - 20:49:53: [navbot_stuck_logger.smx] Bot "[NAV] Bot 17<198><BOT><>" got stuck [7] at <-6879.392578 -1088.004882 -11615.968749> Eye Position <-6879.392578 -1088.004882 -11551.968749> Eye Angles <59.271240 90.000000 0.000000> Last Known Nav Area ID <1515>
L 07/04/2026 - 20:49:54: [navbot_stuck_logger.smx] Bot "[NAV] Bot 17<198><BOT><>" got stuck [8] at <-6879.392578 -1088.004882 -11615.968749> Eye Position <-6879.392578 -1088.004882 -11551.968749> Eye Angles <59.271240 90.000000 0.000000> Last Known Nav Area ID <1515>
L 07/04/2026 - 20:49:55: [navbot_stuck_logger.smx] Bot "[NAV] Bot 17<198><BOT><>" got stuck [9] at <-6879.392578 -1088.004882 -11615.968749> Eye Position <-6879.392578 -1088.004882 -11551.968749> Eye Angles <59.271240 90.000000 0.000000> Last Known Nav Area ID <1515>
L 07/04/2026 - 20:49:56: [navbot_stuck_logger.smx] Bot "[NAV] Bot 17<198><BOT><>" got stuck [10] at <-6879.392578 -1088.004882 -11615.968749> Eye Position <-6879.392578 -1088.004882 -11551.968749> Eye Angles <59.271240 90.000000 0.000000> Last Known Nav Area ID <1515>
L 07/04/2026 - 20:49:57: [navbot_stuck_logger.smx] Bot "[NAV] Bot 17<198><BOT><>" got stuck [11] at <-6879.392578 -1088.004882 -11615.968749> Eye Position <-6879.392578 -1088.004882 -11551.968749> Eye Angles <59.271240 90.000000 0.000000> Last Known Nav Area ID <1515>
L 07/04/2026 - 20:49:58: [navbot_stuck_logger.smx] Bot "[NAV] Bot 17<198><BOT><>" got stuck [12] at <-6879.392578 -1088.004882 -11615.968749> Eye Position <-6879.392578 -1088.004882 -11551.968749> Eye Angles <59.271240 90.000000 0.000000> Last Known Nav Area ID <1515>
L 07/04/2026 - 20:49:59: [navbot_stuck_logger.smx] Bot "[NAV] Bot 17<198><BOT><>" got stuck [13] at <-6879.392578 -1088.004882 -11615.968749> Eye Position <-6879.392578 -1088.004882 -11551.968749> Eye Angles <59.271240 90.000000 0.000000> Last Known Nav Area ID <1515>
L 07/04/2026 - 20:50:01: [navbot_stuck_logger.smx] Bot "[NAV] Bot 17<198><BOT><>" got stuck [14] at <-6879.392578 -1088.004882 -11615.968749> Eye Position <-6879.392578 -1088.004882 -11551.968749> Eye Angles <59.271240 90.000000 0.000000> Last Known Nav Area ID <1515>
L 07/04/2026 - 20:50:02: [navbot_stuck_logger.smx] Bot "[NAV] Bot 17<198><BOT><>" got stuck [15] at <-6879.392578 -1088.004882 -11615.968749> Eye Position <-6879.392578 -1088.004882 -11551.968749> Eye Angles <59.271240 90.000000 0.000000> Last Known Nav Area ID <1515>
L 07/04/2026 - 20:50:03: [navbot_stuck_logger.smx] Bot "[NAV] Bot 17<198><BOT><>" got stuck [16] at <-6879.392578 -1088.004882 -11615.968749> Eye Position <-6879.392578 -1088.004882 -11551.968749> Eye Angles <59.271240 90.000000 0.000000> Last Known Nav Area ID <1515>
L 07/04/2026 - 20:50:03: [navbot_stuck_logger.smx] Bot "[NAV] Bot 17<198><BOT><>" got stuck [1] at <-6879.392578 -1088.004882 -11615.968749> Eye Position <-6879.392578 -1088.004882 -11551.968749> Eye Angles <59.271240 90.000000 0.000000> Last Known Nav Area ID <1515>
L 07/04/2026 - 20:50:04: [navbot_stuck_logger.smx] Bot "[NAV] Bot 17<198><BOT><>" got stuck [2] at <-6879.392578 -1088.004882 -11615.968749> Eye Position <-6879.392578 -1088.004882 -11551.968749> Eye Angles <59.271240 90.000000 0.000000> Last Known Nav Area ID <1515>
L 07/04/2026 - 20:50:05: [navbot_stuck_logger.smx] Bot "[NAV] Bot 17<198><BOT><>" got stuck [3] at <-6879.392578 -1088.004882 -11615.968749> Eye Position <-6879.392578 -1088.004882 -11551.968749> Eye Angles <59.271240 90.000000 0.000000> Last Known Nav Area ID <1515>
L 07/04/2026 - 20:50:06: [navbot_stuck_logger.smx] Bot "[NAV] Bot 17<198><BOT><>" got stuck [4] at <-6879.392578 -1088.004882 -11615.968749> Eye Position <-6879.392578 -1088.004882 -11551.968749> Eye Angles <59.271240 90.000000 0.000000> Last Known Nav Area ID <1515>
L 07/04/2026 - 20:50:07: [navbot_stuck_logger.smx] Bot "[NAV] Bot 17<198><BOT><>" got stuck [5] at <-6879.392578 -1088.004882 -11615.968749> Eye Position <-6879.392578 -1088.004882 -11551.968749> Eye Angles <59.271240 90.000000 0.000000> Last Known Nav Area ID <1515>
L 07/04/2026 - 20:50:08: [navbot_stuck_logger.smx] Bot "[NAV] Bot 17<198><BOT><>" got stuck [6] at <-6879.392578 -1088.004882 -11615.968749> Eye Position <-6879.392578 -1088.004882 -11551.968749> Eye Angles <59.271240 90.000000 0.000000> Last Known Nav Area ID <1515>
L 07/04/2026 - 20:50:09: [navbot_stuck_logger.smx] Bot "[NAV] Bot 17<198><BOT><>" got stuck [7] at <-6879.392578 -1088.004882 -11615.968749> Eye Position <-6879.392578 -1088.004882 -11551.968749> Eye Angles <59.271240 90.000000 0.000000> Last Known Nav Area ID <1515>
L 07/04/2026 - 20:50:10: [navbot_stuck_logger.smx] Bot "[NAV] Bot 17<198><BOT><>" got stuck [8] at <-6879.392578 -1088.004882 -11615.968749> Eye Position <-6879.392578 -1088.004882 -11551.968749> Eye Angles <59.271240 90.000000 0.000000> Last Known Nav Area ID <1515>
L 07/04/2026 - 20:50:11: [navbot_stuck_logger.smx] Bot "[NAV] Bot 17<198><BOT><>" got stuck [9] at <-6879.392578 -1088.004882 -11615.968749> Eye Position <-6879.392578 -1088.004882 -11551.968749> Eye Angles <59.271240 90.000000 0.000000> Last Known Nav Area ID <1515>
L 07/04/2026 - 20:50:12: [navbot_stuck_logger.smx] Bot "[NAV] Bot 17<198><BOT><>" got stuck [10] at <-6879.392578 -1088.004882 -11615.968749> Eye Position <-6879.392578 -1088.004882 -11551.968749> Eye Angles <59.271240 90.000000 0.000000> Last Known Nav Area ID <1515>
L 07/04/2026 - 20:51:08: [navbot_stuck_logger.smx] Bot "[NAV] Bot 13<204><BOT><>" got stuck [1] at <-6753.638183 -933.833923 -11975.943359> Eye Position <-6753.638183 -933.833923 -11911.943359> Eye Angles <0.043945 41.380004 0.000000> Last Known Nav Area ID <886>
L 07/04/2026 - 20:51:09: [navbot_stuck_logger.smx] Bot "[NAV] Bot 13<204><BOT><>" got stuck [2] at <-6748.954589 -938.516906 -11975.944335> Eye Position <-6748.954589 -938.516906 -11911.944335> Eye Angles <63.923950 4.509887 0.000000> Last Known Nav Area ID <886>
L 07/04/2026 - 20:51:10: [navbot_stuck_logger.smx] Bot "[NAV] Bot 13<204><BOT><>" got stuck [3] at <-6751.751953 -935.697204 -11975.893554> Eye Position <-6751.751953 -935.697204 -11911.893554> Eye Angles <25.804027 32.159839 0.000000> Last Known Nav Area ID <886>
L 07/04/2026 - 20:51:11: [navbot_stuck_logger.smx] Bot "[NAV] Bot 13<204><BOT><>" got stuck [4] at <-6758.739257 -928.753356 -11975.984374> Eye Position <-6758.739257 -928.753356 -11911.984374> Eye Angles <0.016479 95.463058 0.000000> Last Known Nav Area ID <886>
L 07/04/2026 - 20:51:12: [navbot_stuck_logger.smx] Bot "[NAV] Bot 13<204><BOT><>" got stuck [5] at <-6752.798339 -934.668640 -11975.932617> Eye Position <-6752.798339 -934.668640 -11911.932617> Eye Angles <0.159301 69.290771 0.000000> Last Known Nav Area ID <886>
L 07/04/2026 - 20:51:13: [navbot_stuck_logger.smx] Bot "[NAV] Bot 13<204><BOT><>" got stuck [6] at <-6752.972656 -934.532409 -11976.010742> Eye Position <-6752.972656 -934.532409 -11912.010742> Eye Angles <0.159301 69.290771 0.000000> Last Known Nav Area ID <886>
L 07/04/2026 - 20:51:18: [navbot_stuck_logger.smx] Bot "[NAV] Bot 17<198><BOT><>" got stuck [1] at <-6879.393066 -1088.031249 -11615.968749> Eye Position <-6879.393066 -1088.031249 -11551.968749> Eye Angles <59.254760 90.000000 0.000000> Last Known Nav Area ID <1515>
L 07/04/2026 - 20:51:19: [navbot_stuck_logger.smx] Bot "[NAV] Bot 17<198><BOT><>" got stuck [2] at <-6879.385742 -1088.031249 -11615.968749> Eye Position <-6879.385742 -1088.031249 -11551.968749> Eye Angles <59.254760 90.010986 0.000000> Last Known Nav Area ID <1515>
L 07/04/2026 - 20:51:20: [navbot_stuck_logger.smx] Bot "[NAV] Bot 17<198><BOT><>" got stuck [3] at <-6879.384277 -1088.031249 -11615.968749> Eye Position <-6879.384277 -1088.031249 -11551.968749> Eye Angles <59.254760 90.016479 0.000000> Last Known Nav Area ID <1515>
L 07/04/2026 - 20:51:21: [navbot_stuck_logger.smx] Bot "[NAV] Bot 17<198><BOT><>" got stuck [4] at <-6879.388671 -1088.031249 -11615.968749> Eye Position <-6879.388671 -1088.031249 -11551.968749> Eye Angles <59.254760 90.010986 0.000000> Last Known Nav Area ID <1515>
L 07/04/2026 - 20:51:22: [navbot_stuck_logger.smx] Bot "[NAV] Bot 17<198><BOT><>" got stuck [5] at <-6879.395019 -1088.031249 -11615.968749> Eye Position <-6879.395019 -1088.031249 -11551.968749> Eye Angles <59.254760 90.000000 0.000000> Last Known Nav Area ID <1515>
L 07/04/2026 - 20:51:23: [navbot_stuck_logger.smx] Bot "[NAV] Bot 15<199><BOT><>" got stuck [1] at <-6962.861328 -1375.477050 -11135.205078> Eye Position <-6962.861328 -1375.477050 -11071.205078> Eye Angles <27.894287 -145.555221 0.000000> Last Known Nav Area ID <1664>
L 07/04/2026 - 20:51:23: [navbot_stuck_logger.smx] Bot "[NAV] Bot 17<198><BOT><>" got stuck [6] at <-6879.399414 -1088.031249 -11615.968749> Eye Position <-6879.399414 -1088.031249 -11551.968749> Eye Angles <59.254760 89.994506 0.000000> Last Known Nav Area ID <1515>
L 07/04/2026 - 20:51:24: [navbot_stuck_logger.smx] Bot "[NAV] Bot 15<199><BOT><>" got stuck [2] at <-6967.740722 -1354.836425 -11135.968749> Eye Position <-6967.740722 -1354.836425 -11107.968749> Eye Angles <0.000000 -163.803298 0.000000> Last Known Nav Area ID <1664>
L 07/04/2026 - 20:51:24: [navbot_stuck_logger.smx] Bot "[NAV] Bot 17<198><BOT><>" got stuck [7] at <-6879.402343 -1088.031249 -11615.968749> Eye Position <-6879.402343 -1088.031249 -11551.968749> Eye Angles <59.254760 89.989013 0.000000> Last Known Nav Area ID <1515>
L 07/04/2026 - 20:51:25: [navbot_stuck_logger.smx] Bot "[NAV] Bot 17<198><BOT><>" got stuck [8] at <-6879.405273 -1088.031249 -11615.968749> Eye Position <-6879.405273 -1088.031249 -11551.968749> Eye Angles <59.254760 89.983520 0.000000> Last Known Nav Area ID <1515>
L 07/04/2026 - 20:51:26: [navbot_stuck_logger.smx] Bot "[NAV] Bot 17<198><BOT><>" got stuck [9] at <-6879.406249 -1088.031249 -11615.968749> Eye Position <-6879.406249 -1088.031249 -11551.968749> Eye Angles <59.254760 89.983520 0.000000> Last Known Nav Area ID <1515>
L 07/04/2026 - 20:51:27: [navbot_stuck_logger.smx] Bot "[NAV] Bot 17<198><BOT><>" got stuck [10] at <-6879.405761 -1088.031249 -11615.968749> Eye Position <-6879.405761 -1088.031249 -11551.968749> Eye Angles <59.254760 89.983520 0.000000> Last Known Nav Area ID <1515>
L 07/04/2026 - 20:51:28: [navbot_stuck_logger.smx] Bot "[NAV] Bot 17<198><BOT><>" got stuck [11] at <-6879.404785 -1088.031249 -11615.968749> Eye Position <-6879.404785 -1088.031249 -11551.968749> Eye Angles <59.254760 89.983520 0.000000> Last Known Nav Area ID <1515>
L 07/04/2026 - 20:51:29: [navbot_stuck_logger.smx] Bot "[NAV] Bot 17<198><BOT><>" got stuck [12] at <-6879.401367 -1088.031249 -11615.968749> Eye Position <-6879.401367 -1088.031249 -11551.968749> Eye Angles <59.254760 89.989013 0.000000> Last Known Nav Area ID <1515>
L 07/04/2026 - 20:51:30: [navbot_stuck_logger.smx] Bot "[NAV] Bot 17<198><BOT><>" got stuck [13] at <-6879.397460 -1088.031249 -11615.968749> Eye Position <-6879.397460 -1088.031249 -11551.968749> Eye Angles <59.254760 89.994506 0.000000> Last Known Nav Area ID <1515>
L 07/04/2026 - 20:51:31: [navbot_stuck_logger.smx] Bot "[NAV] Bot 17<198><BOT><>" got stuck [14] at <-6879.387207 -1088.031249 -11615.968749> Eye Position <-6879.387207 -1088.031249 -11551.968749> Eye Angles <59.254760 90.010986 0.000000> Last Known Nav Area ID <1515>
L 07/04/2026 - 20:51:32: [navbot_stuck_logger.smx] Bot "[NAV] Bot 17<198><BOT><>" got stuck [15] at <-6879.380371 -1088.031249 -11615.968749> Eye Position <-6879.380371 -1088.031249 -11551.968749> Eye Angles <59.254760 90.021972 0.000000> Last Known Nav Area ID <1515>
L 07/04/2026 - 20:51:33: [navbot_stuck_logger.smx] Bot "[NAV] Bot 17<198><BOT><>" got stuck [16] at <-6879.382812 -1088.031249 -11615.968749> Eye Position <-6879.382812 -1088.031249 -11551.968749> Eye Angles <59.254760 90.016479 0.000000> Last Known Nav Area ID <1515>
L 07/04/2026 - 20:51:33: [navbot_stuck_logger.smx] Bot "[NAV] Bot 17<198><BOT><>" got stuck [1] at <-6879.389160 -1088.031249 -11615.968749> Eye Position <-6879.389160 -1088.031249 -11551.968749> Eye Angles <59.254760 90.010986 0.000000> Last Known Nav Area ID <1515>
L 07/04/2026 - 20:51:35: [navbot_stuck_logger.smx] Bot "[NAV] Bot 17<198><BOT><>" got stuck [2] at <-6879.400878 -1088.031249 -11615.968749> Eye Position <-6879.400878 -1088.031249 -11551.968749> Eye Angles <59.254760 89.994506 0.000000> Last Known Nav Area ID <1515>
L 07/04/2026 - 20:51:36: [navbot_stuck_logger.smx] Bot "[NAV] Bot 17<198><BOT><>" got stuck [3] at <-6879.395507 -1088.031249 -11615.968749> Eye Position <-6879.395507 -1088.031249 -11551.968749> Eye Angles <59.254760 90.000000 0.000000> Last Known Nav Area ID <1515>
L 07/04/2026 - 20:51:37: [navbot_stuck_logger.smx] Bot "[NAV] Bot 17<198><BOT><>" got stuck [4] at <-6879.392089 -1088.031249 -11615.968749> Eye Position <-6879.392089 -1088.031249 -11551.968749> Eye Angles <59.254760 90.005493 0.000000> Last Known Nav Area ID <1515>
L 07/04/2026 - 20:51:38: [navbot_stuck_logger.smx] Bot "[NAV] Bot 17<198><BOT><>" got stuck [5] at <-6879.396972 -1088.031249 -11615.968749> Eye Position <-6879.396972 -1088.031249 -11551.968749> Eye Angles <59.254760 89.994506 0.000000> Last Known Nav Area ID <1515>
L 07/04/2026 - 20:51:38: [navbot_stuck_logger.smx] Bot "[NAV] Bot 2<205><BOT><>" got stuck [1] at <-8886.587890 -1303.494750 -11110.991210> Eye Position <-8886.587890 -1303.494750 -11046.991210> Eye Angles <0.000000 179.906616 0.000000> Last Known Nav Area ID <591>
L 07/04/2026 - 20:51:39: [navbot_stuck_logger.smx] Bot "[NAV] Bot 17<198><BOT><>" got stuck [6] at <-6879.391601 -1088.031249 -11615.968749> Eye Position <-6879.391601 -1088.031249 -11551.968749> Eye Angles <59.254760 90.005493 0.000000> Last Known Nav Area ID <1515>
L 07/04/2026 - 20:51:40: [navbot_stuck_logger.smx] Bot "[NAV] Bot 17<198><BOT><>" got stuck [7] at <-6879.394531 -1088.031249 -11615.968749> Eye Position <-6879.394531 -1088.031249 -11551.968749> Eye Angles <59.254760 90.000000 0.000000> Last Known Nav Area ID <1515>
L 07/04/2026 - 20:51:41: [navbot_stuck_logger.smx] Bot "[NAV] Bot 17<198><BOT><>" got stuck [8] at <-6879.397949 -1088.031249 -11615.968749> Eye Position <-6879.397949 -1088.031249 -11551.968749> Eye Angles <59.254760 89.994506 0.000000> Last Known Nav Area ID <1515>
L 07/04/2026 - 20:51:42: [navbot_stuck_logger.smx] Bot "[NAV] Bot 17<198><BOT><>" got stuck [9] at <-6879.394042 -1088.031249 -11615.968749> Eye Position <-6879.394042 -1088.031249 -11551.968749> Eye Angles <59.254760 90.000000 0.000000> Last Known Nav Area ID <1515>
L 07/04/2026 - 20:51:43: [navbot_stuck_logger.smx] Bot "[NAV] Bot 17<198><BOT><>" got stuck [10] at <-6879.389648 -1088.031249 -11615.968749> Eye Position <-6879.389648 -1088.031249 -11551.968749> Eye Angles <59.254760 90.005493 0.000000> Last Known Nav Area ID <1515>
L 07/04/2026 - 20:52:24: [navbot_stuck_logger.smx] Bot "[NAV] Bot 2<205><BOT><>" got stuck [1] at <-8824.865234 -770.713928 -11817.968749> Eye Position <-8824.865234 -770.713928 -11753.968749> Eye Angles <0.000000 -16.322814 0.000000> Last Known Nav Area ID <723>
L 07/04/2026 - 20:52:28: [navbot_stuck_logger.smx] Bot "[NAV] Bot 15<199><BOT><>" got stuck [1] at <-9063.456054 885.551025 -11773.115234> Eye Position <-9063.456054 885.551025 -11709.115234> Eye Angles <1.219482 10.986328 0.000000> Last Known Nav Area ID <706>
L 07/04/2026 - 20:52:29: [navbot_stuck_logger.smx] Bot "[NAV] Bot 15<199><BOT><>" got stuck [2] at <-9022.795898 879.845520 -11747.245117> Eye Position <-9022.795898 879.845520 -11719.245117> Eye Angles <-0.560302 -65.470397 0.000000> Last Known Nav Area ID <267>
L 07/04/2026 - 20:52:45: [navbot_stuck_logger.smx] Bot "[NAV] Bot 12<201><BOT><>" got stuck [1] at <-6162.551757 -989.963989 -11977.968749> Eye Position <-6162.551757 -989.963989 -11913.968749> Eye Angles <31.772460 -148.249511 0.000000> Last Known Nav Area ID <1741>
L 07/04/2026 - 20:52:46: [navbot_stuck_logger.smx] Bot "[NAV] Bot 12<201><BOT><>" got stuck [2] at <-6154.006835 -1018.198181 -11947.459960> Eye Position <-6154.006835 -1018.198181 -11919.459960> Eye Angles <8.066601 137.436111 0.000000> Last Known Nav Area ID <1960>
L 07/04/2026 - 20:52:51: [navbot_stuck_logger.smx] Bot "[NAV] Bot 2<205><BOT><>" got stuck [1] at <-7896.005371 -1379.060302 -11295.968749> Eye Position <-7896.005371 -1379.060302 -11231.968749> Eye Angles <0.000000 -54.739379 0.000000> Last Known Nav Area ID <815>
L 07/04/2026 - 20:52:58: [navbot_stuck_logger.smx] Bot "[NAV] Bot 2<205><BOT><>" got stuck [1] at <-7896.031249 -1379.060302 -11295.968749> Eye Position <-7896.031249 -1379.060302 -11231.968749> Eye Angles <0.000000 -54.728393 0.000000> Last Known Nav Area ID <815>
L 07/04/2026 - 20:52:59: [navbot_stuck_logger.smx] Bot "[NAV] Bot 2<205><BOT><>" got stuck [2] at <-7896.002929 -1379.060302 -11295.968749> Eye Position <-7896.002929 -1379.060302 -11267.968749> Eye Angles <0.000000 -24.477539 0.000000> Last Known Nav Area ID <815>
L 07/04/2026 - 20:53:33: [navbot_stuck_logger.smx] Bot "[NAV] Bot 3<202><BOT><>" got stuck [1] at <-7192.723632 -960.464782 -11813.968749> Eye Position <-7192.723632 -960.464782 -11785.968749> Eye Angles <20.269775 37.853393 0.000000> Last Known Nav Area ID <195>
L 07/04/2026 - 20:53:33: [navbot_stuck_logger.smx] Bot "[NAV] Bot 13<204><BOT><>" got stuck [1] at <-7192.723632 -962.091613 -11813.968749> Eye Position <-7192.723632 -962.091613 -11785.968749> Eye Angles <19.808349 38.303833 0.000000> Last Known Nav Area ID <195>
L 07/04/2026 - 20:53:35: [navbot_stuck_logger.smx] Bot "[NAV] Bot 3<202><BOT><>" got stuck [2] at <-7192.723632 -960.852355 -11813.968749> Eye Position <-7192.723632 -960.852355 -11785.968749> Eye Angles <27.196655 34.727783 0.000000> Last Known Nav Area ID <195>
L 07/04/2026 - 20:53:35: [navbot_stuck_logger.smx] Bot "[NAV] Bot 13<204><BOT><>" got stuck [2] at <-7192.723632 -962.423217 -11813.968749> Eye Position <-7192.723632 -962.423217 -11785.968749> Eye Angles <36.650390 12.507934 0.000000> Last Known Nav Area ID <195>
L 07/04/2026 - 20:53:36: [navbot_stuck_logger.smx] Bot "[NAV] Bot 3<202><BOT><>" got stuck [3] at <-7192.723632 -960.838256 -11813.968749> Eye Position <-7192.723632 -960.838256 -11785.968749> Eye Angles <32.074584 43.104858 0.000000> Last Known Nav Area ID <195>
L 07/04/2026 - 20:53:36: [navbot_stuck_logger.smx] Bot "[NAV] Bot 13<204><BOT><>" got stuck [3] at <-7192.723632 -960.714294 -11813.968749> Eye Position <-7192.723632 -960.714294 -11785.968749> Eye Angles <32.014160 40.682373 0.000000> Last Known Nav Area ID <195>
L 07/04/2026 - 20:53:37: [navbot_stuck_logger.smx] Bot "[NAV] Bot 3<202><BOT><>" got stuck [4] at <-7192.723632 -959.631835 -11813.968749> Eye Position <-7192.723632 -959.631835 -11785.968749> Eye Angles <31.448364 47.427978 0.000000> Last Known Nav Area ID <195>
L 07/04/2026 - 20:53:37: [navbot_stuck_logger.smx] Bot "[NAV] Bot 13<204><BOT><>" got stuck [4] at <-7192.723632 -959.823364 -11813.968749> Eye Position <-7192.723632 -959.823364 -11785.968749> Eye Angles <34.277343 49.910888 0.000000> Last Known Nav Area ID <195>
L 07/04/2026 - 20:53:38: [navbot_stuck_logger.smx] Bot "[NAV] Bot 3<202><BOT><>" got stuck [5] at <-7192.723632 -958.994689 -11813.968749> Eye Position <-7192.723632 -958.994689 -11785.968749> Eye Angles <14.655761 101.574096 0.000000> Last Known Nav Area ID <195>
L 07/04/2026 - 20:53:38: [navbot_stuck_logger.smx] Bot "[NAV] Bot 13<204><BOT><>" got stuck [5] at <-7192.723632 -959.030883 -11813.968749> Eye Position <-7192.723632 -959.030883 -11785.968749> Eye Angles <17.545166 101.799316 0.000000> Last Known Nav Area ID <195>
L 07/04/2026 - 20:53:39: [navbot_stuck_logger.smx] Bot "[NAV] Bot 3<202><BOT><>" got stuck [6] at <-7192.723632 -960.961669 -11813.968749> Eye Position <-7192.723632 -960.961669 -11785.968749> Eye Angles <15.633544 109.088745 0.000000> Last Known Nav Area ID <195>
L 07/04/2026 - 20:53:39: [navbot_stuck_logger.smx] Bot "[NAV] Bot 13<204><BOT><>" got stuck [6] at <-7192.723632 -962.000427 -11813.968749> Eye Position <-7192.723632 -962.000427 -11785.968749> Eye Angles <15.803833 107.957153 0.000000> Last Known Nav Area ID <195>
L 07/04/2026 - 20:53:40: [navbot_stuck_logger.smx] Bot "[NAV] Bot 3<202><BOT><>" got stuck [7] at <-7192.723632 -957.971557 -11813.968749> Eye Position <-7192.723632 -957.971557 -11785.968749> Eye Angles <0.000000 -177.747802 0.000000> Last Known Nav Area ID <195>
L 07/04/2026 - 20:53:40: [navbot_stuck_logger.smx] Bot "[NAV] Bot 13<204><BOT><>" got stuck [7] at <-7192.723632 -960.052368 -11813.968749> Eye Position <-7192.723632 -960.052368 -11785.968749> Eye Angles <0.000000 -177.566528 0.000000> Last Known Nav Area ID <195>
L 07/04/2026 - 20:53:41: [navbot_stuck_logger.smx] Bot "[NAV] Bot 3<202><BOT><>" got stuck [8] at <-7192.723632 -961.163391 -11813.968749> Eye Position <-7192.723632 -961.163391 -11785.968749> Eye Angles <11.552124 114.807128 0.000000> Last Known Nav Area ID <195>
L 07/04/2026 - 20:53:41: [navbot_stuck_logger.smx] Bot "[NAV] Bot 13<204><BOT><>" got stuck [8] at <-7192.723632 -962.374511 -11813.968749> Eye Position <-7192.723632 -962.374511 -11785.968749> Eye Angles <11.535644 114.757690 0.000000> Last Known Nav Area ID <195>
L 07/04/2026 - 20:53:42: [navbot_stuck_logger.smx] Bot "[NAV] Bot 3<202><BOT><>" got stuck [9] at <-7192.723632 -963.437194 -11813.968749> Eye Position <-7192.723632 -963.437194 -11785.968749> Eye Angles <14.743652 126.633911 0.000000> Last Known Nav Area ID <195>
L 07/04/2026 - 20:53:42: [navbot_stuck_logger.smx] Bot "[NAV] Bot 13<204><BOT><>" got stuck [9] at <-7192.723632 -961.583251 -11813.968749> Eye Position <-7192.723632 -961.583251 -11785.968749> Eye Angles <14.798583 126.798706 0.000000> Last Known Nav Area ID <195>
L 07/04/2026 - 20:53:43: [navbot_stuck_logger.smx] Bot "[NAV] Bot 3<202><BOT><>" got stuck [10] at <-7192.723632 -959.642639 -11813.968749> Eye Position <-7192.723632 -959.642639 -11785.968749> Eye Angles <0.000000 143.440353 0.000000> Last Known Nav Area ID <195>
L 07/04/2026 - 20:53:43: [navbot_stuck_logger.smx] Bot "[NAV] Bot 13<204><BOT><>" got stuck [10] at <-7192.723632 -960.113037 -11813.968749> Eye Position <-7192.723632 -960.113037 -11785.968749> Eye Angles <0.000000 143.121749 0.000000> Last Known Nav Area ID <195>
L 07/04/2026 - 20:53:44: [navbot_stuck_logger.smx] Bot "[NAV] Bot 3<202><BOT><>" got stuck [11] at <-7192.723632 -958.725463 -11813.968749> Eye Position <-7192.723632 -958.725463 -11785.968749> Eye Angles <0.000000 -177.846679 0.000000> Last Known Nav Area ID <195>
L 07/04/2026 - 20:53:44: [navbot_stuck_logger.smx] Bot "[NAV] Bot 13<204><BOT><>" got stuck [11] at <-7192.723632 -958.993347 -11813.968749> Eye Position <-7192.723632 -958.993347 -11785.968749> Eye Angles <0.000000 -176.511840 0.000000> Last Known Nav Area ID <195>
L 07/04/2026 - 20:53:45: [navbot_stuck_logger.smx] Bot "[NAV] Bot 3<202><BOT><>" got stuck [12] at <-7192.723632 -958.268859 -11813.968749> Eye Position <-7192.723632 -958.268859 -11785.968749> Eye Angles <0.000000 -177.720336 0.000000> Last Known Nav Area ID <195>
L 07/04/2026 - 20:53:45: [navbot_stuck_logger.smx] Bot "[NAV] Bot 13<204><BOT><>" got stuck [12] at <-7192.723632 -961.376953 -11813.968749> Eye Position <-7192.723632 -961.376953 -11785.968749> Eye Angles <0.000000 -178.884887 0.000000> Last Known Nav Area ID <195>
L 07/04/2026 - 20:53:46: [navbot_stuck_logger.smx] Bot "[NAV] Bot 3<202><BOT><>" got stuck [13] at <-7192.723632 -956.472595 -11813.968749> Eye Position <-7192.723632 -956.472595 -11785.968749> Eye Angles <26.974292 -150.724075 0.000000> Last Known Nav Area ID <195>
L 07/04/2026 - 20:53:46: [navbot_stuck_logger.smx] Bot "[NAV] Bot 13<204><BOT><>" got stuck [13] at <-7192.723632 -960.345336 -11813.968749> Eye Position <-7192.723632 -960.345336 -11785.968749> Eye Angles <26.974292 -151.509597 0.000000> Last Known Nav Area ID <195>
L 07/04/2026 - 20:53:47: [navbot_stuck_logger.smx] Bot "[NAV] Bot 3<202><BOT><>" got stuck [14] at <-7192.723632 -958.833068 -11813.968749> Eye Position <-7192.723632 -958.833068 -11785.968749> Eye Angles <29.542236 -23.263549 0.000000> Last Known Nav Area ID <195>
L 07/04/2026 - 20:53:47: [navbot_stuck_logger.smx] Bot "[NAV] Bot 13<204><BOT><>" got stuck [14] at <-7192.723632 -959.339965 -11813.968749> Eye Position <-7192.723632 -959.339965 -11785.968749> Eye Angles <29.542236 -23.247070 0.000000> Last Known Nav Area ID <195>
L 07/04/2026 - 20:53:48: [navbot_stuck_logger.smx] Bot "[NAV] Bot 3<202><BOT><>" got stuck [15] at <-7192.723632 -959.600891 -11813.968749> Eye Position <-7192.723632 -959.600891 -11785.968749> Eye Angles <25.724487 -36.644897 0.000000> Last Known Nav Area ID <195>
L 07/04/2026 - 20:53:48: [navbot_stuck_logger.smx] Bot "[NAV] Bot 13<204><BOT><>" got stuck [15] at <-7192.723632 -958.562866 -11813.968749> Eye Position <-7192.723632 -958.562866 -11785.968749> Eye Angles <25.702514 -36.727294 0.000000> Last Known Nav Area ID <195>
L 07/04/2026 - 20:53:49: [navbot_stuck_logger.smx] Bot "[NAV] Bot 3<202><BOT><>" got stuck [16] at <-7192.723632 -959.624267 -11813.968749> Eye Position <-7192.723632 -959.624267 -11785.968749> Eye Angles <25.043334 -38.215942 0.000000> Last Known Nav Area ID <195>
L 07/04/2026 - 20:53:49: [navbot_stuck_logger.smx] Bot "[NAV] Bot 13<204><BOT><>" got stuck [16] at <-7192.723632 -959.564514 -11813.968749> Eye Position <-7192.723632 -959.564514 -11785.968749> Eye Angles <25.059814 -38.166503 0.000000> Last Known Nav Area ID <195>
L 07/04/2026 - 20:53:49: [navbot_stuck_logger.smx] Bot "[NAV] Bot 3<202><BOT><>" got stuck [1] at <-7192.723632 -960.817932 -11813.968749> Eye Position <-7192.723632 -960.817932 -11785.968749> Eye Angles <25.087280 -38.073120 0.000000> Last Known Nav Area ID <195>
L 07/04/2026 - 20:53:49: [navbot_stuck_logger.smx] Bot "[NAV] Bot 13<204><BOT><>" got stuck [1] at <-7192.723632 -959.339538 -11813.968749> Eye Position <-7192.723632 -959.339538 -11785.968749> Eye Angles <25.054321 -38.188476 0.000000> Last Known Nav Area ID <195>
L 07/04/2026 - 20:53:50: [navbot_stuck_logger.smx] Bot "[NAV] Bot 3<202><BOT><>" got stuck [2] at <-7192.723632 -959.957702 -11813.968749> Eye Position <-7192.723632 -959.957702 -11785.968749> Eye Angles <24.724731 -47.856445 0.000000> Last Known Nav Area ID <195>
L 07/04/2026 - 20:53:50: [navbot_stuck_logger.smx] Bot "[NAV] Bot 13<204><BOT><>" got stuck [2] at <-7192.723632 -958.519470 -11813.968749> Eye Position <-7192.723632 -958.519470 -11785.968749> Eye Angles <24.686279 -47.949829 0.000000> Last Known Nav Area ID <195>
L 07/04/2026 - 20:53:51: [navbot_stuck_logger.smx] Bot "[NAV] Bot 3<202><BOT><>" got stuck [3] at <-7192.723632 -962.627014 -11813.968749> Eye Position <-7192.723632 -962.627014 -11785.968749> Eye Angles <22.038574 -54.135131 0.000000> Last Known Nav Area ID <195>
L 07/04/2026 - 20:53:51: [navbot_stuck_logger.smx] Bot "[NAV] Bot 13<204><BOT><>" got stuck [3] at <-7192.723632 -961.224853 -11813.968749> Eye Position <-7192.723632 -961.224853 -11785.968749> Eye Angles <21.994628 -54.223022 0.000000> Last Known Nav Area ID <195>
L 07/04/2026 - 20:53:52: [navbot_stuck_logger.smx] Bot "[NAV] Bot 3<202><BOT><>" got stuck [4] at <-7192.723632 -961.273132 -11813.968749> Eye Position <-7192.723632 -961.273132 -11785.968749> Eye Angles <16.567382 10.156860 0.000000> Last Known Nav Area ID <195>
L 07/04/2026 - 20:53:52: [navbot_stuck_logger.smx] Bot "[NAV] Bot 13<204><BOT><>" got stuck [4] at <-7192.723632 -959.965332 -11813.968749> Eye Position <-7192.723632 -959.965332 -11785.968749> Eye Angles <16.572875 10.041503 0.000000> Last Known Nav Area ID <195>
L 07/04/2026 - 20:53:54: [navbot_stuck_logger.smx] Bot "[NAV] Bot 3<202><BOT><>" got stuck [5] at <-7192.723632 -961.259155 -11813.968749> Eye Position <-7192.723632 -961.259155 -11785.968749> Eye Angles <21.104736 26.757202 0.000000> Last Known Nav Area ID <195>
L 07/04/2026 - 20:53:54: [navbot_stuck_logger.smx] Bot "[NAV] Bot 13<204><BOT><>" got stuck [5] at <-7192.723632 -961.568176 -11813.968749> Eye Position <-7192.723632 -961.568176 -11785.968749> Eye Angles <21.099243 26.779174 0.000000> Last Known Nav Area ID <195>
L 07/04/2026 - 20:53:55: [navbot_stuck_logger.smx] Bot "[NAV] Bot 3<202><BOT><>" got stuck [6] at <-7192.723632 -958.953735 -11813.968749> Eye Position <-7192.723632 -958.953735 -11785.968749> Eye Angles <18.220825 39.968261 0.000000> Last Known Nav Area ID <195>
L 07/04/2026 - 20:53:55: [navbot_stuck_logger.smx] Bot "[NAV] Bot 13<204><BOT><>" got stuck [6] at <-7192.723632 -963.363708 -11813.968749> Eye Position <-7192.723632 -963.363708 -11785.968749> Eye Angles <25.669555 41.088867 0.000000> Last Known Nav Area ID <195>
L 07/04/2026 - 20:53:56: [navbot_stuck_logger.smx] Bot "[NAV] Bot 3<202><BOT><>" got stuck [7] at <-7192.723632 -958.183776 -11813.968749> Eye Position <-7192.723632 -958.183776 -11785.968749> Eye Angles <24.620361 54.442749 0.000000> Last Known Nav Area ID <195>
L 07/04/2026 - 20:53:56: [navbot_stuck_logger.smx] Bot "[NAV] Bot 13<204><BOT><>" got stuck [7] at <-7192.723632 -962.471069 -11813.968749> Eye Position <-7192.723632 -962.471069 -11785.968749> Eye Angles <24.439086 56.925659 0.000000> Last Known Nav Area ID <195>
L 07/04/2026 - 20:53:57: [navbot_stuck_logger.smx] Bot "[NAV] Bot 3<202><BOT><>" got stuck [8] at <-7192.723632 -960.071044 -11813.968749> Eye Position <-7192.723632 -960.071044 -11785.968749> Eye Angles <19.830322 81.905929 0.000000> Last Known Nav Area ID <195>
L 07/04/2026 - 20:53:57: [navbot_stuck_logger.smx] Bot "[NAV] Bot 13<204><BOT><>" got stuck [8] at <-7192.723632 -960.566467 -11813.968749> Eye Position <-7192.723632 -960.566467 -11785.968749> Eye Angles <20.017089 81.128540 0.000000> Last Known Nav Area ID <195>
L 07/04/2026 - 20:53:57: [navbot_stuck_logger.smx] Bot "[NAV] Bot 6<200><BOT><>" got stuck [1] at <-7168.716308 -1327.900268 -11615.968749> Eye Position <-7168.716308 -1327.900268 -11551.968749> Eye Angles <69.230346 28.586425 0.000000> Last Known Nav Area ID <1044>
L 07/04/2026 - 20:53:58: [navbot_stuck_logger.smx] Bot "[NAV] Bot 3<202><BOT><>" got stuck [9] at <-7192.723632 -961.343872 -11813.968749> Eye Position <-7192.723632 -961.343872 -11785.968749> Eye Angles <16.248779 95.712890 0.000000> Last Known Nav Area ID <195>
L 07/04/2026 - 20:53:58: [navbot_stuck_logger.smx] Bot "[NAV] Bot 13<204><BOT><>" got stuck [9] at <-7192.723632 -961.725708 -11813.968749> Eye Position <-7192.723632 -961.725708 -11785.968749> Eye Angles <16.693725 93.235473 0.000000> Last Known Nav Area ID <195>
L 07/04/2026 - 20:53:58: [navbot_stuck_logger.smx] Bot "[NAV] Bot 6<200><BOT><>" got stuck [2] at <-7164.000488 -1323.557128 -11591.337890> Eye Position <-7164.000488 -1323.557128 -11563.337890> Eye Angles <55.447998 61.592212 0.000000> Last Known Nav Area ID <1044>
L 07/04/2026 - 20:53:59: [navbot_stuck_logger.smx] Bot "[NAV] Bot 3<202><BOT><>" got stuck [10] at <-7192.723632 -961.566589 -11813.968749> Eye Position <-7192.723632 -961.566589 -11785.968749> Eye Angles <16.616821 105.287475 0.000000> Last Known Nav Area ID <195>
L 07/04/2026 - 20:53:59: [navbot_stuck_logger.smx] Bot "[NAV] Bot 13<204><BOT><>" got stuck [10] at <-7192.723632 -961.796081 -11813.968749> Eye Position <-7192.723632 -961.796081 -11785.968749> Eye Angles <16.660766 105.386352 0.000000> Last Known Nav Area ID <195>
L 07/04/2026 - 20:53:59: [navbot_stuck_logger.smx] Bot "[NAV] Bot 6<200><BOT><>" got stuck [3] at <-7161.939941 -1364.031249 -11615.968749> Eye Position <-7161.939941 -1364.031249 -11551.968749> Eye Angles <0.000000 5.968213 0.000000> Last Known Nav Area ID <1044>
L 07/04/2026 - 20:54:00: [navbot_stuck_logger.smx] Bot "[NAV] Bot 3<202><BOT><>" got stuck [11] at <-7192.723632 -960.447631 -11813.968749> Eye Position <-7192.723632 -960.447631 -11785.968749> Eye Angles <32.700805 70.084426 0.000000> Last Known Nav Area ID <195>
L 07/04/2026 - 20:54:00: [navbot_stuck_logger.smx] Bot "[NAV] Bot 13<204><BOT><>" got stuck [11] at <-7192.723632 -961.536987 -11813.968749> Eye Position <-7192.723632 -961.536987 -11785.968749> Eye Angles <32.640380 70.089920 0.000000> Last Known Nav Area ID <195>
L 07/04/2026 - 20:54:01: [navbot_stuck_logger.smx] Bot "[NAV] Bot 3<202><BOT><>" got stuck [12] at <-7192.723632 -958.932067 -11813.968749> Eye Position <-7192.723632 -958.932067 -11785.968749> Eye Angles <35.485839 62.215576 0.000000> Last Known Nav Area ID <195>
L 07/04/2026 - 20:54:01: [navbot_stuck_logger.smx] Bot "[NAV] Bot 13<204><BOT><>" got stuck [12] at <-7192.723632 -959.369873 -11813.968749> Eye Position <-7192.723632 -959.369873 -11785.968749> Eye Angles <35.485839 62.215576 0.000000> Last Known Nav Area ID <195>
L 07/04/2026 - 20:54:02: [navbot_stuck_logger.smx] Bot "[NAV] Bot 3<202><BOT><>" got stuck [13] at <-7192.723632 -960.098144 -11813.968749> Eye Position <-7192.723632 -960.098144 -11785.968749> Eye Angles <11.672973 115.477294 0.000000> Last Known Nav Area ID <195>
L 07/04/2026 - 20:54:02: [navbot_stuck_logger.smx] Bot "[NAV] Bot 13<204><BOT><>" got stuck [13] at <-7192.723632 -962.079650 -11813.968749> Eye Position <-7192.723632 -962.079650 -11785.968749> Eye Angles <11.623535 115.367431 0.000000> Last Known Nav Area ID <195>
L 07/04/2026 - 20:54:03: [navbot_stuck_logger.smx] Bot "[NAV] Bot 3<202><BOT><>" got stuck [14] at <-7192.723632 -961.313476 -11813.968749> Eye Position <-7192.723632 -961.313476 -11785.968749> Eye Angles <0.000000 135.140182 0.000000> Last Known Nav Area ID <195>
L 07/04/2026 - 20:54:03: [navbot_stuck_logger.smx] Bot "[NAV] Bot 13<204><BOT><>" got stuck [14] at <-7192.723632 -961.435607 -11813.968749> Eye Position <-7192.723632 -961.435607 -11785.968749> Eye Angles <0.000000 135.129196 0.000000> Last Known Nav Area ID <195>
L 07/04/2026 - 20:54:04: [navbot_stuck_logger.smx] Bot "[NAV] Bot 3<202><BOT><>" got stuck [15] at <-7192.723632 -959.703735 -11813.968749> Eye Position <-7192.723632 -959.703735 -11785.968749> Eye Angles <44.027709 67.510986 0.000000> Last Known Nav Area ID <195>
L 07/04/2026 - 20:54:04: [navbot_stuck_logger.smx] Bot "[NAV] Bot 13<204><BOT><>" got stuck [15] at <-7192.723632 -959.830566 -11813.968749> Eye Position <-7192.723632 -959.830566 -11785.968749> Eye Angles <44.011230 67.521972 0.000000> Last Known Nav Area ID <195>
L 07/04/2026 - 20:54:05: [navbot_stuck_logger.smx] Bot "[NAV] Bot 3<202><BOT><>" got stuck [16] at <-7192.723632 -959.195556 -11813.968749> Eye Position <-7192.723632 -959.195556 -11785.968749> Eye Angles <33.656616 86.385498 0.000000> Last Known Nav Area ID <195>
L 07/04/2026 - 20:54:05: [navbot_stuck_logger.smx] Bot "[NAV] Bot 13<204><BOT><>" got stuck [16] at <-7192.723632 -959.317504 -11813.968749> Eye Position <-7192.723632 -959.317504 -11785.968749> Eye Angles <33.645629 86.385498 0.000000> Last Known Nav Area ID <195>
L 07/04/2026 - 20:54:05: [navbot_stuck_logger.smx] Bot "[NAV] Bot 3<202><BOT><>" got stuck [1] at <-7192.723632 -959.316467 -11813.968749> Eye Position <-7192.723632 -959.316467 -11785.968749> Eye Angles <33.645629 86.385498 0.000000> Last Known Nav Area ID <195>
L 07/04/2026 - 20:54:05: [navbot_stuck_logger.smx] Bot "[NAV] Bot 13<204><BOT><>" got stuck [1] at <-7192.723632 -959.437988 -11813.968749> Eye Position <-7192.723632 -959.437988 -11785.968749> Eye Angles <33.634643 86.390991 0.000000> Last Known Nav Area ID <195>
L 07/04/2026 - 20:54:06: [navbot_stuck_logger.smx] Bot "[NAV] Bot 3<202><BOT><>" got stuck [2] at <-7192.723632 -961.556335 -11813.968749> Eye Position <-7192.723632 -961.556335 -11785.968749> Eye Angles <15.419311 98.031005 0.000000> Last Known Nav Area ID <195>
L 07/04/2026 - 20:54:06: [navbot_stuck_logger.smx] Bot "[NAV] Bot 13<204><BOT><>" got stuck [2] at <-7192.723632 -961.668945 -11813.968749> Eye Position <-7192.723632 -961.668945 -11785.968749> Eye Angles <15.413818 98.031005 0.000000> Last Known Nav Area ID <195>
L 07/04/2026 - 20:54:07: [navbot_stuck_logger.smx] Bot "[NAV] Bot 3<202><BOT><>" got stuck [3] at <-7192.723632 -961.308166 -11813.968749> Eye Position <-7192.723632 -961.308166 -11785.968749> Eye Angles <16.924438 107.753906 0.000000> Last Known Nav Area ID <195>
L 07/04/2026 - 20:54:07: [navbot_stuck_logger.smx] Bot "[NAV] Bot 13<204><BOT><>" got stuck [3] at <-7192.723632 -961.414855 -11813.968749> Eye Position <-7192.723632 -961.414855 -11785.968749> Eye Angles <16.918945 107.748413 0.000000> Last Known Nav Area ID <195>
L 07/04/2026 - 20:54:08: [navbot_stuck_logger.smx] Bot "[NAV] Bot 3<202><BOT><>" got stuck [4] at <-7192.723632 -961.983764 -11813.968749> Eye Position <-7192.723632 -961.983764 -11785.968749> Eye Angles <16.627807 107.764892 0.000000> Last Known Nav Area ID <195>
L 07/04/2026 - 20:54:08: [navbot_stuck_logger.smx] Bot "[NAV] Bot 13<204><BOT><>" got stuck [4] at <-7192.723632 -962.087402 -11813.968749> Eye Position <-7192.723632 -962.087402 -11785.968749> Eye Angles <16.622314 107.759399 0.000000> Last Known Nav Area ID <195>
L 07/04/2026 - 20:54:09: [navbot_stuck_logger.smx] Bot "[NAV] Bot 6<200><BOT><>" got stuck [1] at <-6954.031249 -1360.031249 -11615.968749> Eye Position <-6954.031249 -1360.031249 -11551.968749> Eye Angles <0.000000 73.443603 0.000000> Last Known Nav Area ID <1652>
L 07/04/2026 - 20:54:09: [navbot_stuck_logger.smx] Bot "[NAV] Bot 2<205><BOT><>" got stuck [1] at <-7419.673828 -641.157348 -11948.510742> Eye Position <-7419.673828 -641.157348 -11884.510742> Eye Angles <-14.746276 -35.065734 0.000000> Last Known Nav Area ID <1875>
L 07/04/2026 - 20:54:09: [navbot_stuck_logger.smx] Bot "[NAV] Bot 3<202><BOT><>" got stuck [5] at <-7192.723632 -962.850524 -11813.968749> Eye Position <-7192.723632 -962.850524 -11785.968749> Eye Angles <16.468505 95.581054 0.000000> Last Known Nav Area ID <195>
L 07/04/2026 - 20:54:09: [navbot_stuck_logger.smx] Bot "[NAV] Bot 13<204><BOT><>" got stuck [5] at <-7192.723632 -959.146118 -11813.968749> Eye Position <-7192.723632 -959.146118 -11785.968749> Eye Angles <16.600341 95.630493 0.000000> Last Known Nav Area ID <195>
L 07/04/2026 - 20:54:10: [navbot_stuck_logger.smx] Bot "[NAV] Bot 6<200><BOT><>" got stuck [2] at <-6952.269531 -1364.031249 -11615.968749> Eye Position <-6952.269531 -1364.031249 -11587.968749> Eye Angles <0.000000 70.710861 0.000000> Last Known Nav Area ID <1652>
L 07/04/2026 - 20:54:10: [navbot_stuck_logger.smx] Bot "[NAV] Bot 2<205><BOT><>" got stuck [2] at <-7369.171386 -688.281738 -11950.823242> Eye Position <-7369.171386 -688.281738 -11922.823242> Eye Angles <0.736083 104.606323 0.000000> Last Known Nav Area ID <1715>
L 07/04/2026 - 20:54:10: [navbot_stuck_logger.smx] Bot "[NAV] Bot 3<202><BOT><>" got stuck [6] at <-7192.723632 -960.791564 -11813.968749> Eye Position <-7192.723632 -960.791564 -11785.968749> Eye Angles <15.628051 107.616577 0.000000> Last Known Nav Area ID <195>
L 07/04/2026 - 20:54:10: [navbot_stuck_logger.smx] Bot "[NAV] Bot 13<204><BOT><>" got stuck [6] at <-7192.723632 -961.643432 -11813.968749> Eye Position <-7192.723632 -961.643432 -11785.968749> Eye Angles <15.611572 107.600097 0.000000> Last Known Nav Area ID <195>
L 07/04/2026 - 20:54:11: [navbot_stuck_logger.smx] Bot "[NAV] Bot 3<202><BOT><>" got stuck [7] at <-7192.723632 -960.643310 -11813.968749> Eye Position <-7192.723632 -960.643310 -11785.968749> Eye Angles <12.601318 107.638549 0.000000> Last Known Nav Area ID <195>
L 07/04/2026 - 20:54:11: [navbot_stuck_logger.smx] Bot "[NAV] Bot 13<204><BOT><>" got stuck [7] at <-7192.723632 -961.697570 -11813.968749> Eye Position <-7192.723632 -961.697570 -11785.968749> Eye Angles <12.590332 107.616577 0.000000> Last Known Nav Area ID <195>
L 07/04/2026 - 20:54:13: [navbot_stuck_logger.smx] Bot "[NAV] Bot 3<202><BOT><>" got stuck [8] at <-7192.723632 -959.932495 -11813.968749> Eye Position <-7192.723632 -959.932495 -11785.968749> Eye Angles <12.549242 119.797775 0.000000> Last Known Nav Area ID <195>
L 07/04/2026 - 20:54:13: [navbot_stuck_logger.smx] Bot "[NAV] Bot 13<204><BOT><>" got stuck [8] at <-7192.723632 -959.612060 -11813.968749> Eye Position <-7192.723632 -959.612060 -11785.968749> Eye Angles <12.549242 119.808761 0.000000> Last Known Nav Area ID <195>
L 07/04/2026 - 20:54:14: [navbot_stuck_logger.smx] Bot "[NAV] Bot 3<202><BOT><>" got stuck [9] at <-7192.723632 -960.853515 -11813.968749> Eye Position <-7192.723632 -960.853515 -11785.968749> Eye Angles <14.655761 125.425415 0.000000> Last Known Nav Area ID <195>
L 07/04/2026 - 20:54:14: [navbot_stuck_logger.smx] Bot "[NAV] Bot 13<204><BOT><>" got stuck [9] at <-7192.723632 -960.527770 -11813.968749> Eye Position <-7192.723632 -960.527770 -11785.968749> Eye Angles <14.666748 125.452880 0.000000> Last Known Nav Area ID <195>
L 07/04/2026 - 20:54:15: [navbot_stuck_logger.smx] Bot "[NAV] Bot 3<202><BOT><>" got stuck [10] at <-7192.723632 -961.243286 -11813.968749> Eye Position <-7192.723632 -961.243286 -11785.968749> Eye Angles <14.639282 125.941772 0.000000> Last Known Nav Area ID <195>
L 07/04/2026 - 20:54:15: [navbot_stuck_logger.smx] Bot "[NAV] Bot 13<204><BOT><>" got stuck [10] at <-7192.723632 -963.620300 -11813.968749> Eye Position <-7192.723632 -963.620300 -11785.968749> Eye Angles <14.589843 125.787963 0.000000> Last Known Nav Area ID <195>
L 07/04/2026 - 20:54:16: [navbot_stuck_logger.smx] Bot "[NAV] Bot 3<202><BOT><>" got stuck [11] at <-7192.723632 -960.511108 -11813.968749> Eye Position <-7192.723632 -960.511108 -11785.968749> Eye Angles <14.496459 123.090820 0.000000> Last Known Nav Area ID <195>
L 07/04/2026 - 20:54:16: [navbot_stuck_logger.smx] Bot "[NAV] Bot 13<204><BOT><>" got stuck [11] at <-7192.723632 -961.217834 -11813.968749> Eye Position <-7192.723632 -961.217834 -11785.968749> Eye Angles <14.474487 123.030395 0.000000> Last Known Nav Area ID <195>
L 07/04/2026 - 20:54:17: [navbot_stuck_logger.smx] Bot "[NAV] Bot 3<202><BOT><>" got stuck [12] at <-7192.723632 -962.189208 -11813.968749> Eye Position <-7192.723632 -962.189208 -11785.968749> Eye Angles <1.768798 120.498046 0.000000> Last Known Nav Area ID <195>
L 07/04/2026 - 20:54:17: [navbot_stuck_logger.smx] Bot "[NAV] Bot 13<204><BOT><>" got stuck [12] at <-7192.723632 -962.915527 -11813.968749> Eye Position <-7192.723632 -962.915527 -11785.968749> Eye Angles <1.763305 120.437622 0.000000> Last Known Nav Area ID <195>
L 07/04/2026 - 20:54:17: [navbot_stuck_logger.smx] Bot "[NAV] Bot 6<200><BOT><>" got stuck [1] at <-6951.939941 -1364.031249 -11615.968749> Eye Position <-6951.939941 -1364.031249 -11551.968749> Eye Angles <0.000000 76.014404 0.000000> Last Known Nav Area ID <1652>
L 07/04/2026 - 20:54:18: [navbot_stuck_logger.smx] Bot "[NAV] Bot 3<202><BOT><>" got stuck [13] at <-7192.723632 -962.663696 -11813.968749> Eye Position <-7192.723632 -962.663696 -11785.968749> Eye Angles <-11.744384 117.553710 0.000000> Last Known Nav Area ID <195>
L 07/04/2026 - 20:54:18: [navbot_stuck_logger.smx] Bot "[NAV] Bot 13<204><BOT><>" got stuck [13] at <-7192.723632 -961.877075 -11813.968749> Eye Position <-7192.723632 -961.877075 -11785.968749> Eye Angles <-11.766357 117.608642 0.000000> Last Known Nav Area ID <195>
L 07/04/2026 - 20:54:18: [navbot_stuck_logger.smx] Bot "[NAV] Bot 6<200><BOT><>" got stuck [2] at <-6951.939941 -1364.011962 -11615.968749> Eye Position <-6951.939941 -1364.011962 -11587.968749> Eye Angles <0.000000 50.943603 0.000000> Last Known Nav Area ID <1652>
L 07/04/2026 - 20:54:19: [navbot_stuck_logger.smx] Bot "[NAV] Bot 3<202><BOT><>" got stuck [14] at <-7192.723632 -960.711791 -11813.968749> Eye Position <-7192.723632 -960.711791 -11785.968749> Eye Angles <3.966064 113.285522 0.000000> Last Known Nav Area ID <195>
L 07/04/2026 - 20:54:19: [navbot_stuck_logger.smx] Bot "[NAV] Bot 13<204><BOT><>" got stuck [14] at <-7192.723632 -961.657470 -11813.968749> Eye Position <-7192.723632 -961.657470 -11785.968749> Eye Angles <3.955078 113.241577 0.000000> Last Known Nav Area ID <195>
L 07/04/2026 - 20:54:20: [navbot_stuck_logger.smx] Bot "[NAV] Bot 3<202><BOT><>" got stuck [15] at <-7192.723632 -962.444152 -11813.968749> Eye Position <-7192.723632 -962.444152 -11785.968749> Eye Angles <1.290893 119.377441 0.000000> Last Known Nav Area ID <195>
L 07/04/2026 - 20:54:20: [navbot_stuck_logger.smx] Bot "[NAV] Bot 13<204><BOT><>" got stuck [15] at <-7192.723632 -961.558471 -11813.968749> Eye Position <-7192.723632 -961.558471 -11785.968749> Eye Angles <1.290893 119.448852 0.000000> Last Known Nav Area ID <195>
L 07/04/2026 - 20:54:21: [navbot_stuck_logger.smx] Bot "[NAV] Bot 3<202><BOT><>" got stuck [16] at <-7192.723632 -962.207946 -11813.968749> Eye Position <-7192.723632 -962.207946 -11785.968749> Eye Angles <12.285571 120.445755 0.000000> Last Known Nav Area ID <195>
L 07/04/2026 - 20:54:21: [navbot_stuck_logger.smx] Bot "[NAV] Bot 13<204><BOT><>" got stuck [16] at <-7192.723632 -960.675231 -11813.968749> Eye Position <-7192.723632 -960.675231 -11785.968749> Eye Angles <12.329516 120.599563 0.000000> Last Known Nav Area ID <195>
L 07/04/2026 - 20:54:21: [navbot_stuck_logger.smx] Bot "[NAV] Bot 3<202><BOT><>" got stuck [1] at <-7192.723632 -964.282653 -11813.968749> Eye Position <-7192.723632 -964.282653 -11785.968749> Eye Angles <12.980346 103.452758 0.000000> Last Known Nav Area ID <195>
L 07/04/2026 - 20:54:21: [navbot_stuck_logger.smx] Bot "[NAV] Bot 13<204><BOT><>" got stuck [1] at <-7192.723632 -962.728942 -11813.968749> Eye Position <-7192.723632 -962.728942 -11785.968749> Eye Angles <13.013305 103.485717 0.000000> Last Known Nav Area ID <195>
L 07/04/2026 - 20:54:22: [navbot_stuck_logger.smx] Bot "[NAV] Bot 3<202><BOT><>" got stuck [2] at <-7192.723632 -960.933715 -11813.968749> Eye Position <-7192.723632 -960.933715 -11785.968749> Eye Angles <13.293457 130.561523 0.000000> Last Known Nav Area ID <195>
L 07/04/2026 - 20:54:22: [navbot_stuck_logger.smx] Bot "[NAV] Bot 13<204><BOT><>" got stuck [2] at <-7192.723632 -961.274963 -11813.968749> Eye Position <-7192.723632 -961.274963 -11785.968749> Eye Angles <13.282470 130.528564 0.000000> Last Known Nav Area ID <195>
L 07/04/2026 - 20:54:23: [navbot_stuck_logger.smx] Bot "[NAV] Bot 3<202><BOT><>" got stuck [3] at <-7192.723632 -960.744812 -11813.968749> Eye Position <-7192.723632 -960.744812 -11785.968749> Eye Angles <12.579345 116.911010 0.000000> Last Known Nav Area ID <195>
L 07/04/2026 - 20:54:23: [navbot_stuck_logger.smx] Bot "[NAV] Bot 13<204><BOT><>" got stuck [3] at <-7192.723632 -961.096191 -11813.968749> Eye Position <-7192.723632 -961.096191 -11785.968749> Eye Angles <12.568359 116.889038 0.000000> Last Known Nav Area ID <195>
L 07/04/2026 - 20:54:24: [navbot_stuck_logger.smx] Bot "[NAV] Bot 3<202><BOT><>" got stuck [4] at <-7192.723632 -961.350830 -11813.968749> Eye Position <-7192.723632 -961.350830 -11785.968749> Eye Angles <13.068237 127.298583 0.000000> Last Known Nav Area ID <195>
L 07/04/2026 - 20:54:24: [navbot_stuck_logger.smx] Bot "[NAV] Bot 13<204><BOT><>" got stuck [4] at <-7192.723632 -962.626281 -11813.968749> Eye Position <-7192.723632 -962.626281 -11785.968749> Eye Angles <13.040771 127.210693 0.000000> Last Known Nav Area ID <195>
L 07/04/2026 - 20:54:25: [navbot_stuck_logger.smx] Bot "[NAV] Bot 3<202><BOT><>" got stuck [5] at <-7192.723632 -958.900512 -11813.968749> Eye Position <-7192.723632 -958.900512 -11785.968749> Eye Angles <0.000000 -178.854568 0.000000> Last Known Nav Area ID <195>
L 07/04/2026 - 20:54:25: [navbot_stuck_logger.smx] Bot "[NAV] Bot 13<204><BOT><>" got stuck [5] at <-7192.723632 -959.527038 -11813.968749> Eye Position <-7192.723632 -959.527038 -11785.968749> Eye Angles <0.000000 -177.044677 0.000000> Last Known Nav Area ID <195>
L 07/04/2026 - 20:54:26: [navbot_stuck_logger.smx] Bot "[NAV] Bot 6<200><BOT><>" got stuck [1] at <-6951.939941 -1364.011962 -11615.968749> Eye Position <-6951.939941 -1364.011962 -11551.968749> Eye Angles <0.000000 76.008911 0.000000> Last Known Nav Area ID <1652>
L 07/04/2026 - 20:54:26: [navbot_stuck_logger.smx] Bot "[NAV] Bot 3<202><BOT><>" got stuck [6] at <-7192.723632 -961.222106 -11813.968749> Eye Position <-7192.723632 -961.222106 -11785.968749> Eye Angles <13.353881 129.429931 0.000000> Last Known Nav Area ID <195>
L 07/04/2026 - 20:54:26: [navbot_stuck_logger.smx] Bot "[NAV] Bot 13<204><BOT><>" got stuck [6] at <-7192.723632 -960.383178 -11813.968749> Eye Position <-7192.723632 -960.383178 -11785.968749> Eye Angles <10.656738 127.738037 0.000000> Last Known Nav Area ID <195>
L 07/04/2026 - 20:54:27: [navbot_stuck_logger.smx] Bot "[NAV] Bot 6<200><BOT><>" got stuck [2] at <-6951.939941 -1364.011962 -11615.968749> Eye Position <-6951.939941 -1364.011962 -11587.968749> Eye Angles <0.000000 50.943603 0.000000> Last Known Nav Area ID <1652>
L 07/04/2026 - 20:54:27: [navbot_stuck_logger.smx] Bot "[NAV] Bot 3<202><BOT><>" got stuck [7] at <-7192.723632 -961.669494 -11813.968749> Eye Position <-7192.723632 -961.669494 -11785.968749> Eye Angles <5.644335 153.206985 0.000000> Last Known Nav Area ID <195>
L 07/04/2026 - 20:54:27: [navbot_stuck_logger.smx] Bot "[NAV] Bot 13<204><BOT><>" got stuck [7] at <-7192.723632 -962.765686 -11813.968749> Eye Position <-7192.723632 -962.765686 -11785.968749> Eye Angles <13.287963 129.666137 0.000000> Last Known Nav Area ID <195>
L 07/04/2026 - 20:54:28: [navbot_stuck_logger.smx] Bot "[NAV] Bot 3<202><BOT><>" got stuck [8] at <-7192.723632 -962.603820 -11813.968749> Eye Position <-7192.723632 -962.603820 -11785.968749> Eye Angles <12.617797 126.573486 0.000000> Last Known Nav Area ID <195>
L 07/04/2026 - 20:54:28: [navbot_stuck_logger.smx] Bot "[NAV] Bot 13<204><BOT><>" got stuck [8] at <-7192.723632 -961.362426 -11813.968749> Eye Position <-7192.723632 -961.362426 -11785.968749> Eye Angles <12.914428 127.968749 0.000000> Last Known Nav Area ID <195>
L 07/04/2026 - 20:54:29: [navbot_stuck_logger.smx] Bot "[NAV] Bot 3<202><BOT><>" got stuck [9] at <-7192.723632 -960.740539 -11813.968749> Eye Position <-7192.723632 -960.740539 -11785.968749> Eye Angles <10.585327 128.633422 0.000000> Last Known Nav Area ID <195>
L 07/04/2026 - 20:54:29: [navbot_stuck_logger.smx] Bot "[NAV] Bot 13<204><BOT><>" got stuck [9] at <-7192.723632 -961.668029 -11813.968749> Eye Position <-7192.723632 -961.668029 -11785.968749> Eye Angles <13.233032 130.061645 0.000000> Last Known Nav Area ID <195>
L 07/04/2026 - 20:54:30: [navbot_stuck_logger.smx] Bot "[NAV] Bot 3<202><BOT><>" got stuck [10] at <-7192.723632 -963.284606 -11813.968749> Eye Position <-7192.723632 -963.284606 -11785.968749> Eye Angles <12.453002 126.782226 0.000000> Last Known Nav Area ID <195>
L 07/04/2026 - 20:54:30: [navbot_stuck_logger.smx] Bot "[NAV] Bot 13<204><BOT><>" got stuck [10] at <-7192.723632 -961.030456 -11813.968749> Eye Position <-7192.723632 -961.030456 -11785.968749> Eye Angles <12.727661 126.886596 0.000000> Last Known Nav Area ID <195>
L 07/04/2026 - 20:54:31: [navbot_stuck_logger.smx] Bot "[NAV] Bot 14<196><BOT><>" got stuck [1] at <-7422.826660 -640.848449 -11948.116210> Eye Position <-7422.826660 -640.848449 -11884.116210> Eye Angles <-14.746276 -35.065734 0.000000> Last Known Nav Area ID <1875>
L 07/04/2026 - 20:54:32: [navbot_stuck_logger.smx] Bot "[NAV] Bot 3<202><BOT><>" got stuck [11] at <-7192.723632 -961.539367 -11813.968749> Eye Position <-7192.723632 -961.539367 -11785.968749> Eye Angles <17.369384 126.721801 0.000000> Last Known Nav Area ID <195>
L 07/04/2026 - 20:54:32: [navbot_stuck_logger.smx] Bot "[NAV] Bot 13<204><BOT><>" got stuck [11] at <-7192.723632 -960.661682 -11813.968749> Eye Position <-7192.723632 -960.661682 -11785.968749> Eye Angles <19.253540 125.837402 0.000000> Last Known Nav Area ID <195>
L 07/04/2026 - 20:54:32: [navbot_stuck_logger.smx] Bot "[NAV] Bot 14<196><BOT><>" got stuck [2] at <-7366.783691 -688.266296 -11951.124999> Eye Position <-7366.783691 -688.266296 -11923.124999> Eye Angles <1.362304 109.275512 0.000000> Last Known Nav Area ID <1715>
L 07/04/2026 - 20:54:33: [navbot_stuck_logger.smx] Bot "[NAV] Bot 3<202><BOT><>" got stuck [12] at <-7192.723632 -964.042114 -11813.968749> Eye Position <-7192.723632 -964.042114 -11785.968749> Eye Angles <9.964599 127.117309 0.000000> Last Known Nav Area ID <195>
L 07/04/2026 - 20:54:33: [navbot_stuck_logger.smx] Bot "[NAV] Bot 13<204><BOT><>" got stuck [12] at <-7192.723632 -960.914794 -11813.968749> Eye Position <-7192.723632 -960.914794 -11785.968749> Eye Angles <15.963134 127.776489 0.000000> Last Known Nav Area ID <195>
L 07/04/2026 - 20:54:33: [navbot_stuck_logger.smx] Bot "[NAV] Bot 17<198><BOT><>" got stuck [1] at <-6954.031249 -1360.031249 -11615.968749> Eye Position <-6954.031249 -1360.031249 -11551.968749> Eye Angles <0.000000 73.443603 0.000000> Last Known Nav Area ID <1652>
L 07/04/2026 - 20:54:34: [navbot_stuck_logger.smx] Bot "[NAV] Bot 3<202><BOT><>" got stuck [13] at <-7192.723632 -962.242187 -11813.968749> Eye Position <-7192.723632 -962.242187 -11785.968749> Eye Angles <15.007324 127.139282 0.000000> Last Known Nav Area ID <195>
L 07/04/2026 - 20:54:34: [navbot_stuck_logger.smx] Bot "[NAV] Bot 13<204><BOT><>" got stuck [13] at <-7192.723632 -962.851989 -11813.968749> Eye Position <-7192.723632 -962.851989 -11785.968749> Eye Angles <14.990844 127.084350 0.000000> Last Known Nav Area ID <195>
L 07/04/2026 - 20:54:34: [navbot_stuck_logger.smx] Bot "[NAV] Bot 17<198><BOT><>" got stuck [2] at <-6954.021484 -1360.015136 -11615.968749> Eye Position <-6954.021484 -1360.015136 -11587.968749> Eye Angles <0.000000 48.004760 0.000000> Last Known Nav Area ID <1652>
L 07/04/2026 - 20:54:35: [navbot_stuck_logger.smx] Bot "[NAV] Bot 3<202><BOT><>" got stuck [14] at <-7192.723632 -961.074462 -11813.968749> Eye Position <-7192.723632 -961.074462 -11785.968749> Eye Angles <10.096435 126.095581 0.000000> Last Known Nav Area ID <195>
L 07/04/2026 - 20:54:35: [navbot_stuck_logger.smx] Bot "[NAV] Bot 13<204><BOT><>" got stuck [14] at <-7192.723632 -961.832397 -11813.968749> Eye Position <-7192.723632 -961.832397 -11785.968749> Eye Angles <12.694702 126.650390 0.000000> Last Known Nav Area ID <195>
L 07/04/2026 - 20:54:35: [navbot_stuck_logger.smx] Bot "[NAV] Bot 6<200><BOT><>" got stuck [1] at <-6953.761718 -1364.011962 -11615.968749> Eye Position <-6953.761718 -1364.011962 -11551.968749> Eye Angles <18.792114 178.961791 0.000000> Last Known Nav Area ID <1652>
L 07/04/2026 - 20:54:36: [navbot_stuck_logger.smx] Bot "[NAV] Bot 3<202><BOT><>" got stuck [15] at <-7192.723632 -963.098754 -11813.968749> Eye Position <-7192.723632 -963.098754 -11785.968749> Eye Angles <2.499389 120.470581 0.000000> Last Known Nav Area ID <195>
L 07/04/2026 - 20:54:36: [navbot_stuck_logger.smx] Bot "[NAV] Bot 13<204><BOT><>" got stuck [15] at <-7192.723632 -963.847900 -11813.968749> Eye Position <-7192.723632 -963.847900 -11785.968749> Eye Angles <2.493896 120.404663 0.000000> Last Known Nav Area ID <195>
L 07/04/2026 - 20:54:36: [navbot_stuck_logger.smx] Bot "[NAV] Bot 6<200><BOT><>" got stuck [2] at <-6951.939941 -1364.011962 -11615.968749> Eye Position <-6951.939941 -1364.011962 -11587.968749> Eye Angles <0.000000 143.852127 0.000000> Last Known Nav Area ID <1652>
L 07/04/2026 - 20:54:37: [navbot_stuck_logger.smx] Bot "[NAV] Bot 3<202><BOT><>" got stuck [16] at <-7192.723632 -961.188354 -11813.968749> Eye Position <-7192.723632 -961.188354 -11785.968749> Eye Angles <4.130859 109.379882 0.000000> Last Known Nav Area ID <195>
L 07/04/2026 - 20:54:37: [navbot_stuck_logger.smx] Bot "[NAV] Bot 13<204><BOT><>" got stuck [16] at <-7192.723632 -960.351013 -11813.968749> Eye Position <-7192.723632 -960.351013 -11785.968749> Eye Angles <4.147338 109.445800 0.000000> Last Known Nav Area ID <195>
L 07/04/2026 - 20:54:37: [navbot_stuck_logger.smx] Bot "[NAV] Bot 3<202><BOT><>" got stuck [1] at <-7192.723632 -960.182006 -11813.968749> Eye Position <-7192.723632 -960.182006 -11785.968749> Eye Angles <4.141845 109.440307 0.000000> Last Known Nav Area ID <195>
L 07/04/2026 - 20:54:37: [navbot_stuck_logger.smx] Bot "[NAV] Bot 13<204><BOT><>" got stuck [1] at <-7192.723632 -961.585083 -11813.968749> Eye Position <-7192.723632 -961.585083 -11785.968749> Eye Angles <4.130859 109.379882 0.000000> Last Known Nav Area ID <195>
L 07/04/2026 - 20:54:38: [navbot_stuck_logger.smx] Bot "[NAV] Bot 3<202><BOT><>" got stuck [2] at <-7192.723632 -961.847717 -11813.968749> Eye Position <-7192.723632 -961.847717 -11785.968749> Eye Angles <8.014526 124.373580 0.000000> Last Known Nav Area ID <195>
L 07/04/2026 - 20:54:38: [navbot_stuck_logger.smx] Bot "[NAV] Bot 13<204><BOT><>" got stuck [2] at <-7192.723632 -961.663452 -11813.968749> Eye Position <-7192.723632 -961.663452 -11785.968749> Eye Angles <8.020019 124.395553 0.000000> Last Known Nav Area ID <195>
L 07/04/2026 - 20:54:39: [navbot_stuck_logger.smx] Bot "[NAV] Bot 3<202><BOT><>" got stuck [3] at <-7192.723632 -960.210144 -11813.968749> Eye Position <-7192.723632 -960.210144 -11785.968749> Eye Angles <-1.999511 161.927490 0.000000> Last Known Nav Area ID <195>
L 07/04/2026 - 20:54:39: [navbot_stuck_logger.smx] Bot "[NAV] Bot 13<204><BOT><>" got stuck [3] at <-7192.723632 -960.006591 -11813.968749> Eye Position <-7192.723632 -960.006591 -11785.968749> Eye Angles <-1.999511 162.020874 0.000000> Last Known Nav Area ID <195>
L 07/04/2026 - 20:54:40: [navbot_stuck_logger.smx] Bot "[NAV] Bot 3<202><BOT><>" got stuck [4] at <-7192.723632 -959.383239 -11813.968749> Eye Position <-7192.723632 -959.383239 -11785.968749> Eye Angles <-7.108154 176.297607 0.000000> Last Known Nav Area ID <195>
L 07/04/2026 - 20:54:40: [navbot_stuck_logger.smx] Bot "[NAV] Bot 13<204><BOT><>" got stuck [4] at <-7192.723632 -959.140258 -11813.968749> Eye Position <-7192.723632 -959.140258 -11785.968749> Eye Angles <-7.108154 176.726074 0.000000> Last Known Nav Area ID <195>
L 07/04/2026 - 20:54:42: [navbot_stuck_logger.smx] Bot "[NAV] Bot 17<198><BOT><>" got stuck [1] at <-6954.023925 -1360.015136 -11615.968749> Eye Position <-6954.023925 -1360.015136 -11551.968749> Eye Angles <0.000000 73.449096 0.000000> Last Known Nav Area ID <1652>
L 07/04/2026 - 20:54:43: [navbot_stuck_logger.smx] Bot "[NAV] Bot 17<198><BOT><>" got stuck [2] at <-6951.939941 -1364.017578 -11615.968749> Eye Position <-6951.939941 -1364.017578 -11587.968749> Eye Angles <41.072387 105.347900 0.000000> Last Known Nav Area ID <1652>
L 07/04/2026 - 20:54:43: [navbot_stuck_logger.smx] Bot "[NAV] Bot 6<200><BOT><>" got stuck [1] at <-6951.939941 -1364.011962 -11615.968749> Eye Position <-6951.939941 -1364.011962 -11551.968749> Eye Angles <43.588256 105.347900 0.000000> Last Known Nav Area ID <1652>
L 07/04/2026 - 20:54:45: [navbot_stuck_logger.smx] Bot "[NAV] Bot 6<200><BOT><>" got stuck [2] at <-6951.939941 -1364.011962 -11615.968749> Eye Position <-6951.939941 -1364.011962 -11587.968749> Eye Angles <43.747558 93.361816 0.000000> Last Known Nav Area ID <1652>
L 07/04/2026 - 20:54:51: [navbot_stuck_logger.smx] Bot "[NAV] Bot 17<198><BOT><>" got stuck [1] at <-6952.195312 -1364.017578 -11615.968749> Eye Position <-6952.195312 -1364.017578 -11551.968749> Eye Angles <42.412719 48.197021 0.000000> Last Known Nav Area ID <1652>
L 07/04/2026 - 20:54:52: [navbot_stuck_logger.smx] Bot "[NAV] Bot 6<200><BOT><>" got stuck [1] at <-6954.031249 -1360.031249 -11615.968749> Eye Position <-6954.031249 -1360.031249 -11551.968749> Eye Angles <48.663940 108.176879 0.000000> Last Known Nav Area ID <1652>
L 07/04/2026 - 20:54:52: [navbot_stuck_logger.smx] Bot "[NAV] Bot 17<198><BOT><>" got stuck [2] at <-6951.939941 -1364.017578 -11615.968749> Eye Position <-6951.939941 -1364.017578 -11587.968749> Eye Angles <45.802001 108.303222 0.000000> Last Known Nav Area ID <1652>
L 07/04/2026 - 20:54:53: [navbot_stuck_logger.smx] Bot "[NAV] Bot 6<200><BOT><>" got stuck [2] at <-6954.014160 -1360.031249 -11615.968749> Eye Position <-6954.014160 -1360.031249 -11587.968749> Eye Angles <61.078491 101.557617 0.000000> Last Known Nav Area ID <1652>
L 07/04/2026 - 20:55:00: [navbot_stuck_logger.smx] Bot "[NAV] Bot 17<198><BOT><>" got stuck [1] at <-6951.939941 -1364.017578 -11615.968749> Eye Position <-6951.939941 -1364.017578 -11551.968749> Eye Angles <14.117431 30.975952 0.000000> Last Known Nav Area ID <1652>
L 07/04/2026 - 20:55:00: [navbot_stuck_logger.smx] Bot "[NAV] Bot 6<200><BOT><>" got stuck [1] at <-6954.031249 -1360.031249 -11615.968749> Eye Position <-6954.031249 -1360.031249 -11551.968749> Eye Angles <13.672485 20.165405 0.000000> Last Known Nav Area ID <1652>
L 07/04/2026 - 20:55:01: [navbot_stuck_logger.smx] Bot "[NAV] Bot 17<198><BOT><>" got stuck [2] at <-6951.939941 -1364.017578 -11615.968749> Eye Position <-6951.939941 -1364.017578 -11587.968749> Eye Angles <-2.713623 14.139404 0.000000> Last Known Nav Area ID <1652>
L 07/04/2026 - 20:55:01: [navbot_stuck_logger.smx] Bot "[NAV] Bot 6<200><BOT><>" got stuck [2] at <-6954.031249 -1360.031249 -11615.968749> Eye Position <-6954.031249 -1360.031249 -11587.968749> Eye Angles <-2.900390 11.694946 0.000000> Last Known Nav Area ID <1652>
